This is pdfTeX, Version 3.141592653-2.6-1.40.29 (TeX Live 2026) (preloaded format=pdflatex 2026.4.14)  23 APR 2026 15:41
entering extended mode
 restricted \write18 enabled.
 file:line:error style messages enabled.
 %&-line parsing enabled.
**/Users/zasmina/Study/6-semester/latex/cursach.tex
(/Users/zasmina/Study/6-semester/latex/cursach.tex
LaTeX2e <2025-11-01>
L3 programming layer <2026-01-19>
(/usr/local/texlive/2026/texmf-dist/tex/latex/extsizes/extarticle.cls
Document Class: extarticle 1996/10/08 v1.0 Non Standard LaTeX document class
(/usr/local/texlive/2026/texmf-dist/tex/latex/extsizes/size14.clo
File: size14.clo 1999/11/11 v1.4a NON-Standard LaTeX file (size option)
) (/usr/local/texlive/2026/texmf-dist/tex/latex/base/exscale.sty
Package: exscale 2025/06/05 v2.1i Standard LaTeX package exscale
LaTeX Font Info:    Redeclaring symbol font `largesymbols' on input line 57.
LaTeX Font Info:    Overwriting symbol font `largesymbols' in version `normal'
(Font)                  OMX/cmex/m/n --> OMX/cmex/m/n on input line 57.
LaTeX Font Info:    Overwriting symbol font `largesymbols' in version `bold'
(Font)                  OMX/cmex/m/n --> OMX/cmex/m/n on input line 57.
\big@size=\dimen148
)
\c@part=\count275
\c@section=\count276
\c@subsection=\count277
\c@subsubsection=\count278
\c@paragraph=\count279
\c@subparagraph=\count280
\c@figure=\count281
\c@table=\count282
\abovecaptionskip=\skip49
\belowcaptionskip=\skip50
\bibindent=\dimen149
) (/usr/local/texlive/2026/texmf-dist/tex/latex/geometry/geometry.sty
Package: geometry 2026/03/07 v6.0 Page Geometry
 (/usr/local/texlive/2026/texmf-dist/tex/latex/graphics/keyval.sty
Package: keyval 2022/05/29 v1.15 key=value parser (DPC)
\KV@toks@=\toks17
) (/usr/local/texlive/2026/texmf-dist/tex/generic/iftex/ifvtex.sty
Package: ifvtex 2019/10/25 v1.7 ifvtex legacy package. Use iftex instead.
 (/usr/local/texlive/2026/texmf-dist/tex/generic/iftex/iftex.sty
Package: iftex 2024/12/12 v1.0g TeX engine tests
))
\Gm@cnth=\count283
\Gm@cntv=\count284
\c@Gm@tempcnt=\count285
\Gm@bindingoffset=\dimen150
\Gm@wd@mp=\dimen151
\Gm@odd@mp=\dimen152
\Gm@even@mp=\dimen153
\Gm@layoutwidth=\dimen154
\Gm@layoutheight=\dimen155
\Gm@layouthoffset=\dimen156
\Gm@layoutvoffset=\dimen157
\Gm@dimlist=\toks18
) (/usr/local/texlive/2026/texmf-dist/tex/latex/base/fontenc.sty
Package: fontenc 2025/07/18 v2.1d Standard LaTeX package
 (/usr/local/texlive/2026/texmf-dist/tex/latex/cyrillic/t2aenc.def
File: t2aenc.def 2023/11/07 v1.0k Cyrillic encoding definition file
Now handling font encoding T2A ...
... processing UTF-8 mapping file for font encoding T2A
 (/usr/local/texlive/2026/texmf-dist/tex/latex/base/t2aenc.dfu
File: t2aenc.dfu 2022/06/07 v1.3c UTF-8 support
   defining Unicode char U+00A4 (decimal 164)
   defining Unicode char U+00A7 (decimal 167)
   defining Unicode char U+00AB (decimal 171)
   defining Unicode char U+00BB (decimal 187)
   defining Unicode char U+0131 (decimal 305)
   defining Unicode char U+0237 (decimal 567)
   defining Unicode char U+0400 (decimal 1024)
   defining Unicode char U+0401 (decimal 1025)
   defining Unicode char U+0402 (decimal 1026)
   defining Unicode char U+0403 (decimal 1027)
   defining Unicode char U+0404 (decimal 1028)
   defining Unicode char U+0405 (decimal 1029)
   defining Unicode char U+0406 (decimal 1030)
   defining Unicode char U+0407 (decimal 1031)
   defining Unicode char U+0408 (decimal 1032)
   defining Unicode char U+0409 (decimal 1033)
   defining Unicode char U+040A (decimal 1034)
   defining Unicode char U+040B (decimal 1035)
   defining Unicode char U+040C (decimal 1036)
   defining Unicode char U+040D (decimal 1037)
   defining Unicode char U+040E (decimal 1038)
   defining Unicode char U+040F (decimal 1039)
   defining Unicode char U+0410 (decimal 1040)
   defining Unicode char U+0411 (decimal 1041)
   defining Unicode char U+0412 (decimal 1042)
   defining Unicode char U+0413 (decimal 1043)
   defining Unicode char U+0414 (decimal 1044)
   defining Unicode char U+0415 (decimal 1045)
   defining Unicode char U+0416 (decimal 1046)
   defining Unicode char U+0417 (decimal 1047)
   defining Unicode char U+0418 (decimal 1048)
   defining Unicode char U+0419 (decimal 1049)
   defining Unicode char U+041A (decimal 1050)
   defining Unicode char U+041B (decimal 1051)
   defining Unicode char U+041C (decimal 1052)
   defining Unicode char U+041D (decimal 1053)
   defining Unicode char U+041E (decimal 1054)
   defining Unicode char U+041F (decimal 1055)
   defining Unicode char U+0420 (decimal 1056)
   defining Unicode char U+0421 (decimal 1057)
   defining Unicode char U+0422 (decimal 1058)
   defining Unicode char U+0423 (decimal 1059)
   defining Unicode char U+0424 (decimal 1060)
   defining Unicode char U+0425 (decimal 1061)
   defining Unicode char U+0426 (decimal 1062)
   defining Unicode char U+0427 (decimal 1063)
   defining Unicode char U+0428 (decimal 1064)
   defining Unicode char U+0429 (decimal 1065)
   defining Unicode char U+042A (decimal 1066)
   defining Unicode char U+042B (decimal 1067)
   defining Unicode char U+042C (decimal 1068)
   defining Unicode char U+042D (decimal 1069)
   defining Unicode char U+042E (decimal 1070)
   defining Unicode char U+042F (decimal 1071)
   defining Unicode char U+0430 (decimal 1072)
   defining Unicode char U+0431 (decimal 1073)
   defining Unicode char U+0432 (decimal 1074)
   defining Unicode char U+0433 (decimal 1075)
   defining Unicode char U+0434 (decimal 1076)
   defining Unicode char U+0435 (decimal 1077)
   defining Unicode char U+0436 (decimal 1078)
   defining Unicode char U+0437 (decimal 1079)
   defining Unicode char U+0438 (decimal 1080)
   defining Unicode char U+0439 (decimal 1081)
   defining Unicode char U+043A (decimal 1082)
   defining Unicode char U+043B (decimal 1083)
   defining Unicode char U+043C (decimal 1084)
   defining Unicode char U+043D (decimal 1085)
   defining Unicode char U+043E (decimal 1086)
   defining Unicode char U+043F (decimal 1087)
   defining Unicode char U+0440 (decimal 1088)
   defining Unicode char U+0441 (decimal 1089)
   defining Unicode char U+0442 (decimal 1090)
   defining Unicode char U+0443 (decimal 1091)
   defining Unicode char U+0444 (decimal 1092)
   defining Unicode char U+0445 (decimal 1093)
   defining Unicode char U+0446 (decimal 1094)
   defining Unicode char U+0447 (decimal 1095)
   defining Unicode char U+0448 (decimal 1096)
   defining Unicode char U+0449 (decimal 1097)
   defining Unicode char U+044A (decimal 1098)
   defining Unicode char U+044B (decimal 1099)
   defining Unicode char U+044C (decimal 1100)
   defining Unicode char U+044D (decimal 1101)
   defining Unicode char U+044E (decimal 1102)
   defining Unicode char U+044F (decimal 1103)
   defining Unicode char U+0450 (decimal 1104)
   defining Unicode char U+0451 (decimal 1105)
   defining Unicode char U+0452 (decimal 1106)
   defining Unicode char U+0453 (decimal 1107)
   defining Unicode char U+0454 (decimal 1108)
   defining Unicode char U+0455 (decimal 1109)
   defining Unicode char U+0456 (decimal 1110)
   defining Unicode char U+0457 (decimal 1111)
   defining Unicode char U+0458 (decimal 1112)
   defining Unicode char U+0459 (decimal 1113)
   defining Unicode char U+045A (decimal 1114)
   defining Unicode char U+045B (decimal 1115)
   defining Unicode char U+045C (decimal 1116)
   defining Unicode char U+045D (decimal 1117)
   defining Unicode char U+045E (decimal 1118)
   defining Unicode char U+045F (decimal 1119)
   defining Unicode char U+0490 (decimal 1168)
   defining Unicode char U+0491 (decimal 1169)
   defining Unicode char U+0492 (decimal 1170)
   defining Unicode char U+0493 (decimal 1171)
   defining Unicode char U+0496 (decimal 1174)
   defining Unicode char U+0497 (decimal 1175)
   defining Unicode char U+0498 (decimal 1176)
   defining Unicode char U+0499 (decimal 1177)
   defining Unicode char U+049A (decimal 1178)
   defining Unicode char U+049B (decimal 1179)
   defining Unicode char U+049C (decimal 1180)
   defining Unicode char U+049D (decimal 1181)
   defining Unicode char U+04A0 (decimal 1184)
   defining Unicode char U+04A1 (decimal 1185)
   defining Unicode char U+04A2 (decimal 1186)
   defining Unicode char U+04A3 (decimal 1187)
   defining Unicode char U+04A4 (decimal 1188)
   defining Unicode char U+04A5 (decimal 1189)
   defining Unicode char U+04AA (decimal 1194)
   defining Unicode char U+04AB (decimal 1195)
   defining Unicode char U+04AE (decimal 1198)
   defining Unicode char U+04AF (decimal 1199)
   defining Unicode char U+04B0 (decimal 1200)
   defining Unicode char U+04B1 (decimal 1201)
   defining Unicode char U+04B2 (decimal 1202)
   defining Unicode char U+04B3 (decimal 1203)
   defining Unicode char U+04B6 (decimal 1206)
   defining Unicode char U+04B7 (decimal 1207)
   defining Unicode char U+04B8 (decimal 1208)
   defining Unicode char U+04B9 (decimal 1209)
   defining Unicode char U+04BA (decimal 1210)
   defining Unicode char U+04BB (decimal 1211)
   defining Unicode char U+04C0 (decimal 1216)
   defining Unicode char U+04C1 (decimal 1217)
   defining Unicode char U+04C2 (decimal 1218)
   defining Unicode char U+04D0 (decimal 1232)
   defining Unicode char U+04D1 (decimal 1233)
   defining Unicode char U+04D2 (decimal 1234)
   defining Unicode char U+04D3 (decimal 1235)
   defining Unicode char U+04D4 (decimal 1236)
   defining Unicode char U+04D5 (decimal 1237)
   defining Unicode char U+04D6 (decimal 1238)
   defining Unicode char U+04D7 (decimal 1239)
   defining Unicode char U+04D8 (decimal 1240)
   defining Unicode char U+04D9 (decimal 1241)
   defining Unicode char U+04DA (decimal 1242)
   defining Unicode char U+04DB (decimal 1243)
   defining Unicode char U+04DC (decimal 1244)
   defining Unicode char U+04DD (decimal 1245)
   defining Unicode char U+04DE (decimal 1246)
   defining Unicode char U+04DF (decimal 1247)
   defining Unicode char U+04E2 (decimal 1250)
   defining Unicode char U+04E3 (decimal 1251)
   defining Unicode char U+04E4 (decimal 1252)
   defining Unicode char U+04E5 (decimal 1253)
   defining Unicode char U+04E6 (decimal 1254)
   defining Unicode char U+04E7 (decimal 1255)
   defining Unicode char U+04E8 (decimal 1256)
   defining Unicode char U+04E9 (decimal 1257)
   defining Unicode char U+04EC (decimal 1260)
   defining Unicode char U+04ED (decimal 1261)
   defining Unicode char U+04EE (decimal 1262)
   defining Unicode char U+04EF (decimal 1263)
   defining Unicode char U+04F0 (decimal 1264)
   defining Unicode char U+04F1 (decimal 1265)
   defining Unicode char U+04F2 (decimal 1266)
   defining Unicode char U+04F3 (decimal 1267)
   defining Unicode char U+04F4 (decimal 1268)
   defining Unicode char U+04F5 (decimal 1269)
   defining Unicode char U+04F8 (decimal 1272)
   defining Unicode char U+04F9 (decimal 1273)
   defining Unicode char U+200C (decimal 8204)
   defining Unicode char U+2013 (decimal 8211)
   defining Unicode char U+2014 (decimal 8212)
   defining Unicode char U+2018 (decimal 8216)
   defining Unicode char U+2019 (decimal 8217)
   defining Unicode char U+201C (decimal 8220)
   defining Unicode char U+201D (decimal 8221)
   defining Unicode char U+201E (decimal 8222)
   defining Unicode char U+2030 (decimal 8240)
   defining Unicode char U+2031 (decimal 8241)
   defining Unicode char U+2116 (decimal 8470)
   defining Unicode char U+2329 (decimal 9001)
   defining Unicode char U+3008 (decimal 12296)
   defining Unicode char U+232A (decimal 9002)
   defining Unicode char U+3009 (decimal 12297)
   defining Unicode char U+2423 (decimal 9251)
   defining Unicode char U+27E8 (decimal 10216)
   defining Unicode char U+27E9 (decimal 10217)
   defining Unicode char U+FB00 (decimal 64256)
   defining Unicode char U+FB01 (decimal 64257)
   defining Unicode char U+FB02 (decimal 64258)
   defining Unicode char U+FB03 (decimal 64259)
   defining Unicode char U+FB04 (decimal 64260)
   defining Unicode char U+FB05 (decimal 64261)
   defining Unicode char U+FB06 (decimal 64262)
))
LaTeX Font Info:    Trying to load font information for T2A+cmr on input line 116.
 (/usr/local/texlive/2026/texmf-dist/tex/latex/cyrillic/t2acmr.fd
File: t2acmr.fd 2001/08/11 v1.0a Computer Modern Cyrillic font definitions
)) (/usr/local/texlive/2026/texmf-dist/tex/latex/base/inputenc.sty
Package: inputenc 2024/02/08 v1.3d Input encoding file
\inpenc@prehook=\toks19
\inpenc@posthook=\toks20
) (/usr/local/texlive/2026/texmf-dist/tex/generic/babel/babel.sty
Package: babel 2026/03/08 v26.4 The multilingual framework for LuaLaTeX, pdfLaTeX and XeLaTeX
\babel@savecnt=\count286
LaTeX Encoding Info:    Redeclaring text command \ij (encoding OT1) on input line 2078.
LaTeX Encoding Info:    Redeclaring text command \IJ (encoding OT1) on input line 2080.
LaTeX Encoding Info:    Redeclaring text command \ij (encoding T1) on input line 2082.
LaTeX Encoding Info:    Redeclaring text command \IJ (encoding T1) on input line 2083.
LaTeX Encoding Info:    Ignoring declaration for text command \ij (encoding ?) on input line 2084.
LaTeX Encoding Info:    Ignoring declaration for text command \IJ (encoding ?) on input line 2086.
LaTeX Encoding Info:    Ignoring declaration for text command \SS (encoding ?) on input line 2111.
\U@D=\dimen158
\l@unhyphenated=\language91
 (/usr/local/texlive/2026/texmf-dist/tex/generic/babel/txtbabel.def)
\bbl@readstream=\read2
\bbl@dirlevel=\count287
 (/usr/local/texlive/2026/texmf-dist/tex/generic/babel/locale/ru/babel-russian.tex)
Package babel Info: Importing font and identification data for russian
(babel)             from babel-ru.ini. Reported on input line 4330.
 (/usr/local/texlive/2026/texmf-dist/tex/generic/babel-russian/russianb.ldf
File: russianb.ldf 2021/01/10 1.3m Russian support for the Babel system
Language: russian 2020/09/09 1.3k Russian support for the Babel system
Package babel Info: Making " an active character on input line 124.
Package babel Info: Default for \cyrdash is provided on input line 163.
)) (/usr/local/texlive/2026/texmf-dist/tex/latex/tempora/tempora.sty
Package: tempora 2016/02/02 (msharpe) Style file for Tempora.
 (/usr/local/texlive/2026/texmf-dist/tex/latex/base/fontenc.sty
Package: fontenc 2025/07/18 v2.1d Standard LaTeX package
 (/usr/local/texlive/2026/texmf-dist/tex/latex/cyrillic/ot2enc.def
File: ot2enc.def 2022/06/11 v3.3b Cyrillic encoding definition file
Now handling font encoding OT2 ...
... processing UTF-8 mapping file for font encoding OT2
 (/usr/local/texlive/2026/texmf-dist/tex/latex/base/ot2enc.dfu
File: ot2enc.dfu 2022/06/07 v1.3c UTF-8 support
   defining Unicode char U+00AB (decimal 171)
   defining Unicode char U+00BB (decimal 187)
   defining Unicode char U+0131 (decimal 305)
   defining Unicode char U+0237 (decimal 567)
   defining Unicode char U+0400 (decimal 1024)
   defining Unicode char U+0401 (decimal 1025)
   defining Unicode char U+0402 (decimal 1026)
   defining Unicode char U+0403 (decimal 1027)
   defining Unicode char U+0404 (decimal 1028)
   defining Unicode char U+0405 (decimal 1029)
   defining Unicode char U+0406 (decimal 1030)
   defining Unicode char U+0408 (decimal 1032)
   defining Unicode char U+0409 (decimal 1033)
   defining Unicode char U+040A (decimal 1034)
   defining Unicode char U+040B (decimal 1035)
   defining Unicode char U+040C (decimal 1036)
   defining Unicode char U+040D (decimal 1037)
   defining Unicode char U+040F (decimal 1039)
   defining Unicode char U+0410 (decimal 1040)
   defining Unicode char U+0411 (decimal 1041)
   defining Unicode char U+0412 (decimal 1042)
   defining Unicode char U+0413 (decimal 1043)
   defining Unicode char U+0414 (decimal 1044)
   defining Unicode char U+0415 (decimal 1045)
   defining Unicode char U+0416 (decimal 1046)
   defining Unicode char U+0417 (decimal 1047)
   defining Unicode char U+0418 (decimal 1048)
   defining Unicode char U+0419 (decimal 1049)
   defining Unicode char U+041A (decimal 1050)
   defining Unicode char U+041B (decimal 1051)
   defining Unicode char U+041C (decimal 1052)
   defining Unicode char U+041D (decimal 1053)
   defining Unicode char U+041E (decimal 1054)
   defining Unicode char U+041F (decimal 1055)
   defining Unicode char U+0420 (decimal 1056)
   defining Unicode char U+0421 (decimal 1057)
   defining Unicode char U+0422 (decimal 1058)
   defining Unicode char U+0423 (decimal 1059)
   defining Unicode char U+0424 (decimal 1060)
   defining Unicode char U+0425 (decimal 1061)
   defining Unicode char U+0426 (decimal 1062)
   defining Unicode char U+0427 (decimal 1063)
   defining Unicode char U+0428 (decimal 1064)
   defining Unicode char U+0429 (decimal 1065)
   defining Unicode char U+042A (decimal 1066)
   defining Unicode char U+042B (decimal 1067)
   defining Unicode char U+042C (decimal 1068)
   defining Unicode char U+042D (decimal 1069)
   defining Unicode char U+042E (decimal 1070)
   defining Unicode char U+042F (decimal 1071)
   defining Unicode char U+0430 (decimal 1072)
   defining Unicode char U+0431 (decimal 1073)
   defining Unicode char U+0432 (decimal 1074)
   defining Unicode char U+0433 (decimal 1075)
   defining Unicode char U+0434 (decimal 1076)
   defining Unicode char U+0435 (decimal 1077)
   defining Unicode char U+0436 (decimal 1078)
   defining Unicode char U+0437 (decimal 1079)
   defining Unicode char U+0438 (decimal 1080)
   defining Unicode char U+0439 (decimal 1081)
   defining Unicode char U+043A (decimal 1082)
   defining Unicode char U+043B (decimal 1083)
   defining Unicode char U+043C (decimal 1084)
   defining Unicode char U+043D (decimal 1085)
   defining Unicode char U+043E (decimal 1086)
   defining Unicode char U+043F (decimal 1087)
   defining Unicode char U+0440 (decimal 1088)
   defining Unicode char U+0441 (decimal 1089)
   defining Unicode char U+0442 (decimal 1090)
   defining Unicode char U+0443 (decimal 1091)
   defining Unicode char U+0444 (decimal 1092)
   defining Unicode char U+0445 (decimal 1093)
   defining Unicode char U+0446 (decimal 1094)
   defining Unicode char U+0447 (decimal 1095)
   defining Unicode char U+0448 (decimal 1096)
   defining Unicode char U+0449 (decimal 1097)
   defining Unicode char U+044A (decimal 1098)
   defining Unicode char U+044B (decimal 1099)
   defining Unicode char U+044C (decimal 1100)
   defining Unicode char U+044D (decimal 1101)
   defining Unicode char U+044E (decimal 1102)
   defining Unicode char U+044F (decimal 1103)
   defining Unicode char U+0450 (decimal 1104)
   defining Unicode char U+0451 (decimal 1105)
   defining Unicode char U+0452 (decimal 1106)
   defining Unicode char U+0453 (decimal 1107)
   defining Unicode char U+0454 (decimal 1108)
   defining Unicode char U+0455 (decimal 1109)
   defining Unicode char U+0456 (decimal 1110)
   defining Unicode char U+0458 (decimal 1112)
   defining Unicode char U+0459 (decimal 1113)
   defining Unicode char U+045A (decimal 1114)
   defining Unicode char U+045B (decimal 1115)
   defining Unicode char U+045C (decimal 1116)
   defining Unicode char U+045D (decimal 1117)
   defining Unicode char U+045F (decimal 1119)
   defining Unicode char U+0462 (decimal 1122)
   defining Unicode char U+0463 (decimal 1123)
   defining Unicode char U+0472 (decimal 1138)
   defining Unicode char U+0473 (decimal 1139)
   defining Unicode char U+0474 (decimal 1140)
   defining Unicode char U+0475 (decimal 1141)
   defining Unicode char U+04C1 (decimal 1217)
   defining Unicode char U+04C2 (decimal 1218)
   defining Unicode char U+04D0 (decimal 1232)
   defining Unicode char U+04D1 (decimal 1233)
   defining Unicode char U+04D2 (decimal 1234)
   defining Unicode char U+04D3 (decimal 1235)
   defining Unicode char U+04D6 (decimal 1238)
   defining Unicode char U+04D7 (decimal 1239)
   defining Unicode char U+04DC (decimal 1244)
   defining Unicode char U+04DD (decimal 1245)
   defining Unicode char U+04DE (decimal 1246)
   defining Unicode char U+04DF (decimal 1247)
   defining Unicode char U+04E2 (decimal 1250)
   defining Unicode char U+04E3 (decimal 1251)
   defining Unicode char U+04E4 (decimal 1252)
   defining Unicode char U+04E5 (decimal 1253)
   defining Unicode char U+04E6 (decimal 1254)
   defining Unicode char U+04E7 (decimal 1255)
   defining Unicode char U+04EC (decimal 1260)
   defining Unicode char U+04ED (decimal 1261)
   defining Unicode char U+04EE (decimal 1262)
   defining Unicode char U+04EF (decimal 1263)
   defining Unicode char U+04F0 (decimal 1264)
   defining Unicode char U+04F1 (decimal 1265)
   defining Unicode char U+04F2 (decimal 1266)
   defining Unicode char U+04F3 (decimal 1267)
   defining Unicode char U+04F4 (decimal 1268)
   defining Unicode char U+04F5 (decimal 1269)
   defining Unicode char U+04F8 (decimal 1272)
   defining Unicode char U+04F9 (decimal 1273)
   defining Unicode char U+2013 (decimal 8211)
   defining Unicode char U+2014 (decimal 8212)
   defining Unicode char U+2018 (decimal 8216)
   defining Unicode char U+2019 (decimal 8217)
   defining Unicode char U+201C (decimal 8220)
   defining Unicode char U+201D (decimal 8221)
   defining Unicode char U+2116 (decimal 8470)
)) (/usr/local/texlive/2026/texmf-dist/tex/latex/cyrillic/t2cenc.def
File: t2cenc.def 2023/11/07 v1.0k Cyrillic encoding definition file
Now handling font encoding T2C ...
... processing UTF-8 mapping file for font encoding T2C
 (/usr/local/texlive/2026/texmf-dist/tex/latex/base/t2cenc.dfu
File: t2cenc.dfu 2022/06/07 v1.3c UTF-8 support
   defining Unicode char U+00A4 (decimal 164)
   defining Unicode char U+00A7 (decimal 167)
   defining Unicode char U+00AB (decimal 171)
   defining Unicode char U+00BB (decimal 187)
   defining Unicode char U+0131 (decimal 305)
   defining Unicode char U+0237 (decimal 567)
   defining Unicode char U+0400 (decimal 1024)
   defining Unicode char U+0401 (decimal 1025)
   defining Unicode char U+0403 (decimal 1027)
   defining Unicode char U+0405 (decimal 1029)
   defining Unicode char U+0406 (decimal 1030)
   defining Unicode char U+0408 (decimal 1032)
   defining Unicode char U+040C (decimal 1036)
   defining Unicode char U+040D (decimal 1037)
   defining Unicode char U+040F (decimal 1039)
   defining Unicode char U+0410 (decimal 1040)
   defining Unicode char U+0411 (decimal 1041)
   defining Unicode char U+0412 (decimal 1042)
   defining Unicode char U+0413 (decimal 1043)
   defining Unicode char U+0414 (decimal 1044)
   defining Unicode char U+0415 (decimal 1045)
   defining Unicode char U+0416 (decimal 1046)
   defining Unicode char U+0417 (decimal 1047)
   defining Unicode char U+0418 (decimal 1048)
   defining Unicode char U+0419 (decimal 1049)
   defining Unicode char U+041A (decimal 1050)
   defining Unicode char U+041B (decimal 1051)
   defining Unicode char U+041C (decimal 1052)
   defining Unicode char U+041D (decimal 1053)
   defining Unicode char U+041E (decimal 1054)
   defining Unicode char U+041F (decimal 1055)
   defining Unicode char U+0420 (decimal 1056)
   defining Unicode char U+0421 (decimal 1057)
   defining Unicode char U+0422 (decimal 1058)
   defining Unicode char U+0423 (decimal 1059)
   defining Unicode char U+0424 (decimal 1060)
   defining Unicode char U+0425 (decimal 1061)
   defining Unicode char U+0426 (decimal 1062)
   defining Unicode char U+0427 (decimal 1063)
   defining Unicode char U+0428 (decimal 1064)
   defining Unicode char U+0429 (decimal 1065)
   defining Unicode char U+042A (decimal 1066)
   defining Unicode char U+042B (decimal 1067)
   defining Unicode char U+042C (decimal 1068)
   defining Unicode char U+042D (decimal 1069)
   defining Unicode char U+042E (decimal 1070)
   defining Unicode char U+042F (decimal 1071)
   defining Unicode char U+0430 (decimal 1072)
   defining Unicode char U+0431 (decimal 1073)
   defining Unicode char U+0432 (decimal 1074)
   defining Unicode char U+0433 (decimal 1075)
   defining Unicode char U+0434 (decimal 1076)
   defining Unicode char U+0435 (decimal 1077)
   defining Unicode char U+0436 (decimal 1078)
   defining Unicode char U+0437 (decimal 1079)
   defining Unicode char U+0438 (decimal 1080)
   defining Unicode char U+0439 (decimal 1081)
   defining Unicode char U+043A (decimal 1082)
   defining Unicode char U+043B (decimal 1083)
   defining Unicode char U+043C (decimal 1084)
   defining Unicode char U+043D (decimal 1085)
   defining Unicode char U+043E (decimal 1086)
   defining Unicode char U+043F (decimal 1087)
   defining Unicode char U+0440 (decimal 1088)
   defining Unicode char U+0441 (decimal 1089)
   defining Unicode char U+0442 (decimal 1090)
   defining Unicode char U+0443 (decimal 1091)
   defining Unicode char U+0444 (decimal 1092)
   defining Unicode char U+0445 (decimal 1093)
   defining Unicode char U+0446 (decimal 1094)
   defining Unicode char U+0447 (decimal 1095)
   defining Unicode char U+0448 (decimal 1096)
   defining Unicode char U+0449 (decimal 1097)
   defining Unicode char U+044A (decimal 1098)
   defining Unicode char U+044B (decimal 1099)
   defining Unicode char U+044C (decimal 1100)
   defining Unicode char U+044D (decimal 1101)
   defining Unicode char U+044E (decimal 1102)
   defining Unicode char U+044F (decimal 1103)
   defining Unicode char U+0450 (decimal 1104)
   defining Unicode char U+0451 (decimal 1105)
   defining Unicode char U+0453 (decimal 1107)
   defining Unicode char U+0455 (decimal 1109)
   defining Unicode char U+0456 (decimal 1110)
   defining Unicode char U+0458 (decimal 1112)
   defining Unicode char U+045C (decimal 1116)
   defining Unicode char U+045D (decimal 1117)
   defining Unicode char U+045F (decimal 1119)
   defining Unicode char U+048C (decimal 1164)
   defining Unicode char U+048D (decimal 1165)
   defining Unicode char U+048E (decimal 1166)
   defining Unicode char U+048F (decimal 1167)
   defining Unicode char U+0494 (decimal 1172)
   defining Unicode char U+0495 (decimal 1173)
   defining Unicode char U+049A (decimal 1178)
   defining Unicode char U+049B (decimal 1179)
   defining Unicode char U+049E (decimal 1182)
   defining Unicode char U+049F (decimal 1183)
   defining Unicode char U+04A2 (decimal 1186)
   defining Unicode char U+04A3 (decimal 1187)
   defining Unicode char U+04A6 (decimal 1190)
   defining Unicode char U+04A7 (decimal 1191)
   defining Unicode char U+04A8 (decimal 1192)
   defining Unicode char U+04A9 (decimal 1193)
   defining Unicode char U+04AC (decimal 1196)
   defining Unicode char U+04AD (decimal 1197)
   defining Unicode char U+04B2 (decimal 1202)
   defining Unicode char U+04B3 (decimal 1203)
   defining Unicode char U+04B4 (decimal 1204)
   defining Unicode char U+04B5 (decimal 1205)
   defining Unicode char U+04B6 (decimal 1206)
   defining Unicode char U+04B7 (decimal 1207)
   defining Unicode char U+04BA (decimal 1210)
   defining Unicode char U+04BB (decimal 1211)
   defining Unicode char U+04BC (decimal 1212)
   defining Unicode char U+04BD (decimal 1213)
   defining Unicode char U+04BE (decimal 1214)
   defining Unicode char U+04BF (decimal 1215)
   defining Unicode char U+04C0 (decimal 1216)
   defining Unicode char U+04C1 (decimal 1217)
   defining Unicode char U+04C2 (decimal 1218)
   defining Unicode char U+04C5 (decimal 1221)
   defining Unicode char U+04C6 (decimal 1222)
   defining Unicode char U+04C7 (decimal 1223)
   defining Unicode char U+04C8 (decimal 1224)
   defining Unicode char U+04CD (decimal 1229)
   defining Unicode char U+04CE (decimal 1230)
   defining Unicode char U+04D0 (decimal 1232)
   defining Unicode char U+04D1 (decimal 1233)
   defining Unicode char U+04D2 (decimal 1234)
   defining Unicode char U+04D3 (decimal 1235)
   defining Unicode char U+04D6 (decimal 1238)
   defining Unicode char U+04D7 (decimal 1239)
   defining Unicode char U+04D8 (decimal 1240)
   defining Unicode char U+04D9 (decimal 1241)
   defining Unicode char U+04DA (decimal 1242)
   defining Unicode char U+04DB (decimal 1243)
   defining Unicode char U+04DC (decimal 1244)
   defining Unicode char U+04DD (decimal 1245)
   defining Unicode char U+04DE (decimal 1246)
   defining Unicode char U+04DF (decimal 1247)
   defining Unicode char U+04E0 (decimal 1248)
   defining Unicode char U+04E1 (decimal 1249)
   defining Unicode char U+04E2 (decimal 1250)
   defining Unicode char U+04E3 (decimal 1251)
   defining Unicode char U+04E4 (decimal 1252)
   defining Unicode char U+04E5 (decimal 1253)
   defining Unicode char U+04E6 (decimal 1254)
   defining Unicode char U+04E7 (decimal 1255)
   defining Unicode char U+04E8 (decimal 1256)
   defining Unicode char U+04E9 (decimal 1257)
   defining Unicode char U+04EC (decimal 1260)
   defining Unicode char U+04ED (decimal 1261)
   defining Unicode char U+04EE (decimal 1262)
   defining Unicode char U+04EF (decimal 1263)
   defining Unicode char U+04F0 (decimal 1264)
   defining Unicode char U+04F1 (decimal 1265)
   defining Unicode char U+04F2 (decimal 1266)
   defining Unicode char U+04F3 (decimal 1267)
   defining Unicode char U+04F4 (decimal 1268)
   defining Unicode char U+04F5 (decimal 1269)
   defining Unicode char U+04F8 (decimal 1272)
   defining Unicode char U+04F9 (decimal 1273)
   defining Unicode char U+200C (decimal 8204)
   defining Unicode char U+2013 (decimal 8211)
   defining Unicode char U+2014 (decimal 8212)
   defining Unicode char U+2018 (decimal 8216)
   defining Unicode char U+2019 (decimal 8217)
   defining Unicode char U+201C (decimal 8220)
   defining Unicode char U+201D (decimal 8221)
   defining Unicode char U+201E (decimal 8222)
   defining Unicode char U+2030 (decimal 8240)
   defining Unicode char U+2031 (decimal 8241)
   defining Unicode char U+2116 (decimal 8470)
   defining Unicode char U+2329 (decimal 9001)
   defining Unicode char U+3008 (decimal 12296)
   defining Unicode char U+232A (decimal 9002)
   defining Unicode char U+3009 (decimal 12297)
   defining Unicode char U+2423 (decimal 9251)
   defining Unicode char U+27E8 (decimal 10216)
   defining Unicode char U+27E9 (decimal 10217)
   defining Unicode char U+FB00 (decimal 64256)
   defining Unicode char U+FB01 (decimal 64257)
   defining Unicode char U+FB02 (decimal 64258)
   defining Unicode char U+FB03 (decimal 64259)
   defining Unicode char U+FB04 (decimal 64260)
   defining Unicode char U+FB05 (decimal 64261)
   defining Unicode char U+FB06 (decimal 64262)
)) (/usr/local/texlive/2026/texmf-dist/tex/latex/cyrillic/t2benc.def
File: t2benc.def 2023/11/07 v1.0k Cyrillic encoding definition file
Now handling font encoding T2B ...
... processing UTF-8 mapping file for font encoding T2B
 (/usr/local/texlive/2026/texmf-dist/tex/latex/base/t2benc.dfu
File: t2benc.dfu 2022/06/07 v1.3c UTF-8 support
   defining Unicode char U+00A4 (decimal 164)
   defining Unicode char U+00A7 (decimal 167)
   defining Unicode char U+00AB (decimal 171)
   defining Unicode char U+00BB (decimal 187)
   defining Unicode char U+0131 (decimal 305)
   defining Unicode char U+0237 (decimal 567)
   defining Unicode char U+0400 (decimal 1024)
   defining Unicode char U+0401 (decimal 1025)
   defining Unicode char U+0403 (decimal 1027)
   defining Unicode char U+0405 (decimal 1029)
   defining Unicode char U+0406 (decimal 1030)
   defining Unicode char U+0408 (decimal 1032)
   defining Unicode char U+0409 (decimal 1033)
   defining Unicode char U+040A (decimal 1034)
   defining Unicode char U+040C (decimal 1036)
   defining Unicode char U+040D (decimal 1037)
   defining Unicode char U+040E (decimal 1038)
   defining Unicode char U+0410 (decimal 1040)
   defining Unicode char U+0411 (decimal 1041)
   defining Unicode char U+0412 (decimal 1042)
   defining Unicode char U+0413 (decimal 1043)
   defining Unicode char U+0414 (decimal 1044)
   defining Unicode char U+0415 (decimal 1045)
   defining Unicode char U+0416 (decimal 1046)
   defining Unicode char U+0417 (decimal 1047)
   defining Unicode char U+0418 (decimal 1048)
   defining Unicode char U+0419 (decimal 1049)
   defining Unicode char U+041A (decimal 1050)
   defining Unicode char U+041B (decimal 1051)
   defining Unicode char U+041C (decimal 1052)
   defining Unicode char U+041D (decimal 1053)
   defining Unicode char U+041E (decimal 1054)
   defining Unicode char U+041F (decimal 1055)
   defining Unicode char U+0420 (decimal 1056)
   defining Unicode char U+0421 (decimal 1057)
   defining Unicode char U+0422 (decimal 1058)
   defining Unicode char U+0423 (decimal 1059)
   defining Unicode char U+0424 (decimal 1060)
   defining Unicode char U+0425 (decimal 1061)
   defining Unicode char U+0426 (decimal 1062)
   defining Unicode char U+0427 (decimal 1063)
   defining Unicode char U+0428 (decimal 1064)
   defining Unicode char U+0429 (decimal 1065)
   defining Unicode char U+042A (decimal 1066)
   defining Unicode char U+042B (decimal 1067)
   defining Unicode char U+042C (decimal 1068)
   defining Unicode char U+042D (decimal 1069)
   defining Unicode char U+042E (decimal 1070)
   defining Unicode char U+042F (decimal 1071)
   defining Unicode char U+0430 (decimal 1072)
   defining Unicode char U+0431 (decimal 1073)
   defining Unicode char U+0432 (decimal 1074)
   defining Unicode char U+0433 (decimal 1075)
   defining Unicode char U+0434 (decimal 1076)
   defining Unicode char U+0435 (decimal 1077)
   defining Unicode char U+0436 (decimal 1078)
   defining Unicode char U+0437 (decimal 1079)
   defining Unicode char U+0438 (decimal 1080)
   defining Unicode char U+0439 (decimal 1081)
   defining Unicode char U+043A (decimal 1082)
   defining Unicode char U+043B (decimal 1083)
   defining Unicode char U+043C (decimal 1084)
   defining Unicode char U+043D (decimal 1085)
   defining Unicode char U+043E (decimal 1086)
   defining Unicode char U+043F (decimal 1087)
   defining Unicode char U+0440 (decimal 1088)
   defining Unicode char U+0441 (decimal 1089)
   defining Unicode char U+0442 (decimal 1090)
   defining Unicode char U+0443 (decimal 1091)
   defining Unicode char U+0444 (decimal 1092)
   defining Unicode char U+0445 (decimal 1093)
   defining Unicode char U+0446 (decimal 1094)
   defining Unicode char U+0447 (decimal 1095)
   defining Unicode char U+0448 (decimal 1096)
   defining Unicode char U+0449 (decimal 1097)
   defining Unicode char U+044A (decimal 1098)
   defining Unicode char U+044B (decimal 1099)
   defining Unicode char U+044C (decimal 1100)
   defining Unicode char U+044D (decimal 1101)
   defining Unicode char U+044E (decimal 1102)
   defining Unicode char U+044F (decimal 1103)
   defining Unicode char U+0450 (decimal 1104)
   defining Unicode char U+0451 (decimal 1105)
   defining Unicode char U+0453 (decimal 1107)
   defining Unicode char U+0455 (decimal 1109)
   defining Unicode char U+0456 (decimal 1110)
   defining Unicode char U+0458 (decimal 1112)
   defining Unicode char U+0459 (decimal 1113)
   defining Unicode char U+045A (decimal 1114)
   defining Unicode char U+045C (decimal 1116)
   defining Unicode char U+045D (decimal 1117)
   defining Unicode char U+045E (decimal 1118)
   defining Unicode char U+0492 (decimal 1170)
   defining Unicode char U+0493 (decimal 1171)
   defining Unicode char U+0494 (decimal 1172)
   defining Unicode char U+0495 (decimal 1173)
   defining Unicode char U+0496 (decimal 1174)
   defining Unicode char U+0497 (decimal 1175)
   defining Unicode char U+049A (decimal 1178)
   defining Unicode char U+049B (decimal 1179)
   defining Unicode char U+04A2 (decimal 1186)
   defining Unicode char U+04A3 (decimal 1187)
   defining Unicode char U+04A4 (decimal 1188)
   defining Unicode char U+04A5 (decimal 1189)
   defining Unicode char U+04AE (decimal 1198)
   defining Unicode char U+04AF (decimal 1199)
   defining Unicode char U+04B2 (decimal 1202)
   defining Unicode char U+04B3 (decimal 1203)
   defining Unicode char U+04B6 (decimal 1206)
   defining Unicode char U+04B7 (decimal 1207)
   defining Unicode char U+04BA (decimal 1210)
   defining Unicode char U+04BB (decimal 1211)
   defining Unicode char U+04C0 (decimal 1216)
   defining Unicode char U+04C1 (decimal 1217)
   defining Unicode char U+04C2 (decimal 1218)
   defining Unicode char U+04C3 (decimal 1219)
   defining Unicode char U+04C4 (decimal 1220)
   defining Unicode char U+04C5 (decimal 1221)
   defining Unicode char U+04C6 (decimal 1222)
   defining Unicode char U+04C7 (decimal 1223)
   defining Unicode char U+04C8 (decimal 1224)
   defining Unicode char U+04CB (decimal 1227)
   defining Unicode char U+04CC (decimal 1228)
   defining Unicode char U+04D0 (decimal 1232)
   defining Unicode char U+04D1 (decimal 1233)
   defining Unicode char U+04D2 (decimal 1234)
   defining Unicode char U+04D3 (decimal 1235)
   defining Unicode char U+04D6 (decimal 1238)
   defining Unicode char U+04D7 (decimal 1239)
   defining Unicode char U+04D8 (decimal 1240)
   defining Unicode char U+04D9 (decimal 1241)
   defining Unicode char U+04DA (decimal 1242)
   defining Unicode char U+04DB (decimal 1243)
   defining Unicode char U+04DC (decimal 1244)
   defining Unicode char U+04DD (decimal 1245)
   defining Unicode char U+04DE (decimal 1246)
   defining Unicode char U+04DF (decimal 1247)
   defining Unicode char U+04E0 (decimal 1248)
   defining Unicode char U+04E1 (decimal 1249)
   defining Unicode char U+04E2 (decimal 1250)
   defining Unicode char U+04E3 (decimal 1251)
   defining Unicode char U+04E4 (decimal 1252)
   defining Unicode char U+04E5 (decimal 1253)
   defining Unicode char U+04E6 (decimal 1254)
   defining Unicode char U+04E7 (decimal 1255)
   defining Unicode char U+04E8 (decimal 1256)
   defining Unicode char U+04E9 (decimal 1257)
   defining Unicode char U+04EC (decimal 1260)
   defining Unicode char U+04ED (decimal 1261)
   defining Unicode char U+04EE (decimal 1262)
   defining Unicode char U+04EF (decimal 1263)
   defining Unicode char U+04F0 (decimal 1264)
   defining Unicode char U+04F1 (decimal 1265)
   defining Unicode char U+04F2 (decimal 1266)
   defining Unicode char U+04F3 (decimal 1267)
   defining Unicode char U+04F4 (decimal 1268)
   defining Unicode char U+04F5 (decimal 1269)
   defining Unicode char U+04F6 (decimal 1270)
   defining Unicode char U+04F7 (decimal 1271)
   defining Unicode char U+04F8 (decimal 1272)
   defining Unicode char U+04F9 (decimal 1273)
   defining Unicode char U+04FA (decimal 1274)
   defining Unicode char U+04FB (decimal 1275)
   defining Unicode char U+04FC (decimal 1276)
   defining Unicode char U+04FD (decimal 1277)
   defining Unicode char U+04FE (decimal 1278)
   defining Unicode char U+04FF (decimal 1279)
   defining Unicode char U+200C (decimal 8204)
   defining Unicode char U+2013 (decimal 8211)
   defining Unicode char U+2014 (decimal 8212)
   defining Unicode char U+2018 (decimal 8216)
   defining Unicode char U+2019 (decimal 8217)
   defining Unicode char U+201C (decimal 8220)
   defining Unicode char U+201D (decimal 8221)
   defining Unicode char U+201E (decimal 8222)
   defining Unicode char U+2030 (decimal 8240)
   defining Unicode char U+2031 (decimal 8241)
   defining Unicode char U+2116 (decimal 8470)
   defining Unicode char U+2329 (decimal 9001)
   defining Unicode char U+3008 (decimal 12296)
   defining Unicode char U+232A (decimal 9002)
   defining Unicode char U+3009 (decimal 12297)
   defining Unicode char U+2423 (decimal 9251)
   defining Unicode char U+27E8 (decimal 10216)
   defining Unicode char U+27E9 (decimal 10217)
   defining Unicode char U+FB00 (decimal 64256)
   defining Unicode char U+FB01 (decimal 64257)
   defining Unicode char U+FB02 (decimal 64258)
   defining Unicode char U+FB03 (decimal 64259)
   defining Unicode char U+FB04 (decimal 64260)
   defining Unicode char U+FB05 (decimal 64261)
   defining Unicode char U+FB06 (decimal 64262)
)) (/usr/local/texlive/2026/texmf-dist/tex/latex/greek-fontenc/lgrenc.def
File: lgrenc.def 2023-09-12 2.5 LGR Greek font encoding definitions
Now handling font encoding LGR ...
... processing UTF-8 mapping file for font encoding LGR
 (/usr/local/texlive/2026/texmf-dist/tex/latex/greek-inputenc/lgrenc.dfu
File: lgrenc.dfu 2023-03-21 1.9 UTF-8 support for Greek
   defining Unicode char U+00A8 (decimal 168)
   defining Unicode char U+00AB (decimal 171)
   defining Unicode char U+00AF (decimal 175)
   defining Unicode char U+00B4 (decimal 180)
   defining Unicode char U+00B7 (decimal 183)
   defining Unicode char U+00BB (decimal 187)
   defining Unicode char U+0259 (decimal 601)
   defining Unicode char U+02D8 (decimal 728)
   defining Unicode char U+0374 (decimal 884)
   defining Unicode char U+0375 (decimal 885)
   defining Unicode char U+037A (decimal 890)
   defining Unicode char U+037E (decimal 894)
   defining Unicode char U+0384 (decimal 900)
   defining Unicode char U+0385 (decimal 901)
   defining Unicode char U+0386 (decimal 902)
   defining Unicode char U+0387 (decimal 903)
   defining Unicode char U+0388 (decimal 904)
   defining Unicode char U+0389 (decimal 905)
   defining Unicode char U+038A (decimal 906)
   defining Unicode char U+038C (decimal 908)
   defining Unicode char U+038E (decimal 910)
   defining Unicode char U+038F (decimal 911)
   defining Unicode char U+0390 (decimal 912)
   defining Unicode char U+0391 (decimal 913)
   defining Unicode char U+0392 (decimal 914)
   defining Unicode char U+0393 (decimal 915)
   defining Unicode char U+0394 (decimal 916)
   defining Unicode char U+0395 (decimal 917)
   defining Unicode char U+0396 (decimal 918)
   defining Unicode char U+0397 (decimal 919)
   defining Unicode char U+0398 (decimal 920)
   defining Unicode char U+0399 (decimal 921)
   defining Unicode char U+039A (decimal 922)
   defining Unicode char U+039B (decimal 923)
   defining Unicode char U+039C (decimal 924)
   defining Unicode char U+039D (decimal 925)
   defining Unicode char U+039E (decimal 926)
   defining Unicode char U+039F (decimal 927)
   defining Unicode char U+03A0 (decimal 928)
   defining Unicode char U+03A1 (decimal 929)
   defining Unicode char U+03A3 (decimal 931)
   defining Unicode char U+03A4 (decimal 932)
   defining Unicode char U+03A5 (decimal 933)
   defining Unicode char U+03A6 (decimal 934)
   defining Unicode char U+03A7 (decimal 935)
   defining Unicode char U+03A8 (decimal 936)
   defining Unicode char U+03A9 (decimal 937)
   defining Unicode char U+03AA (decimal 938)
   defining Unicode char U+03AB (decimal 939)
   defining Unicode char U+03AC (decimal 940)
   defining Unicode char U+03AD (decimal 941)
   defining Unicode char U+03AE (decimal 942)
   defining Unicode char U+03AF (decimal 943)
   defining Unicode char U+03B0 (decimal 944)
   defining Unicode char U+03B1 (decimal 945)
   defining Unicode char U+03B2 (decimal 946)
   defining Unicode char U+03B3 (decimal 947)
   defining Unicode char U+03B4 (decimal 948)
   defining Unicode char U+03B5 (decimal 949)
   defining Unicode char U+03B6 (decimal 950)
   defining Unicode char U+03B7 (decimal 951)
   defining Unicode char U+03B8 (decimal 952)
   defining Unicode char U+03B9 (decimal 953)
   defining Unicode char U+03BA (decimal 954)
   defining Unicode char U+03BB (decimal 955)
   defining Unicode char U+03BC (decimal 956)
   defining Unicode char U+03BD (decimal 957)
   defining Unicode char U+03BE (decimal 958)
   defining Unicode char U+03BF (decimal 959)
   defining Unicode char U+03C0 (decimal 960)
   defining Unicode char U+03C1 (decimal 961)
   defining Unicode char U+03C2 (decimal 962)
   defining Unicode char U+03C3 (decimal 963)
   defining Unicode char U+03C4 (decimal 964)
   defining Unicode char U+03C5 (decimal 965)
   defining Unicode char U+03C6 (decimal 966)
   defining Unicode char U+03C7 (decimal 967)
   defining Unicode char U+03C8 (decimal 968)
   defining Unicode char U+03C9 (decimal 969)
   defining Unicode char U+03CA (decimal 970)
   defining Unicode char U+03CB (decimal 971)
   defining Unicode char U+03CC (decimal 972)
   defining Unicode char U+03CD (decimal 973)
   defining Unicode char U+03CE (decimal 974)
   defining Unicode char U+03D0 (decimal 976)
   defining Unicode char U+03D1 (decimal 977)
   defining Unicode char U+03D5 (decimal 981)
   defining Unicode char U+03D6 (decimal 982)
   defining Unicode char U+03D8 (decimal 984)
   defining Unicode char U+03D9 (decimal 985)
   defining Unicode char U+03DA (decimal 986)
   defining Unicode char U+03DB (decimal 987)
   defining Unicode char U+03DC (decimal 988)
   defining Unicode char U+03DD (decimal 989)
   defining Unicode char U+03DE (decimal 990)
   defining Unicode char U+03DF (decimal 991)
   defining Unicode char U+03E0 (decimal 992)
   defining Unicode char U+03E1 (decimal 993)
   defining Unicode char U+03F0 (decimal 1008)
   defining Unicode char U+03F1 (decimal 1009)
   defining Unicode char U+03F4 (decimal 1012)
   defining Unicode char U+03F5 (decimal 1013)
   defining Unicode char U+1F00 (decimal 7936)
   defining Unicode char U+1F01 (decimal 7937)
   defining Unicode char U+1F02 (decimal 7938)
   defining Unicode char U+1F03 (decimal 7939)
   defining Unicode char U+1F04 (decimal 7940)
   defining Unicode char U+1F05 (decimal 7941)
   defining Unicode char U+1F06 (decimal 7942)
   defining Unicode char U+1F07 (decimal 7943)
   defining Unicode char U+1F08 (decimal 7944)
   defining Unicode char U+1F09 (decimal 7945)
   defining Unicode char U+1F0A (decimal 7946)
   defining Unicode char U+1F0B (decimal 7947)
   defining Unicode char U+1F0C (decimal 7948)
   defining Unicode char U+1F0D (decimal 7949)
   defining Unicode char U+1F0E (decimal 7950)
   defining Unicode char U+1F0F (decimal 7951)
   defining Unicode char U+1F10 (decimal 7952)
   defining Unicode char U+1F11 (decimal 7953)
   defining Unicode char U+1F12 (decimal 7954)
   defining Unicode char U+1F13 (decimal 7955)
   defining Unicode char U+1F14 (decimal 7956)
   defining Unicode char U+1F15 (decimal 7957)
   defining Unicode char U+1F18 (decimal 7960)
   defining Unicode char U+1F19 (decimal 7961)
   defining Unicode char U+1F1A (decimal 7962)
   defining Unicode char U+1F1B (decimal 7963)
   defining Unicode char U+1F1C (decimal 7964)
   defining Unicode char U+1F1D (decimal 7965)
   defining Unicode char U+1F20 (decimal 7968)
   defining Unicode char U+1F21 (decimal 7969)
   defining Unicode char U+1F22 (decimal 7970)
   defining Unicode char U+1F23 (decimal 7971)
   defining Unicode char U+1F24 (decimal 7972)
   defining Unicode char U+1F25 (decimal 7973)
   defining Unicode char U+1F26 (decimal 7974)
   defining Unicode char U+1F27 (decimal 7975)
   defining Unicode char U+1F28 (decimal 7976)
   defining Unicode char U+1F29 (decimal 7977)
   defining Unicode char U+1F2A (decimal 7978)
   defining Unicode char U+1F2B (decimal 7979)
   defining Unicode char U+1F2C (decimal 7980)
   defining Unicode char U+1F2D (decimal 7981)
   defining Unicode char U+1F2E (decimal 7982)
   defining Unicode char U+1F2F (decimal 7983)
   defining Unicode char U+1F30 (decimal 7984)
   defining Unicode char U+1F31 (decimal 7985)
   defining Unicode char U+1F32 (decimal 7986)
   defining Unicode char U+1F33 (decimal 7987)
   defining Unicode char U+1F34 (decimal 7988)
   defining Unicode char U+1F35 (decimal 7989)
   defining Unicode char U+1F36 (decimal 7990)
   defining Unicode char U+1F37 (decimal 7991)
   defining Unicode char U+1F38 (decimal 7992)
   defining Unicode char U+1F39 (decimal 7993)
   defining Unicode char U+1F3A (decimal 7994)
   defining Unicode char U+1F3B (decimal 7995)
   defining Unicode char U+1F3C (decimal 7996)
   defining Unicode char U+1F3D (decimal 7997)
   defining Unicode char U+1F3E (decimal 7998)
   defining Unicode char U+1F3F (decimal 7999)
   defining Unicode char U+1F40 (decimal 8000)
   defining Unicode char U+1F41 (decimal 8001)
   defining Unicode char U+1F42 (decimal 8002)
   defining Unicode char U+1F43 (decimal 8003)
   defining Unicode char U+1F44 (decimal 8004)
   defining Unicode char U+1F45 (decimal 8005)
   defining Unicode char U+1F48 (decimal 8008)
   defining Unicode char U+1F49 (decimal 8009)
   defining Unicode char U+1F4A (decimal 8010)
   defining Unicode char U+1F4B (decimal 8011)
   defining Unicode char U+1F4C (decimal 8012)
   defining Unicode char U+1F4D (decimal 8013)
   defining Unicode char U+1F50 (decimal 8016)
   defining Unicode char U+1F51 (decimal 8017)
   defining Unicode char U+1F52 (decimal 8018)
   defining Unicode char U+1F53 (decimal 8019)
   defining Unicode char U+1F54 (decimal 8020)
   defining Unicode char U+1F55 (decimal 8021)
   defining Unicode char U+1F56 (decimal 8022)
   defining Unicode char U+1F57 (decimal 8023)
   defining Unicode char U+1F59 (decimal 8025)
   defining Unicode char U+1F5B (decimal 8027)
   defining Unicode char U+1F5D (decimal 8029)
   defining Unicode char U+1F5F (decimal 8031)
   defining Unicode char U+1F60 (decimal 8032)
   defining Unicode char U+1F61 (decimal 8033)
   defining Unicode char U+1F62 (decimal 8034)
   defining Unicode char U+1F63 (decimal 8035)
   defining Unicode char U+1F64 (decimal 8036)
   defining Unicode char U+1F65 (decimal 8037)
   defining Unicode char U+1F66 (decimal 8038)
   defining Unicode char U+1F67 (decimal 8039)
   defining Unicode char U+1F68 (decimal 8040)
   defining Unicode char U+1F69 (decimal 8041)
   defining Unicode char U+1F6A (decimal 8042)
   defining Unicode char U+1F6B (decimal 8043)
   defining Unicode char U+1F6C (decimal 8044)
   defining Unicode char U+1F6D (decimal 8045)
   defining Unicode char U+1F6E (decimal 8046)
   defining Unicode char U+1F6F (decimal 8047)
   defining Unicode char U+1F70 (decimal 8048)
   defining Unicode char U+1F71 (decimal 8049)
   defining Unicode char U+1F72 (decimal 8050)
   defining Unicode char U+1F73 (decimal 8051)
   defining Unicode char U+1F74 (decimal 8052)
   defining Unicode char U+1F75 (decimal 8053)
   defining Unicode char U+1F76 (decimal 8054)
   defining Unicode char U+1F77 (decimal 8055)
   defining Unicode char U+1F78 (decimal 8056)
   defining Unicode char U+1F79 (decimal 8057)
   defining Unicode char U+1F7A (decimal 8058)
   defining Unicode char U+1F7B (decimal 8059)
   defining Unicode char U+1F7C (decimal 8060)
   defining Unicode char U+1F7D (decimal 8061)
   defining Unicode char U+1F80 (decimal 8064)
   defining Unicode char U+1F81 (decimal 8065)
   defining Unicode char U+1F82 (decimal 8066)
   defining Unicode char U+1F83 (decimal 8067)
   defining Unicode char U+1F84 (decimal 8068)
   defining Unicode char U+1F85 (decimal 8069)
   defining Unicode char U+1F86 (decimal 8070)
   defining Unicode char U+1F87 (decimal 8071)
   defining Unicode char U+1F88 (decimal 8072)
   defining Unicode char U+1F89 (decimal 8073)
   defining Unicode char U+1F8A (decimal 8074)
   defining Unicode char U+1F8B (decimal 8075)
   defining Unicode char U+1F8C (decimal 8076)
   defining Unicode char U+1F8D (decimal 8077)
   defining Unicode char U+1F8E (decimal 8078)
   defining Unicode char U+1F8F (decimal 8079)
   defining Unicode char U+1F90 (decimal 8080)
   defining Unicode char U+1F91 (decimal 8081)
   defining Unicode char U+1F92 (decimal 8082)
   defining Unicode char U+1F93 (decimal 8083)
   defining Unicode char U+1F94 (decimal 8084)
   defining Unicode char U+1F95 (decimal 8085)
   defining Unicode char U+1F96 (decimal 8086)
   defining Unicode char U+1F97 (decimal 8087)
   defining Unicode char U+1F98 (decimal 8088)
   defining Unicode char U+1F99 (decimal 8089)
   defining Unicode char U+1F9A (decimal 8090)
   defining Unicode char U+1F9B (decimal 8091)
   defining Unicode char U+1F9C (decimal 8092)
   defining Unicode char U+1F9D (decimal 8093)
   defining Unicode char U+1F9E (decimal 8094)
   defining Unicode char U+1F9F (decimal 8095)
   defining Unicode char U+1FA0 (decimal 8096)
   defining Unicode char U+1FA1 (decimal 8097)
   defining Unicode char U+1FA2 (decimal 8098)
   defining Unicode char U+1FA3 (decimal 8099)
   defining Unicode char U+1FA4 (decimal 8100)
   defining Unicode char U+1FA5 (decimal 8101)
   defining Unicode char U+1FA6 (decimal 8102)
   defining Unicode char U+1FA7 (decimal 8103)
   defining Unicode char U+1FA8 (decimal 8104)
   defining Unicode char U+1FA9 (decimal 8105)
   defining Unicode char U+1FAA (decimal 8106)
   defining Unicode char U+1FAB (decimal 8107)
   defining Unicode char U+1FAC (decimal 8108)
   defining Unicode char U+1FAD (decimal 8109)
   defining Unicode char U+1FAE (decimal 8110)
   defining Unicode char U+1FAF (decimal 8111)
   defining Unicode char U+1FB0 (decimal 8112)
   defining Unicode char U+1FB1 (decimal 8113)
   defining Unicode char U+1FB2 (decimal 8114)
   defining Unicode char U+1FB3 (decimal 8115)
   defining Unicode char U+1FB4 (decimal 8116)
   defining Unicode char U+1FB6 (decimal 8118)
   defining Unicode char U+1FB7 (decimal 8119)
   defining Unicode char U+1FB8 (decimal 8120)
   defining Unicode char U+1FB9 (decimal 8121)
   defining Unicode char U+1FBA (decimal 8122)
   defining Unicode char U+1FBB (decimal 8123)
   defining Unicode char U+1FBC (decimal 8124)
   defining Unicode char U+1FBD (decimal 8125)
   defining Unicode char U+1FBE (decimal 8126)
   defining Unicode char U+1FBF (decimal 8127)
   defining Unicode char U+1FC0 (decimal 8128)
   defining Unicode char U+1FC1 (decimal 8129)
   defining Unicode char U+1FC2 (decimal 8130)
   defining Unicode char U+1FC3 (decimal 8131)
   defining Unicode char U+1FC4 (decimal 8132)
   defining Unicode char U+1FC6 (decimal 8134)
   defining Unicode char U+1FC7 (decimal 8135)
   defining Unicode char U+1FC8 (decimal 8136)
   defining Unicode char U+1FC9 (decimal 8137)
   defining Unicode char U+1FCA (decimal 8138)
   defining Unicode char U+1FCB (decimal 8139)
   defining Unicode char U+1FCC (decimal 8140)
   defining Unicode char U+1FCD (decimal 8141)
   defining Unicode char U+1FCE (decimal 8142)
   defining Unicode char U+1FCF (decimal 8143)
   defining Unicode char U+1FD0 (decimal 8144)
   defining Unicode char U+1FD1 (decimal 8145)
   defining Unicode char U+1FD2 (decimal 8146)
   defining Unicode char U+1FD3 (decimal 8147)
   defining Unicode char U+1FD6 (decimal 8150)
   defining Unicode char U+1FD7 (decimal 8151)
   defining Unicode char U+1FD8 (decimal 8152)
   defining Unicode char U+1FD9 (decimal 8153)
   defining Unicode char U+1FDA (decimal 8154)
   defining Unicode char U+1FDB (decimal 8155)
   defining Unicode char U+1FDD (decimal 8157)
   defining Unicode char U+1FDE (decimal 8158)
   defining Unicode char U+1FDF (decimal 8159)
   defining Unicode char U+1FE0 (decimal 8160)
   defining Unicode char U+1FE1 (decimal 8161)
   defining Unicode char U+1FE2 (decimal 8162)
   defining Unicode char U+1FE3 (decimal 8163)
   defining Unicode char U+1FE4 (decimal 8164)
   defining Unicode char U+1FE5 (decimal 8165)
   defining Unicode char U+1FE6 (decimal 8166)
   defining Unicode char U+1FE7 (decimal 8167)
   defining Unicode char U+1FE8 (decimal 8168)
   defining Unicode char U+1FE9 (decimal 8169)
   defining Unicode char U+1FEA (decimal 8170)
   defining Unicode char U+1FEB (decimal 8171)
   defining Unicode char U+1FEC (decimal 8172)
   defining Unicode char U+1FED (decimal 8173)
   defining Unicode char U+1FEE (decimal 8174)
   defining Unicode char U+1FEF (decimal 8175)
   defining Unicode char U+1FF2 (decimal 8178)
   defining Unicode char U+1FF3 (decimal 8179)
   defining Unicode char U+1FF4 (decimal 8180)
   defining Unicode char U+1FF6 (decimal 8182)
   defining Unicode char U+1FF7 (decimal 8183)
   defining Unicode char U+1FF8 (decimal 8184)
   defining Unicode char U+1FF9 (decimal 8185)
   defining Unicode char U+1FFA (decimal 8186)
   defining Unicode char U+1FFB (decimal 8187)
   defining Unicode char U+1FFC (decimal 8188)
   defining Unicode char U+1FFD (decimal 8189)
   defining Unicode char U+1FFE (decimal 8190)
   defining Unicode char U+2013 (decimal 8211)
   defining Unicode char U+2014 (decimal 8212)
   defining Unicode char U+2018 (decimal 8216)
   defining Unicode char U+2019 (decimal 8217)
   defining Unicode char U+201A (decimal 8218)
   defining Unicode char U+2030 (decimal 8240)
   defining Unicode char U+2039 (decimal 8249)
   defining Unicode char U+203A (decimal 8250)
   defining Unicode char U+20AC (decimal 8364)
   defining Unicode char U+2126 (decimal 8486)
   defining Unicode char U+10144 (decimal 65860)
   defining Unicode char U+10145 (decimal 65861)
   defining Unicode char U+10146 (decimal 65862)
   defining Unicode char U+10147 (decimal 65863)
) (/usr/local/texlive/2026/texmf-dist/tex/latex/greek-fontenc/greek-fontenc.def
File: greek-fontenc.def 2023-09-12 2.5 Common Greek font encoding definitions
LaTeX Encoding Info:    Ignoring declaration for text command \accACUTE (encoding LGR) on input line 251.
LaTeX Encoding Info:    Ignoring declaration for text command \accGRAVE (encoding LGR) on input line 259.
LaTeX Encoding Info:    Ignoring declaration for text command \accTILDE (encoding LGR) on input line 267.
))) (/usr/local/texlive/2026/texmf-dist/tex/latex/base/textcomp.sty
Package: textcomp 2024/04/24 v2.1b Standard LaTeX package
) (/usr/local/texlive/2026/texmf-dist/tex/latex/fontaxes/fontaxes.sty
Package: fontaxes 2026-01-02 v2.0.2 Font selection axes (deprecated)
Applying: [2024-11-01] Use figureversions if present on input line 74.
 (/usr/local/texlive/2026/texmf-dist/tex/latex/figureversions/figureversions.sty
Package: figureversions 2025-04-29 v1.0.1 Figure versions
)
Already applied: [0000-00-00] Fall back to v1 on input line 76.
) (/usr/local/texlive/2026/texmf-dist/tex/latex/xkeyval/xkeyval.sty
Package: xkeyval 2025/11/04 v2.10 package option processing (HA)
 (/usr/local/texlive/2026/texmf-dist/tex/generic/xkeyval/xkeyval.tex (/usr/local/texlive/2026/texmf-dist/tex/generic/xkeyval/xkvutils.tex
\XKV@toks=\toks21
\XKV@tempa@toks=\toks22
\XKV@tempb@toks=\toks23
)
\XKV@depth=\count288
File: xkeyval.tex 2014/12/03 v2.7a key=value parser (HA)
))) (/usr/local/texlive/2026/texmf-dist/tex/latex/type1cm/type1cm.sty
Package: type1cm 2002/09/05 v0.04 BlueSky/Y&Y Type1 CM font definitions (DPC, patched RF)
) (/usr/local/texlive/2026/texmf-dist/tex/latex/tools/indentfirst.sty
Package: indentfirst 2023/07/02 v1.03 Indent first paragraph (DPC)
) (/usr/local/texlive/2026/texmf-dist/tex/latex/csquotes/csquotes.sty
Package: csquotes 2024-04-04 v5.2o context-sensitive quotations (JAW)
 (/usr/local/texlive/2026/texmf-dist/tex/latex/etoolbox/etoolbox.sty
Package: etoolbox 2025/10/02 v2.5m e-TeX tools for LaTeX (JAW)
\etb@tempcnta=\count289
)
\csq@reset=\count290
\csq@gtype=\count291
\csq@glevel=\count292
\csq@qlevel=\count293
\csq@maxlvl=\count294
\csq@tshold=\count295
\csq@ltx@everypar=\toks24
 (/usr/local/texlive/2026/texmf-dist/tex/latex/csquotes/csquotes.def
File: csquotes.def 2024-04-04 v5.2o csquotes generic definitions (JAW)
)
Package csquotes Info: Trying to load configuration file 'csquotes.cfg'...
Package csquotes Info: ... configuration file loaded successfully.
 (/usr/local/texlive/2026/texmf-dist/tex/latex/csquotes/csquotes.cfg
File: csquotes.cfg 
)) (/usr/local/texlive/2026/texmf-dist/tex/latex/biblatex/biblatex.sty
Package: biblatex 2025/07/10 v3.21 programmable bibliographies (PK/MW)
 (/usr/local/texlive/2026/texmf-dist/tex/generic/pdftexcmds/pdftexcmds.sty
Package: pdftexcmds 2020-06-27 v0.33 Utility functions of pdfTeX for LuaTeX (HO)
 (/usr/local/texlive/2026/texmf-dist/tex/generic/infwarerr/infwarerr.sty
Package: infwarerr 2019/12/03 v1.5 Providing info/warning/error messages (HO)
) (/usr/local/texlive/2026/texmf-dist/tex/generic/ltxcmds/ltxcmds.sty
Package: ltxcmds 2023-12-04 v1.26 LaTeX kernel commands for general use (HO)
)
Package pdftexcmds Info: \pdf@primitive is available.
Package pdftexcmds Info: \pdf@ifprimitive is available.
Package pdftexcmds Info: \pdfdraftmode found.
) (/usr/local/texlive/2026/texmf-dist/tex/latex/kvoptions/kvoptions.sty
Package: kvoptions 2022-06-15 v3.15 Key value format for package options (HO)
 (/usr/local/texlive/2026/texmf-dist/tex/latex/kvsetkeys/kvsetkeys.sty
Package: kvsetkeys 2022-10-05 v1.19 Key value parser (HO)
)) (/usr/local/texlive/2026/texmf-dist/tex/latex/logreq/logreq.sty
Package: logreq 2010/08/04 v1.0 xml request logger
\lrq@indent=\count296
 (/usr/local/texlive/2026/texmf-dist/tex/latex/logreq/logreq.def
File: logreq.def 2010/08/04 v1.0 logreq spec v1.0
)) (/usr/local/texlive/2026/texmf-dist/tex/latex/base/ifthen.sty
Package: ifthen 2024/03/16 v1.1e Standard LaTeX ifthen package (DPC)
) (/usr/local/texlive/2026/texmf-dist/tex/latex/url/url.sty
\Urlmuskip=\muskip17
Package: url 2013/09/16  ver 3.4  Verb mode for urls, etc.
)
\c@tabx@nest=\count297
\c@listtotal=\count298
\c@listcount=\count299
\c@liststart=\count300
\c@liststop=\count301
\c@citecount=\count302
\c@citetotal=\count303
\c@multicitecount=\count304
\c@multicitetotal=\count305
\c@instcount=\count306
\c@maxnames=\count307
\c@minnames=\count308
\c@maxitems=\count309
\c@minitems=\count310
\c@citecounter=\count311
\c@maxcitecounter=\count312
\c@savedcitecounter=\count313
\c@uniquelist=\count314
\c@uniquename=\count315
\c@refsection=\count316
\c@refsegment=\count317
\c@maxextratitle=\count318
\c@maxextratitleyear=\count319
\c@maxextraname=\count320
\c@maxextradate=\count321
\c@maxextraalpha=\count322
\c@abbrvpenalty=\count323
\c@highnamepenalty=\count324
\c@lownamepenalty=\count325
\c@maxparens=\count326
\c@parenlevel=\count327
\blx@tempcnta=\count328
\blx@tempcntb=\count329
\blx@tempcntc=\count330
\c@blx@maxsection=\count331
\blx@maxsegment@0=\count332
\blx@notetype=\count333
\blx@parenlevel@text=\count334
\blx@parenlevel@foot=\count335
\blx@sectionciteorder@0=\count336
\blx@sectionciteorderinternal@0=\count337
\blx@entrysetcounter=\count338
\blx@biblioinstance=\count339
\labelnumberwidth=\skip51
\labelalphawidth=\skip52
\biblabelsep=\skip53
\bibitemsep=\skip54
\bibnamesep=\skip55
\bibinitsep=\skip56
\bibparsep=\skip57
\bibhang=\skip58
\blx@bcfin=\read3
\blx@bcfout=\write3
\blx@langwohyphens=\language92
\c@mincomprange=\count340
\c@maxcomprange=\count341
\c@mincompwidth=\count342
Package biblatex Info: Trying to load biblatex default data model...
Package biblatex Info: ... file 'blx-dm.def' found.
 (/usr/local/texlive/2026/texmf-dist/tex/latex/biblatex/blx-dm.def
File: blx-dm.def 2025/07/10 v3.21 biblatex datamodel (PK/MW)
)
Package biblatex Info: Trying to load biblatex style data model...
Package biblatex Info: ... file 'gost-numeric.dbx' found.
 (/usr/local/texlive/2026/texmf-dist/tex/latex/biblatex-gost/gost-numeric.dbx
File: gost-numeric.dbx 2023/04/25 v1.24 biblatex-gost data model
Package biblatex Info: Trying to load biblatex-gost data model...
Package biblatex Info: ... file 'biblatex-gost.dbx' found.
 (/usr/local/texlive/2026/texmf-dist/tex/latex/biblatex-gost/biblatex-gost.dbx
File: biblatex-gost.dbx 2023/04/25 v1.24 biblatex-gost data model
))
Package biblatex Info: Trying to load biblatex custom data model...
Package biblatex Info: ... file 'biblatex-dm.cfg' not found.
\c@afterword=\count343
\c@savedafterword=\count344
\c@annotator=\count345
\c@savedannotator=\count346
\c@author=\count347
\c@savedauthor=\count348
\c@bookauthor=\count349
\c@savedbookauthor=\count350
\c@commentator=\count351
\c@savedcommentator=\count352
\c@editor=\count353
\c@savededitor=\count354
\c@editora=\count355
\c@savededitora=\count356
\c@editorb=\count357
\c@savededitorb=\count358
\c@editorc=\count359
\c@savededitorc=\count360
\c@foreword=\count361
\c@savedforeword=\count362
\c@holder=\count363
\c@savedholder=\count364
\c@introduction=\count365
\c@savedintroduction=\count366
\c@namea=\count367
\c@savednamea=\count368
\c@nameb=\count369
\c@savednameb=\count370
\c@namec=\count371
\c@savednamec=\count372
\c@translator=\count373
\c@savedtranslator=\count374
\c@shortauthor=\count375
\c@savedshortauthor=\count376
\c@shorteditor=\count377
\c@savedshorteditor=\count378
\c@booktranslator=\count379
\c@savedbooktranslator=\count380
\c@bookcommentator=\count381
\c@savedbookcommentator=\count382
\c@bookannotator=\count383
\c@savedbookannotator=\count384
\c@bookintroduction=\count385
\c@savedbookintroduction=\count386
\c@bookforeword=\count387
\c@savedbookforeword=\count388
\c@bookafterword=\count389
\c@savedbookafterword=\count390
\c@labelname=\count391
\c@savedlabelname=\count392
\c@institution=\count393
\c@savedinstitution=\count394
\c@lista=\count395
\c@savedlista=\count396
\c@listb=\count397
\c@savedlistb=\count398
\c@listc=\count399
\c@savedlistc=\count400
\c@listd=\count401
\c@savedlistd=\count402
\c@liste=\count403
\c@savedliste=\count404
\c@listf=\count405
\c@savedlistf=\count406
\c@location=\count407
\c@savedlocation=\count408
\c@organization=\count409
\c@savedorganization=\count410
\c@origlocation=\count411
\c@savedoriglocation=\count412
\c@origpublisher=\count413
\c@savedorigpublisher=\count414
\c@publisher=\count415
\c@savedpublisher=\count416
\c@language=\count417
\c@savedlanguage=\count418
\c@origlanguage=\count419
\c@savedoriglanguage=\count420
\c@bookoriglanguage=\count421
\c@savedbookoriglanguage=\count422
\c@specdata=\count423
\c@savedspecdata=\count424
\c@credits=\count425
\c@savedcredits=\count426
\c@bookcredits=\count427
\c@savedbookcredits=\count428
\c@editioncredits=\count429
\c@savededitioncredits=\count430
\c@pageref=\count431
\c@savedpageref=\count432
\shorthandwidth=\skip59
\shortjournalwidth=\skip60
\shortserieswidth=\skip61
\shorttitlewidth=\skip62
\shortauthorwidth=\skip63
\shorteditorwidth=\skip64
\locallabelnumberwidth=\skip65
\locallabelalphawidth=\skip66
\localshorthandwidth=\skip67
\localshortjournalwidth=\skip68
\localshortserieswidth=\skip69
\localshorttitlewidth=\skip70
\localshortauthorwidth=\skip71
\localshorteditorwidth=\skip72
Package biblatex Info: Trying to load compatibility code...
Package biblatex Info: ... file 'blx-compat.def' found.
 (/usr/local/texlive/2026/texmf-dist/tex/latex/biblatex/blx-compat.def
File: blx-compat.def 2025/07/10 v3.21 biblatex compatibility (PK/MW)
)
Package biblatex Info: Trying to load generic definitions...
Package biblatex Info: ... file 'biblatex.def' found.
 (/usr/local/texlive/2026/texmf-dist/tex/latex/biblatex/biblatex.def
File: biblatex.def 2025/07/10 v3.21 biblatex compatibility (PK/MW)
\c@textcitecount=\count433
\c@textcitetotal=\count434
\c@textcitemaxnames=\count435
\c@biburlbigbreakpenalty=\count436
\c@biburlbreakpenalty=\count437
\c@biburlnumpenalty=\count438
\c@biburlucpenalty=\count439
\c@biburllcpenalty=\count440
\biburlbigskip=\muskip18
\biburlnumskip=\muskip19
\biburlucskip=\muskip20
\biburllcskip=\muskip21
\c@smartand=\count441
)
Package biblatex Info: Trying to load bibliography style 'gost-numeric'...
Package biblatex Info: ... file 'gost-numeric.bbx' found.
 (/usr/local/texlive/2026/texmf-dist/tex/latex/biblatex-gost/gost-numeric.bbx
File: gost-numeric.bbx 2023/04/25 v1.24 biblatex-gost styles
Package biblatex Info: Trying to load bibliography style 'gost-standard'...
Package biblatex Info: ... file 'gost-standard.bbx' found.
 (/usr/local/texlive/2026/texmf-dist/tex/latex/biblatex-gost/gost-standard.bbx
File: gost-standard.bbx 2023/04/25 v1.24 biblatex-gost styles
Package biblatex Info: Trying to load biblatex-gost generic definitions...
Package biblatex Info: ... file 'biblatex-gost.def' found.
 (/usr/local/texlive/2026/texmf-dist/tex/latex/biblatex-gost/biblatex-gost.def
File: biblatex-gost.def 2023/04/25 v1.24 biblatex-gost styles
)
\c@blx@gost@pointer=\count442
\c@bbx:relatedcount=\count443
\c@bbx:relatedtotal=\count444
Package biblatex Info: Redefining autocite command 'footnote'.
Package biblatex Info: Redefining autocite command 'superscript'.
))
Package biblatex Info: Trying to load citation style 'gost-numeric'...
Package biblatex Info: ... file 'gost-numeric.cbx' found.
 (/usr/local/texlive/2026/texmf-dist/tex/latex/biblatex-gost/gost-numeric.cbx
File: gost-numeric.cbx 2023/04/25 v1.24 biblatex-gost styles
Package biblatex Info: Trying to load citation style 'numeric-comp'...
Package biblatex Info: ... file 'numeric-comp.cbx' found.
 (/usr/local/texlive/2026/texmf-dist/tex/latex/biblatex/cbx/numeric-comp.cbx
File: numeric-comp.cbx 2025/07/10 v3.21 biblatex citation style (PK/MW)
\c@cbx@tempcnta=\count445
\c@cbx@tempcntb=\count446
\c@cbx@tempcntc=\count447
\c@cbx@tempcntd=\count448
Package biblatex Info: Redefining '\cite'.
Package biblatex Info: Redefining '\parencite'.
Package biblatex Info: Redefining '\footcite'.
Package biblatex Info: Redefining '\footcitetext'.
Package biblatex Info: Redefining '\smartcite'.
Package biblatex Info: Redefining '\supercite'.
Package biblatex Info: Redefining '\textcite'.
Package biblatex Info: Redefining '\textcites'.
Package biblatex Info: Redefining '\cites'.
Package biblatex Info: Redefining '\parencites'.
Package biblatex Info: Redefining '\smartcites'.
))
Package biblatex Info: Trying to load configuration file...
Package biblatex Info: ... file 'biblatex.cfg' found.
 (/usr/local/texlive/2026/texmf-dist/tex/latex/biblatex/biblatex.cfg
File: biblatex.cfg 
)
Package biblatex Info: Input encoding 'utf8' detected.
Package biblatex Info: Document encoding is UTF8 ....
 (/usr/local/texlive/2026/texmf-dist/tex/latex/l3kernel/expl3.sty
Package: expl3 2026-01-19 L3 programming layer (loader) 
 (/usr/local/texlive/2026/texmf-dist/tex/latex/l3backend/l3backend-pdftex.def
File: l3backend-pdftex.def 2025-10-09 L3 backend support: PDF output (pdfTeX)
\l__color_backend_stack_int=\count449
))
Package biblatex Info: ... and expl3
(biblatex)             2026-01-19 L3 programming layer (loader) 
(biblatex)             is new enough (at least 2020/04/06),
(biblatex)             setting 'casechanger=expl3'.
 (/usr/local/texlive/2026/texmf-dist/tex/latex/biblatex/blx-case-expl3.sty (/usr/local/texlive/2026/texmf-dist/tex/latex/l3packages/xparse/xparse.sty
Package: xparse 2025-10-09 L3 Experimental document command parser
)
Package: blx-case-expl3 2025/07/10 v3.21 expl3 case changing code for biblatex
)) (/usr/local/texlive/2026/texmf-dist/tex/latex/setspace/setspace.sty
Package: setspace 2022/12/04 v6.7b set line spacing
) (/usr/local/texlive/2026/texmf-dist/tex/latex/hyphenat/hyphenat.sty
Package: hyphenat 2009/09/02 v2.3c hyphenation utilities
\langwohyphens=\language93
LaTeX Info: Redefining \_ on input line 43.
) (/usr/local/texlive/2026/texmf-dist/tex/latex/fancyhdr/fancyhdr.sty
Package: fancyhdr 2025/02/07 v5.2 Extensive control of page headers and footers
\f@nch@headwidth=\skip73
\f@nch@offset@elh=\skip74
\f@nch@offset@erh=\skip75
\f@nch@offset@olh=\skip76
\f@nch@offset@orh=\skip77
\f@nch@offset@elf=\skip78
\f@nch@offset@erf=\skip79
\f@nch@offset@olf=\skip80
\f@nch@offset@orf=\skip81
\f@nch@height=\skip82
\f@nch@footalignment=\skip83
\f@nch@widthL=\skip84
\f@nch@widthC=\skip85
\f@nch@widthR=\skip86
\@temptokenb=\toks25
) (/usr/local/texlive/2026/texmf-dist/tex/latex/titlesec/titlesec.sty
Package: titlesec 2025/01/04 v2.17 Sectioning titles
\ttl@box=\box53
\beforetitleunit=\skip87
\aftertitleunit=\skip88
\ttl@plus=\dimen159
\ttl@minus=\dimen160
\ttl@toksa=\toks26
\titlewidth=\dimen161
\titlewidthlast=\dimen162
\titlewidthfirst=\dimen163
) (/usr/local/texlive/2026/texmf-dist/tex/latex/tocloft/tocloft.sty
Package: tocloft 2017/08/31 v2.3i parameterised ToC, etc., typesetting
Package tocloft Info: The document has section divisions on input line 51.
\cftparskip=\skip89
\cftbeforetoctitleskip=\skip90
\cftaftertoctitleskip=\skip91
\cftbeforepartskip=\skip92
\cftpartnumwidth=\skip93
\cftpartindent=\skip94
\cftbeforesecskip=\skip95
\cftsecindent=\skip96
\cftsecnumwidth=\skip97
\cftbeforesubsecskip=\skip98
\cftsubsecindent=\skip99
\cftsubsecnumwidth=\skip100
\cftbeforesubsubsecskip=\skip101
\cftsubsubsecindent=\skip102
\cftsubsubsecnumwidth=\skip103
\cftbeforeparaskip=\skip104
\cftparaindent=\skip105
\cftparanumwidth=\skip106
\cftbeforesubparaskip=\skip107
\cftsubparaindent=\skip108
\cftsubparanumwidth=\skip109
\cftbeforeloftitleskip=\skip110
\cftafterloftitleskip=\skip111
\cftbeforefigskip=\skip112
\cftfigindent=\skip113
\cftfignumwidth=\skip114
\c@lofdepth=\count450
\c@lotdepth=\count451
\cftbeforelottitleskip=\skip115
\cftafterlottitleskip=\skip116
\cftbeforetabskip=\skip117
\cfttabindent=\skip118
\cfttabnumwidth=\skip119
) (/usr/local/texlive/2026/texmf-dist/tex/latex/amsfonts/amssymb.sty
Package: amssymb 2013/01/14 v3.01 AMS font symbols
 (/usr/local/texlive/2026/texmf-dist/tex/latex/amsfonts/amsfonts.sty
Package: amsfonts 2013/01/14 v3.01 Basic AMSFonts support
\@emptytoks=\toks27
\symAMSa=\mathgroup4
\symAMSb=\mathgroup5
LaTeX Font Info:    Redeclaring math symbol \hbar on input line 98.
LaTeX Font Info:    Overwriting math alphabet `\mathfrak' in version `bold'
(Font)                  U/euf/m/n --> U/euf/b/n on input line 106.
)) (/usr/local/texlive/2026/texmf-dist/tex/latex/amsmath/amsmath.sty
Package: amsmath 2025/07/09 v2.17z AMS math features
\@mathmargin=\skip120

For additional information on amsmath, use the `?' option.
(/usr/local/texlive/2026/texmf-dist/tex/latex/amsmath/amstext.sty
Package: amstext 2024/11/17 v2.01 AMS text
 (/usr/local/texlive/2026/texmf-dist/tex/latex/amsmath/amsgen.sty
File: amsgen.sty 1999/11/30 v2.0 generic functions
\@emptytoks=\toks28
\ex@=\dimen164
)) (/usr/local/texlive/2026/texmf-dist/tex/latex/amsmath/amsbsy.sty
Package: amsbsy 1999/11/29 v1.2d Bold Symbols
\pmbraise@=\dimen165
) (/usr/local/texlive/2026/texmf-dist/tex/latex/amsmath/amsopn.sty
Package: amsopn 2022/04/08 v2.04 operator names
)
\inf@bad=\count452
LaTeX Info: Redefining \frac on input line 233.
\uproot@=\count453
\leftroot@=\count454
LaTeX Info: Redefining \overline on input line 398.
LaTeX Info: Redefining \colon on input line 409.
\classnum@=\count455
\DOTSCASE@=\count456
LaTeX Info: Redefining \ldots on input line 495.
LaTeX Info: Redefining \dots on input line 498.
LaTeX Info: Redefining \cdots on input line 619.
\Mathstrutbox@=\box54
\strutbox@=\box55
LaTeX Info: Redefining \big on input line 721.
LaTeX Info: Redefining \Big on input line 722.
LaTeX Info: Redefining \bigg on input line 723.
LaTeX Info: Redefining \Bigg on input line 724.
\big@size=\dimen166
LaTeX Font Info:    Redeclaring font encoding OML on input line 742.
LaTeX Font Info:    Redeclaring font encoding OMS on input line 743.
\macc@depth=\count457
LaTeX Info: Redefining \bmod on input line 904.
LaTeX Info: Redefining \pmod on input line 909.
LaTeX Info: Redefining \smash on input line 939.
LaTeX Info: Redefining \relbar on input line 969.
LaTeX Info: Redefining \Relbar on input line 970.
\c@MaxMatrixCols=\count458
\dotsspace@=\muskip22
\c@parentequation=\count459
\dspbrk@lvl=\count460
\tag@help=\toks29
\row@=\count461
\column@=\count462
\maxfields@=\count463
\andhelp@=\toks30
\eqnshift@=\dimen167
\alignsep@=\dimen168
\tagshift@=\dimen169
\tagwidth@=\dimen170
\totwidth@=\dimen171
\lineht@=\dimen172
\@envbody=\toks31
\multlinegap=\skip121
\multlinetaggap=\skip122
\mathdisplay@stack=\toks32
LaTeX Info: Redefining \[ on input line 2950.
LaTeX Info: Redefining \] on input line 2951.
) (/usr/local/texlive/2026/texmf-dist/tex/latex/pgf/frontendlayer/tikz.sty (/usr/local/texlive/2026/texmf-dist/tex/latex/pgf/basiclayer/pgf.sty (/usr/local/texlive/2026/texmf-dist/tex/latex/pgf/utilities/pgfrcs.sty (/usr/local/texlive/2026/texmf-dist/tex/generic/pgf/utilities/pgfutil-common.tex
\pgfutil@everybye=\toks33
\pgfutil@tempdima=\dimen173
\pgfutil@tempdimb=\dimen174
) (/usr/local/texlive/2026/texmf-dist/tex/generic/pgf/utilities/pgfutil-latex.def
\pgfutil@abb=\box56
) (/usr/local/texlive/2026/texmf-dist/tex/generic/pgf/utilities/pgfrcs.code.tex (/usr/local/texlive/2026/texmf-dist/tex/generic/pgf/pgf.revision.tex)
Package: pgfrcs 2025-08-29 v3.1.11a (3.1.11a)
))
Package: pgf 2025-08-29 v3.1.11a (3.1.11a)
 (/usr/local/texlive/2026/texmf-dist/tex/latex/pgf/basiclayer/pgfcore.sty (/usr/local/texlive/2026/texmf-dist/tex/latex/graphics/graphicx.sty
Package: graphicx 2024/12/31 v1.2e Enhanced LaTeX Graphics (DPC,SPQR)
 (/usr/local/texlive/2026/texmf-dist/tex/latex/graphics/graphics.sty
Package: graphics 2024/08/06 v1.4g Standard LaTeX Graphics (DPC,SPQR)
 (/usr/local/texlive/2026/texmf-dist/tex/latex/graphics/trig.sty
Package: trig 2023/12/02 v1.11 sin cos tan (DPC)
) (/usr/local/texlive/2026/texmf-dist/tex/latex/graphics-cfg/graphics.cfg
File: graphics.cfg 2016/06/04 v1.11 sample graphics configuration
)
Package graphics Info: Driver file: pdftex.def on input line 106.
 (/usr/local/texlive/2026/texmf-dist/tex/latex/graphics-def/pdftex.def
File: pdftex.def 2025/09/29 v1.2d Graphics/color driver for pdftex
))
\Gin@req@height=\dimen175
\Gin@req@width=\dimen176
) (/usr/local/texlive/2026/texmf-dist/tex/latex/pgf/systemlayer/pgfsys.sty (/usr/local/texlive/2026/texmf-dist/tex/generic/pgf/systemlayer/pgfsys.code.tex
Package: pgfsys 2025-08-29 v3.1.11a (3.1.11a)
 (/usr/local/texlive/2026/texmf-dist/tex/generic/pgf/utilities/pgfkeys.code.tex
\pgfkeys@pathtoks=\toks34
\pgfkeys@temptoks=\toks35
 (/usr/local/texlive/2026/texmf-dist/tex/generic/pgf/utilities/pgfkeyslibraryfiltered.code.tex
\pgfkeys@tmptoks=\toks36
))
\pgf@x=\dimen177
\pgf@y=\dimen178
\pgf@xa=\dimen179
\pgf@ya=\dimen180
\pgf@xb=\dimen181
\pgf@yb=\dimen182
\pgf@xc=\dimen183
\pgf@yc=\dimen184
\pgf@xd=\dimen185
\pgf@yd=\dimen186
\w@pgf@writea=\write4
\r@pgf@reada=\read4
\c@pgf@counta=\count464
\c@pgf@countb=\count465
\c@pgf@countc=\count466
\c@pgf@countd=\count467
\t@pgf@toka=\toks37
\t@pgf@tokb=\toks38
\t@pgf@tokc=\toks39
\pgf@sys@id@count=\count468
 (/usr/local/texlive/2026/texmf-dist/tex/generic/pgf/systemlayer/pgf.cfg
File: pgf.cfg 2025-08-29 v3.1.11a (3.1.11a)
)
Driver file for pgf: pgfsys-pdftex.def
 (/usr/local/texlive/2026/texmf-dist/tex/generic/pgf/systemlayer/pgfsys-pdftex.def
File: pgfsys-pdftex.def 2025-08-29 v3.1.11a (3.1.11a)
 (/usr/local/texlive/2026/texmf-dist/tex/generic/pgf/systemlayer/pgfsys-common-pdf.def
File: pgfsys-common-pdf.def 2025-08-29 v3.1.11a (3.1.11a)
))) (/usr/local/texlive/2026/texmf-dist/tex/generic/pgf/systemlayer/pgfsyssoftpath.code.tex
File: pgfsyssoftpath.code.tex 2025-08-29 v3.1.11a (3.1.11a)
\pgfsyssoftpath@smallbuffer@items=\count469
\pgfsyssoftpath@bigbuffer@items=\count470
) (/usr/local/texlive/2026/texmf-dist/tex/generic/pgf/systemlayer/pgfsysprotocol.code.tex
File: pgfsysprotocol.code.tex 2025-08-29 v3.1.11a (3.1.11a)
)) (/usr/local/texlive/2026/texmf-dist/tex/latex/xcolor/xcolor.sty
Package: xcolor 2024/09/29 v3.02 LaTeX color extensions (UK)
 (/usr/local/texlive/2026/texmf-dist/tex/latex/graphics-cfg/color.cfg
File: color.cfg 2016/01/02 v1.6 sample color configuration
)
Package xcolor Info: Driver file: pdftex.def on input line 274.
 (/usr/local/texlive/2026/texmf-dist/tex/latex/graphics/mathcolor.ltx)
Package xcolor Info: Model `cmy' substituted by `cmy0' on input line 1349.
Package xcolor Info: Model `hsb' substituted by `rgb' on input line 1353.
Package xcolor Info: Model `RGB' extended on input line 1365.
Package xcolor Info: Model `HTML' substituted by `rgb' on input line 1367.
Package xcolor Info: Model `Hsb' substituted by `hsb' on input line 1368.
Package xcolor Info: Model `tHsb' substituted by `hsb' on input line 1369.
Package xcolor Info: Model `HSB' substituted by `hsb' on input line 1370.
Package xcolor Info: Model `Gray' substituted by `gray' on input line 1371.
Package xcolor Info: Model `wave' substituted by `hsb' on input line 1372.
) (/usr/local/texlive/2026/texmf-dist/tex/generic/pgf/basiclayer/pgfcore.code.tex
Package: pgfcore 2025-08-29 v3.1.11a (3.1.11a)
 (/usr/local/texlive/2026/texmf-dist/tex/generic/pgf/math/pgfmath.code.tex (/usr/local/texlive/2026/texmf-dist/tex/generic/pgf/math/pgfmathutil.code.tex) (/usr/local/texlive/2026/texmf-dist/tex/generic/pgf/math/pgfmathparser.code.tex
\pgfmath@dimen=\dimen187
\pgfmath@count=\count471
\pgfmath@box=\box57
\pgfmath@toks=\toks40
\pgfmath@stack@operand=\toks41
\pgfmath@stack@operation=\toks42
) (/usr/local/texlive/2026/texmf-dist/tex/generic/pgf/math/pgfmathfunctions.code.tex) (/usr/local/texlive/2026/texmf-dist/tex/generic/pgf/math/pgfmathfunctions.basic.code.tex) (/usr/local/texlive/2026/texmf-dist/tex/generic/pgf/math/pgfmathfunctions.trigonometric.code.tex) (/usr/local/texlive/2026/texmf-dist/tex/generic/pgf/math/pgfmathfunctions.random.code.tex) (/usr/local/texlive/2026/texmf-dist/tex/generic/pgf/math/pgfmathfunctions.comparison.code.tex) (/usr/local/texlive/2026/texmf-dist/tex/generic/pgf/math/pgfmathfunctions.base.code.tex) (/usr/local/texlive/2026/texmf-dist/tex/generic/pgf/math/pgfmathfunctions.round.code.tex) (/usr/local/texlive/2026/texmf-dist/tex/generic/pgf/math/pgfmathfunctions.misc.code.tex) (/usr/local/texlive/2026/texmf-dist/tex/generic/pgf/math/pgfmathfunctions.integerarithmetics.code.tex) (/usr/local/texlive/2026/texmf-dist/tex/generic/pgf/math/pgfmathcalc.code.tex) (/usr/local/texlive/2026/texmf-dist/tex/generic/pgf/math/pgfmathfloat.code.tex
\c@pgfmathroundto@lastzeros=\count472
)) (/usr/local/texlive/2026/texmf-dist/tex/generic/pgf/math/pgfint.code.tex) (/usr/local/texlive/2026/texmf-dist/tex/generic/pgf/basiclayer/pgfcorepoints.code.tex
File: pgfcorepoints.code.tex 2025-08-29 v3.1.11a (3.1.11a)
\pgf@picminx=\dimen188
\pgf@picmaxx=\dimen189
\pgf@picminy=\dimen190
\pgf@picmaxy=\dimen191
\pgf@pathminx=\dimen192
\pgf@pathmaxx=\dimen193
\pgf@pathminy=\dimen194
\pgf@pathmaxy=\dimen195
\pgf@xx=\dimen196
\pgf@xy=\dimen197
\pgf@yx=\dimen198
\pgf@yy=\dimen199
\pgf@zx=\dimen256
\pgf@zy=\dimen257
) (/usr/local/texlive/2026/texmf-dist/tex/generic/pgf/basiclayer/pgfcorepathconstruct.code.tex
File: pgfcorepathconstruct.code.tex 2025-08-29 v3.1.11a (3.1.11a)
\pgf@path@lastx=\dimen258
\pgf@path@lasty=\dimen259
) (/usr/local/texlive/2026/texmf-dist/tex/generic/pgf/basiclayer/pgfcorepathusage.code.tex
File: pgfcorepathusage.code.tex 2025-08-29 v3.1.11a (3.1.11a)
\pgf@shorten@end@additional=\dimen260
\pgf@shorten@start@additional=\dimen261
) (/usr/local/texlive/2026/texmf-dist/tex/generic/pgf/basiclayer/pgfcorescopes.code.tex
File: pgfcorescopes.code.tex 2025-08-29 v3.1.11a (3.1.11a)
\pgfpic=\box58
\pgf@hbox=\box59
\pgf@layerbox@main=\box60
\pgf@picture@serial@count=\count473
) (/usr/local/texlive/2026/texmf-dist/tex/generic/pgf/basiclayer/pgfcoregraphicstate.code.tex
File: pgfcoregraphicstate.code.tex 2025-08-29 v3.1.11a (3.1.11a)
\pgflinewidth=\dimen262
) (/usr/local/texlive/2026/texmf-dist/tex/generic/pgf/basiclayer/pgfcoretransformations.code.tex
File: pgfcoretransformations.code.tex 2025-08-29 v3.1.11a (3.1.11a)
\pgf@pt@x=\dimen263
\pgf@pt@y=\dimen264
\pgf@pt@temp=\dimen265
) (/usr/local/texlive/2026/texmf-dist/tex/generic/pgf/basiclayer/pgfcorequick.code.tex
File: pgfcorequick.code.tex 2025-08-29 v3.1.11a (3.1.11a)
) (/usr/local/texlive/2026/texmf-dist/tex/generic/pgf/basiclayer/pgfcoreobjects.code.tex
File: pgfcoreobjects.code.tex 2025-08-29 v3.1.11a (3.1.11a)
) (/usr/local/texlive/2026/texmf-dist/tex/generic/pgf/basiclayer/pgfcorepathprocessing.code.tex
File: pgfcorepathprocessing.code.tex 2025-08-29 v3.1.11a (3.1.11a)
) (/usr/local/texlive/2026/texmf-dist/tex/generic/pgf/basiclayer/pgfcorearrows.code.tex
File: pgfcorearrows.code.tex 2025-08-29 v3.1.11a (3.1.11a)
\pgfarrowsep=\dimen266
) (/usr/local/texlive/2026/texmf-dist/tex/generic/pgf/basiclayer/pgfcoreshade.code.tex
File: pgfcoreshade.code.tex 2025-08-29 v3.1.11a (3.1.11a)
\pgf@max=\dimen267
\pgf@sys@shading@range@num=\count474
\pgf@shadingcount=\count475
) (/usr/local/texlive/2026/texmf-dist/tex/generic/pgf/basiclayer/pgfcoreimage.code.tex
File: pgfcoreimage.code.tex 2025-08-29 v3.1.11a (3.1.11a)
) (/usr/local/texlive/2026/texmf-dist/tex/generic/pgf/basiclayer/pgfcoreexternal.code.tex
File: pgfcoreexternal.code.tex 2025-08-29 v3.1.11a (3.1.11a)
\pgfexternal@startupbox=\box61
) (/usr/local/texlive/2026/texmf-dist/tex/generic/pgf/basiclayer/pgfcorelayers.code.tex
File: pgfcorelayers.code.tex 2025-08-29 v3.1.11a (3.1.11a)
) (/usr/local/texlive/2026/texmf-dist/tex/generic/pgf/basiclayer/pgfcoretransparency.code.tex
File: pgfcoretransparency.code.tex 2025-08-29 v3.1.11a (3.1.11a)
) (/usr/local/texlive/2026/texmf-dist/tex/generic/pgf/basiclayer/pgfcorepatterns.code.tex
File: pgfcorepatterns.code.tex 2025-08-29 v3.1.11a (3.1.11a)
) (/usr/local/texlive/2026/texmf-dist/tex/generic/pgf/basiclayer/pgfcorerdf.code.tex
File: pgfcorerdf.code.tex 2025-08-29 v3.1.11a (3.1.11a)
))) (/usr/local/texlive/2026/texmf-dist/tex/generic/pgf/modules/pgfmoduleshapes.code.tex
File: pgfmoduleshapes.code.tex 2025-08-29 v3.1.11a (3.1.11a)
\pgfnodeparttextbox=\box62
) (/usr/local/texlive/2026/texmf-dist/tex/generic/pgf/modules/pgfmoduleplot.code.tex
File: pgfmoduleplot.code.tex 2025-08-29 v3.1.11a (3.1.11a)
) (/usr/local/texlive/2026/texmf-dist/tex/latex/pgf/compatibility/pgfcomp-version-0-65.sty
Package: pgfcomp-version-0-65 2025-08-29 v3.1.11a (3.1.11a)
\pgf@nodesepstart=\dimen268
\pgf@nodesepend=\dimen269
) (/usr/local/texlive/2026/texmf-dist/tex/latex/pgf/compatibility/pgfcomp-version-1-18.sty
Package: pgfcomp-version-1-18 2025-08-29 v3.1.11a (3.1.11a)
)) (/usr/local/texlive/2026/texmf-dist/tex/latex/pgf/utilities/pgffor.sty (/usr/local/texlive/2026/texmf-dist/tex/latex/pgf/utilities/pgfkeys.sty (/usr/local/texlive/2026/texmf-dist/tex/generic/pgf/utilities/pgfkeys.code.tex)) (/usr/local/texlive/2026/texmf-dist/tex/latex/pgf/math/pgfmath.sty (/usr/local/texlive/2026/texmf-dist/tex/generic/pgf/math/pgfmath.code.tex)) (/usr/local/texlive/2026/texmf-dist/tex/generic/pgf/utilities/pgffor.code.tex
Package: pgffor 2025-08-29 v3.1.11a (3.1.11a)
\pgffor@iter=\dimen270
\pgffor@skip=\dimen271
\pgffor@stack=\toks43
\pgffor@toks=\toks44
)) (/usr/local/texlive/2026/texmf-dist/tex/generic/pgf/frontendlayer/tikz/tikz.code.tex
Package: tikz 2025-08-29 v3.1.11a (3.1.11a)
 (/usr/local/texlive/2026/texmf-dist/tex/generic/pgf/libraries/pgflibraryplothandlers.code.tex
File: pgflibraryplothandlers.code.tex 2025-08-29 v3.1.11a (3.1.11a)
\pgf@plot@mark@count=\count476
\pgfplotmarksize=\dimen272
)
\tikz@lastx=\dimen273
\tikz@lasty=\dimen274
\tikz@lastxsaved=\dimen275
\tikz@lastysaved=\dimen276
\tikz@lastmovetox=\dimen277
\tikz@lastmovetoy=\dimen278
\tikzleveldistance=\dimen279
\tikzsiblingdistance=\dimen280
\tikz@figbox=\box63
\tikz@figbox@bg=\box64
\tikz@tempbox=\box65
\tikz@tempbox@bg=\box66
\tikztreelevel=\count477
\tikznumberofchildren=\count478
\tikznumberofcurrentchild=\count479
\tikz@fig@count=\count480
 (/usr/local/texlive/2026/texmf-dist/tex/generic/pgf/modules/pgfmodulematrix.code.tex
File: pgfmodulematrix.code.tex 2025-08-29 v3.1.11a (3.1.11a)
\pgfmatrixcurrentrow=\count481
\pgfmatrixcurrentcolumn=\count482
\pgf@matrix@numberofcolumns=\count483
)
\tikz@expandcount=\count484
 (/usr/local/texlive/2026/texmf-dist/tex/generic/pgf/frontendlayer/tikz/libraries/tikzlibrarytopaths.code.tex
File: tikzlibrarytopaths.code.tex 2025-08-29 v3.1.11a (3.1.11a)
))) (/usr/local/texlive/2026/texmf-dist/tex/latex/pgfplots/pgfplots.sty (/usr/local/texlive/2026/texmf-dist/tex/generic/pgfplots/pgfplots.revision.tex)
Package: pgfplots 2025/08/14 v1.18.2 Data Visualization (1.18.2)
 (/usr/local/texlive/2026/texmf-dist/tex/generic/pgfplots/pgfplots.code.tex (/usr/local/texlive/2026/texmf-dist/tex/generic/pgfplots/pgfplotscore.code.tex
\t@pgfplots@toka=\toks45
\t@pgfplots@tokb=\toks46
\t@pgfplots@tokc=\toks47
\pgfplots@tmpa=\dimen281
\c@pgfplots@coordindex=\count485
\c@pgfplots@scanlineindex=\count486
 (/usr/local/texlive/2026/texmf-dist/tex/generic/pgfplots/sys/pgfplotssysgeneric.code.tex)) (/usr/local/texlive/2026/texmf-dist/tex/generic/pgfplots/libs/pgfplotslibrary.code.tex) (/usr/local/texlive/2026/texmf-dist/tex/generic/pgfplots/oldpgfcompatib/pgfplotsoldpgfsupp_loader.code.tex (/usr/local/texlive/2026/texmf-dist/tex/generic/pgf/libraries/pgflibraryfpu.code.tex) (/usr/local/texlive/2026/texmf-dist/tex/generic/pgfplots/oldpgfcompatib/pgfplotsoldpgfsupp_pgfutil-common-lists.tex)) (/usr/local/texlive/2026/texmf-dist/tex/generic/pgfplots/util/pgfplotsutil.code.tex (/usr/local/texlive/2026/texmf-dist/tex/generic/pgfplots/liststructure/pgfplotsliststructure.code.tex) (/usr/local/texlive/2026/texmf-dist/tex/generic/pgfplots/liststructure/pgfplotsliststructureext.code.tex) (/usr/local/texlive/2026/texmf-dist/tex/generic/pgfplots/liststructure/pgfplotsarray.code.tex
\c@pgfplotsarray@tmp=\count487
) (/usr/local/texlive/2026/texmf-dist/tex/generic/pgfplots/liststructure/pgfplotsmatrix.code.tex) (/usr/local/texlive/2026/texmf-dist/tex/generic/pgfplots/numtable/pgfplotstableshared.code.tex
\c@pgfplotstable@counta=\count488
\t@pgfplotstable@a=\toks48
) (/usr/local/texlive/2026/texmf-dist/tex/generic/pgfplots/liststructure/pgfplotsdeque.code.tex) (/usr/local/texlive/2026/texmf-dist/tex/generic/pgfplots/util/pgfplotsbinary.code.tex (/usr/local/texlive/2026/texmf-dist/tex/generic/pgfplots/util/pgfplotsbinary.data.code.tex)) (/usr/local/texlive/2026/texmf-dist/tex/generic/pgfplots/util/pgfplotsutil.verb.code.tex) (/usr/local/texlive/2026/texmf-dist/tex/generic/pgfplots/libs/pgflibrarypgfplots.surfshading.code.tex
\c@pgfplotslibrarysurf@no=\count489
 (/usr/local/texlive/2026/texmf-dist/tex/generic/pgfplots/sys/pgflibrarypgfplots.surfshading.pgfsys-pdftex.def))) (/usr/local/texlive/2026/texmf-dist/tex/generic/pgfplots/util/pgfplotscolormap.code.tex (/usr/local/texlive/2026/texmf-dist/tex/generic/pgfplots/util/pgfplotscolor.code.tex)) (/usr/local/texlive/2026/texmf-dist/tex/generic/pgfplots/pgfplotsstackedplots.code.tex) (/usr/local/texlive/2026/texmf-dist/tex/generic/pgfplots/pgfplotsplothandlers.code.tex (/usr/local/texlive/2026/texmf-dist/tex/generic/pgfplots/pgfplotsmeshplothandler.code.tex (/usr/local/texlive/2026/texmf-dist/tex/generic/pgfplots/pgfplotsmeshplotimage.code.tex))) (/usr/local/texlive/2026/texmf-dist/tex/generic/pgfplots/pgfplots.scaling.code.tex) (/usr/local/texlive/2026/texmf-dist/tex/generic/pgfplots/pgfplotscoordprocessing.code.tex) (/usr/local/texlive/2026/texmf-dist/tex/generic/pgfplots/pgfplots.errorbars.code.tex) (/usr/local/texlive/2026/texmf-dist/tex/generic/pgfplots/pgfplots.markers.code.tex) (/usr/local/texlive/2026/texmf-dist/tex/generic/pgfplots/pgfplotsticks.code.tex) (/usr/local/texlive/2026/texmf-dist/tex/generic/pgfplots/pgfplots.paths.code.tex) (/usr/local/texlive/2026/texmf-dist/tex/generic/pgf/frontendlayer/tikz/libraries/tikzlibrarydecorations.code.tex (/usr/local/texlive/2026/texmf-dist/tex/generic/pgf/modules/pgfmoduledecorations.code.tex
\pgfdecoratedcompleteddistance=\dimen282
\pgfdecoratedremainingdistance=\dimen283
\pgfdecoratedinputsegmentcompleteddistance=\dimen284
\pgfdecoratedinputsegmentremainingdistance=\dimen285
\pgf@decorate@distancetomove=\dimen286
\pgf@decorate@repeatstate=\count490
\pgfdecorationsegmentamplitude=\dimen287
\pgfdecorationsegmentlength=\dimen288
)
\tikz@lib@dec@box=\box67
) (/usr/local/texlive/2026/texmf-dist/tex/generic/pgf/frontendlayer/tikz/libraries/tikzlibrarydecorations.pathmorphing.code.tex (/usr/local/texlive/2026/texmf-dist/tex/generic/pgf/libraries/decorations/pgflibrarydecorations.pathmorphing.code.tex)) (/usr/local/texlive/2026/texmf-dist/tex/generic/pgf/frontendlayer/tikz/libraries/tikzlibrarydecorations.pathreplacing.code.tex (/usr/local/texlive/2026/texmf-dist/tex/generic/pgf/libraries/decorations/pgflibrarydecorations.pathreplacing.code.tex))
(/usr/local/texlive/2026/texmf-dist/tex/generic/pgfplots/libs/tikzlibrarypgfplots.contourlua.code.tex)
\pgfplots@numplots=\count491
\pgfplots@xmin@reg=\dimen289
\pgfplots@xmax@reg=\dimen290
\pgfplots@ymin@reg=\dimen291
\pgfplots@ymax@reg=\dimen292
\pgfplots@zmin@reg=\dimen293
\pgfplots@zmax@reg=\dimen294
) (/usr/local/texlive/2026/texmf-dist/tex/generic/pgf/frontendlayer/tikz/libraries/tikzlibraryplotmarks.code.tex
File: tikzlibraryplotmarks.code.tex 2025-08-29 v3.1.11a (3.1.11a)
 (/usr/local/texlive/2026/texmf-dist/tex/generic/pgf/libraries/pgflibraryplotmarks.code.tex
File: pgflibraryplotmarks.code.tex 2025-08-29 v3.1.11a (3.1.11a)
))) (/usr/local/texlive/2026/texmf-dist/tex/latex/hyperref/hyperref.sty
Package: hyperref 2026-01-29 v7.01p Hypertext links for LaTeX
 (/usr/local/texlive/2026/texmf-dist/tex/generic/kvdefinekeys/kvdefinekeys.sty
Package: kvdefinekeys 2019-12-19 v1.6 Define keys (HO)
) (/usr/local/texlive/2026/texmf-dist/tex/generic/pdfescape/pdfescape.sty
Package: pdfescape 2019/12/09 v1.15 Implements pdfTeX's escape features (HO)
) (/usr/local/texlive/2026/texmf-dist/tex/latex/hycolor/hycolor.sty
Package: hycolor 2020-01-27 v1.10 Color options for hyperref/bookmark (HO)
) (/usr/local/texlive/2026/texmf-dist/tex/latex/hyperref/nameref.sty
Package: nameref 2026-01-29 v2.58 Cross-referencing by name of section
 (/usr/local/texlive/2026/texmf-dist/tex/latex/refcount/refcount.sty
Package: refcount 2019/12/15 v3.6 Data extraction from label references (HO)
) (/usr/local/texlive/2026/texmf-dist/tex/generic/gettitlestring/gettitlestring.sty
Package: gettitlestring 2019/12/15 v1.6 Cleanup title references (HO)
)
\c@section@level=\count492
) (/usr/local/texlive/2026/texmf-dist/tex/generic/stringenc/stringenc.sty
Package: stringenc 2019/11/29 v1.12 Convert strings between diff. encodings (HO)
)
\@linkdim=\dimen295
\Hy@linkcounter=\count493
\Hy@pagecounter=\count494
 (/usr/local/texlive/2026/texmf-dist/tex/latex/hyperref/pd1enc.def
File: pd1enc.def 2026-01-29 v7.01p Hyperref: PDFDocEncoding definition (HO)
Now handling font encoding PD1 ...
... no UTF-8 mapping file for font encoding PD1
) (/usr/local/texlive/2026/texmf-dist/tex/generic/intcalc/intcalc.sty
Package: intcalc 2019/12/15 v1.3 Expandable calculations with integers (HO)
)
\Hy@SavedSpaceFactor=\count495
 (/usr/local/texlive/2026/texmf-dist/tex/latex/hyperref/puenc.def
File: puenc.def 2026-01-29 v7.01p Hyperref: PDF Unicode definition (HO)
Now handling font encoding PU ...
... no UTF-8 mapping file for font encoding PU
 (/usr/local/texlive/2026/texmf-dist/tex/latex/greek-fontenc/puenc-greek.def
File: puenc-greek.def 2023-09-12 2.5 Greek LICRs for PDF strings
 (/usr/local/texlive/2026/texmf-dist/tex/latex/greek-fontenc/greek-fontenc.def
File: greek-fontenc.def 2023-09-12 2.5 Common Greek font encoding definitions
)
LaTeX Encoding Info:    Redeclaring text command \textmu (encoding PU) on input line 179.
)
LaTeX Encoding Info:    Redeclaring text command \textohm (encoding PU) on input line 1176.
)
Package hyperref Info: Option `unicode' set `true' on input line 3166.
Package hyperref Info: Hyper figures OFF on input line 4201.
Package hyperref Info: Link nesting OFF on input line 4206.
Package hyperref Info: Hyper index ON on input line 4209.
Package hyperref Info: Plain pages OFF on input line 4216.
Package hyperref Info: Backreferencing OFF on input line 4221.
Package hyperref Info: Implicit mode ON; LaTeX internals redefined.
Package hyperref Info: Bookmarks ON on input line 4468.
\c@Hy@tempcnt=\count496
LaTeX Info: Redefining \url on input line 4807.
\XeTeXLinkMargin=\dimen296
 (/usr/local/texlive/2026/texmf-dist/tex/generic/bitset/bitset.sty
Package: bitset 2019/12/09 v1.3 Handle bit-vector datatype (HO)
 (/usr/local/texlive/2026/texmf-dist/tex/generic/bigintcalc/bigintcalc.sty
Package: bigintcalc 2019/12/15 v1.5 Expandable calculations on big integers (HO)
))
\Fld@menulength=\count497
\Field@Width=\dimen297
\Fld@charsize=\dimen298
Package hyperref Info: Hyper figures OFF on input line 6084.
Package hyperref Info: Link nesting OFF on input line 6089.
Package hyperref Info: Hyper index ON on input line 6092.
Package hyperref Info: backreferencing OFF on input line 6099.
Package hyperref Info: Link coloring OFF on input line 6104.
Package hyperref Info: Link coloring with OCG OFF on input line 6109.
Package hyperref Info: PDF/A mode OFF on input line 6114.
\Hy@abspage=\count498
\c@Item=\count499
\c@Hfootnote=\count500
)
Package hyperref Info: Driver (autodetected): hpdftex.
 (/usr/local/texlive/2026/texmf-dist/tex/latex/hyperref/hpdftex.def
File: hpdftex.def 2026-01-29 v7.01p Hyperref driver for pdfTeX
\Fld@listcount=\count501
\c@bookmark@seq@number=\count502
 (/usr/local/texlive/2026/texmf-dist/tex/latex/rerunfilecheck/rerunfilecheck.sty
Package: rerunfilecheck 2025-06-21 v1.11 Rerun checks for auxiliary files (HO)
 (/usr/local/texlive/2026/texmf-dist/tex/generic/uniquecounter/uniquecounter.sty
Package: uniquecounter 2019/12/15 v1.4 Provide unlimited unique counter (HO)
)
Package uniquecounter Info: New unique counter `rerunfilecheck' on input line 284.
)
\Hy@SectionHShift=\skip123
) (/usr/local/texlive/2026/texmf-dist/tex/latex/bookmark/bookmark.sty
Package: bookmark 2023-12-10 v1.31 PDF bookmarks (HO)
 (/usr/local/texlive/2026/texmf-dist/tex/latex/bookmark/bkm-pdftex.def
File: bkm-pdftex.def 2023-12-10 v1.31 bookmark driver for pdfTeX and luaTeX (HO)
\BKM@id=\count503
)) (/usr/local/texlive/2026/texmf-dist/tex/latex/caption/caption.sty
Package: caption 2023/08/05 v3.6o Customizing captions (AR)
 (/usr/local/texlive/2026/texmf-dist/tex/latex/caption/caption3.sty
Package: caption3 2023/07/31 v2.4d caption3 kernel (AR)
\caption@tempdima=\dimen299
\captionmargin=\dimen300
\caption@leftmargin=\dimen301
\caption@rightmargin=\dimen302
\caption@width=\dimen303
\caption@indent=\dimen304
\caption@parindent=\dimen305
\caption@hangindent=\dimen306
Package caption Info: Standard document class detected.
)
\c@caption@flags=\count504
\c@continuedfloat=\count505
Package caption Info: hyperref package is loaded.
) (/usr/local/texlive/2026/texmf-dist/tex/latex/placeins/placeins.sty
Package: placeins 2005/04/18  v 2.2
) (/usr/local/texlive/2026/texmf-dist/tex/latex/cleveref/cleveref.sty
Package: cleveref 2018/03/27 v0.21.4 Intelligent cross-referencing
Package cleveref Info: `hyperref' support loaded on input line 2370.
LaTeX Info: Redefining \cref on input line 2370.
LaTeX Info: Redefining \Cref on input line 2370.
LaTeX Info: Redefining \crefrange on input line 2370.
LaTeX Info: Redefining \Crefrange on input line 2370.
LaTeX Info: Redefining \cpageref on input line 2370.
LaTeX Info: Redefining \Cpageref on input line 2370.
LaTeX Info: Redefining \cpagerefrange on input line 2370.
LaTeX Info: Redefining \Cpagerefrange on input line 2370.
LaTeX Info: Redefining \labelcref on input line 2370.
LaTeX Info: Redefining \labelcpageref on input line 2370.
)
==> First Aid for cleveref.sty applied!
Package csquotes Info: Checking for multilingual support...
Package csquotes Info: ... found 'babel' package.
Package csquotes Info: Adjusting default style.
Package csquotes Info: Redefining alias 'default' -> 'russian'.
LaTeX Font Info:    Trying to load font information for T1+Tempora-TLF on input line 90.
(/usr/local/texlive/2026/texmf-dist/tex/latex/tempora/T1Tempora-TLF.fd
File: T1Tempora-TLF.fd 2016/02/02 (autoinst) Font definitions for T1/Tempora-TLF.
)
LaTeX Font Info:    Font shape `T1/Tempora-TLF/m/n' will be
(Font)              scaled to size 14.4pt on input line 90.
 (./cursach.aux
LaTeX Font Info:    Trying to load font information for T2A+Tempora-TLF on input line 10.
 (/usr/local/texlive/2026/texmf-dist/tex/latex/tempora/t2atempora-tlf.fd
File: t2atempora-tlf.fd 2015/09/13 Font definitions for T2A/Tempora-TLF.
)
LaTeX Font Info:    Font shape `T2A/Tempora-TLF/m/n' will be
(Font)              scaled to size 14.4pt on input line 10.
Package babel Info: 'russian' activates 'russian' shorthands.
(babel)             Reported on input line 10.
)
\openout1 = `cursach.aux'.

LaTeX Font Info:    Checking defaults for OML/cmm/m/it on input line 90.
LaTeX Font Info:    ... okay on input line 90.
LaTeX Font Info:    Checking defaults for OMS/cmsy/m/n on input line 90.
LaTeX Font Info:    ... okay on input line 90.
LaTeX Font Info:    Checking defaults for OT1/cmr/m/n on input line 90.
LaTeX Font Info:    ... okay on input line 90.
LaTeX Font Info:    Checking defaults for T1/cmr/m/n on input line 90.
LaTeX Font Info:    ... okay on input line 90.
LaTeX Font Info:    Checking defaults for TS1/cmr/m/n on input line 90.
LaTeX Font Info:    ... okay on input line 90.
LaTeX Font Info:    Checking defaults for OMX/cmex/m/n on input line 90.
LaTeX Font Info:    ... okay on input line 90.
LaTeX Font Info:    Checking defaults for U/cmr/m/n on input line 90.
LaTeX Font Info:    ... okay on input line 90.
LaTeX Font Info:    Checking defaults for T2A/cmr/m/n on input line 90.
LaTeX Font Info:    ... okay on input line 90.
LaTeX Font Info:    Checking defaults for OT2/cmr/m/n on input line 90.
LaTeX Font Info:    Trying to load font information for OT2+cmr on input line 90.
 (/usr/local/texlive/2026/texmf-dist/tex/latex/cyrillic/ot2cmr.fd
File: ot2cmr.fd 2001/08/11 v3.2c Computer Modern Cyrillic font definitions
)
LaTeX Font Info:    ... okay on input line 90.
LaTeX Font Info:    Checking defaults for T2C/cmr/m/n on input line 90.
LaTeX Font Info:    Trying to load font information for T2C+cmr on input line 90.
 (/usr/local/texlive/2026/texmf-dist/tex/latex/cyrillic/t2ccmr.fd
File: t2ccmr.fd 2001/08/11 v1.0a Computer Modern Cyrillic font definitions
)
LaTeX Font Info:    ... okay on input line 90.
LaTeX Font Info:    Checking defaults for T2B/cmr/m/n on input line 90.
LaTeX Font Info:    Trying to load font information for T2B+cmr on input line 90.
 (/usr/local/texlive/2026/texmf-dist/tex/latex/cyrillic/t2bcmr.fd
File: t2bcmr.fd 2001/08/11 v1.0a Computer Modern Cyrillic font definitions
)
LaTeX Font Info:    ... okay on input line 90.
LaTeX Font Info:    Checking defaults for LGR/cmr/m/n on input line 90.
LaTeX Font Info:    Trying to load font information for LGR+cmr on input line 90.
 (/usr/local/texlive/2026/texmf-dist/tex/latex/cbfonts-fd/lgrcmr.fd
File: lgrcmr.fd 2017/07/29 v1.2 Greek European Computer Regular
)
LaTeX Font Info:    ... okay on input line 90.
LaTeX Font Info:    Checking defaults for PD1/pdf/m/n on input line 90.
LaTeX Font Info:    ... okay on input line 90.
LaTeX Font Info:    Checking defaults for PU/pdf/m/n on input line 90.
LaTeX Font Info:    ... okay on input line 90.

*geometry* driver: auto-detecting
*geometry* detected driver: pdftex
*geometry* verbose mode - [ preamble ] result:
* driver: pdftex
* paper: a4paper
* layout: <same size as paper>
* layoutoffset:(h,v)=(0.0pt,0.0pt)
* modes: 
* h-part:(L,W,R)=(85.35826pt, 483.69687pt, 28.45274pt)
* v-part:(T,H,B)=(56.9055pt, 731.23584pt, 56.9055pt)
* \paperwidth=597.50787pt
* \paperheight=845.04684pt
* \textwidth=483.69687pt
* \textheight=731.23584pt
* \oddsidemargin=13.08827pt
* \evensidemargin=13.08827pt
* \topmargin=-54.36449pt
* \headheight=14.0pt
* \headsep=25.0pt
* \topskip=14.0pt
* \footskip=30.0pt
* \marginparwidth=15.0pt
* \marginparsep=10.0pt
* \columnsep=10.0pt
* \skip\footins=12.0pt plus 4.0pt minus 2.0pt
* \hoffset=0.0pt
* \voffset=0.0pt
* \mag=1000
* \@twocolumnfalse
* \@twosidefalse
* \@mparswitchfalse
* \@reversemarginfalse
* (1in=72.27pt=25.4mm, 1cm=28.453pt)

LaTeX Info: Redefining \th on input line 90.
\c@mv@tabular=\count506
\c@mv@boldtabular=\count507
Package biblatex Info: Trying to load language 'russian' -> 'russian-gost'...
Package biblatex Info: ... file 'russian-gost.lbx' found.
(/usr/local/texlive/2026/texmf-dist/tex/latex/biblatex-gost/russian-gost.lbx
File: russian-gost.lbx 2023/04/25 v1.24 biblatex-gost styles
Package biblatex Info: Trying to load language 'russian'...
Package biblatex Info: ... file 'russian.lbx' found.
 (/usr/local/texlive/2026/texmf-dist/tex/latex/biblatex/lbx/russian.lbx
File: russian.lbx 2025/07/10 v3.21 biblatex localization (PK/MW)
)
Package biblatex Info: Trying to load language 'russian'...
Package biblatex Info: ... file 'russian.lbx' found.
 (/usr/local/texlive/2026/texmf-dist/tex/latex/biblatex/lbx/russian.lbx
File: russian.lbx 2025/07/10 v3.21 biblatex localization (PK/MW)
))
Package biblatex Info: Input encoding 'utf8' detected.
Package biblatex Info: Automatic encoding selection.
(biblatex)             Assuming data encoding 'utf8'.
\openout3 = `cursach.bcf'.

Package biblatex Info: Trying to load bibliographic data...
Package biblatex Info: ... file 'cursach.bbl' found.
 (./cursach.bbl)
Package biblatex Info: Reference section=0 on input line 90.
Package biblatex Info: Reference segment=0 on input line 90.
 (/usr/local/texlive/2026/texmf-dist/tex/context/base/mkii/supp-pdf.mkii
[Loading MPS to PDF converter (version 2006.09.02).]
\scratchcounter=\count508
\scratchdimen=\dimen307
\scratchbox=\box68
\nofMPsegments=\count509
\nofMParguments=\count510
\everyMPshowfont=\toks49
\MPscratchCnt=\count511
\MPscratchDim=\dimen308
\MPnumerator=\count512
\makeMPintoPDFobject=\count513
\everyMPtoPDFconversion=\toks50
) (/usr/local/texlive/2026/texmf-dist/tex/latex/epstopdf-pkg/epstopdf-base.sty
Package: epstopdf-base 2020-01-24 v2.11 Base part for package epstopdf
 (/usr/local/texlive/2026/texmf-dist/tex/latex/grfext/grfext.sty
Package: grfext 2019/12/03 v1.3 Manage graphics extensions (HO)
)
Package epstopdf-base Info: Redefining graphics rule for `.eps' on input line 485.
Package grfext Info: Graphics extension search list:
(grfext)             [.pdf,.png,.jpg,.mps,.jpeg,.jbig2,.jb2,.PDF,.PNG,.JPG,.JPEG,.JBIG2,.JB2,.eps]
(grfext)             \AppendGraphicsExtensions on input line 504.
 (/usr/local/texlive/2026/texmf-dist/tex/latex/latexconfig/epstopdf-sys.cfg
File: epstopdf-sys.cfg 2010/07/13 v1.3 Configuration of (r)epstopdf for TeX Live
))
Package pgfplots notification 'compat/show suggested version=true': document has been generated with the most recent feature set (\pgfplotsset{compat=1.18}).

Package hyperref Info: Link coloring OFF on input line 90.
Package caption Info: Begin \AtBeginDocument code.
Package caption Info: End \AtBeginDocument code.
<dvfu.png, id=7, 31.317pt x 50.589pt>
File: dvfu.png Graphic file (type png)
<use dvfu.png>
Package pdftex.def Info: dvfu.png  used on input line 94.
(pdftex.def)             Requested size: 31.31691pt x 50.58887pt.
LaTeX Font Info:    Font shape `T2A/Tempora-TLF/b/n' will be
(Font)              scaled to size 14.4pt on input line 97.
LaTeX Font Info:    Font shape `T2A/Tempora-TLF/m/n' will be
(Font)              scaled to size 12.0pt on input line 122.

Overfull \hbox (2.75531pt too wide) in paragraph at lines 123--129
\T2A/Tempora-TLF/m/n/12 Оцен-ка []
 []


Underfull \hbox (badness 10000) in paragraph at lines 123--129

 []

[1

{/usr/local/texlive/2026/texmf-var/fonts/map/pdftex/updmap/pdftex.map}{/usr/local/texlive/2026/texmf-dist/fonts/enc/dvips/tempora/t2a-tempora.enc} <./dvfu.png>]
LaTeX Font Info:    Font shape `T2A/Tempora-TLF/m/n' will be
(Font)              scaled to size 20.74pt on input line 160.
LaTeX Font Info:    Font shape `T2A/Tempora-TLF/b/n' will be
(Font)              scaled to size 20.74pt on input line 160.

Underfull \hbox (badness 10000) in paragraph at lines 163--164
[]\T2A/Tempora-TLF/m/n/14.4 В дан-ной ра-бо-те ис-сле-ду-ет-ся чис-лен-ное ре-ше-ние урав-не-ния
 []


Underfull \hbox (badness 6428) in paragraph at lines 163--164
\T2A/Tempora-TLF/m/n/14.4 нели-ней-ную пространственно-временную ди-на-ми-ку и ис-поль-зу-ет-ся, в
 []

[2

]
Underfull \hbox (badness 2538) in paragraph at lines 168--168
|[]\T2A/Tempora-TLF/b/n/20.74 Математическая по-ста-нов-ка за-да-чи и
 []

LaTeX Font Info:    Font shape `T2A/Tempora-TLF/m/n' will be
(Font)              scaled to size 17.28pt on input line 171.
LaTeX Font Info:    Font shape `T2A/Tempora-TLF/b/n' will be
(Font)              scaled to size 17.28pt on input line 171.

Underfull \hbox (badness 1092) in paragraph at lines 174--175
[]\T2A/Tempora-TLF/m/n/14.4 В дан-ной ра-бо-те рас-смат-ри-ва-ет-ся од-но-мер-ная за-да-ча для урав-не-ния
 []


Underfull \hbox (badness 10000) in paragraph at lines 174--175
\T2A/Tempora-TLF/m/n/14.4 Ку-ра-мо-то^^UСивашинского, яв-ля-ю-ще-го-ся нели-ней-ным эво-лю-ци-он-ным
 []


Underfull \hbox (badness 6978) in paragraph at lines 181--194
[]\T2A/Tempora-TLF/m/n/14.4 Данное урав-не-ние опи-сы-ва-ет слож-ную пространственно-временную
 []

LaTeX Font Info:    Font shape `T2A/Tempora-TLF/m/n' will be
(Font)              scaled to size 10.0pt on input line 200.
LaTeX Font Info:    Font shape `T2A/Tempora-TLF/m/n' will be
(Font)              scaled to size 7.0pt on input line 200.

Underfull \hbox (badness 2181) in paragraph at lines 215--216
[]\T2A/Tempora-TLF/m/n/14.4 Данное ре-ше-ние по-лу-че-но пу-тјм ре-дук-ции ис-ход-но-го урав-не-ния в
 []

[3

]
Underfull \hbox (badness 2799) in paragraph at lines 247--248
[]\T2A/Tempora-TLF/m/n/14.4 Условия Ней-ма-на за-да-ют-ся []фор-му-ла (1.7)[] и опре-де-ля-ют зна-че-ния
 []


Underfull \hbox (badness 3078) in paragraph at lines 251--252
\T2A/Tempora-TLF/m/n/14.4 ди-на-ми-ку од-но-мер-но-го урав-не-ния Ку-ра-мо-то^^UСивашинского в усло-ви-ях
 []


Underfull \hbox (badness 1874) in paragraph at lines 254--255
[]\T2A/Tempora-TLF/m/n/14.4 Метод Physics-Informed Neural Networks (PINN) пред-став-ля-ет со-бой
 []


Underfull \hbox (badness 3849) in paragraph at lines 254--255
\T2A/Tempora-TLF/m/n/14.4 под-ход, в ко-то-ром ней-рон-ная сеть ис-поль-зу-ет-ся для ап-прок-си-ма-ции
 []


Underfull \hbox (badness 1817) in paragraph at lines 254--255
\T2A/Tempora-TLF/m/n/14.4 за-да-ва-е-мых этим урав-не-ни-ем. В ба-зо-вой по-ста-нов-ке ис-ко-мая функ-ция
 []

[4]
Underfull \hbox (badness 4120) in paragraph at lines 256--257
[]\T2A/Tempora-TLF/m/n/14.4 Реализация вы-пол-не-на в сре-де Python с при-ме-не-ни-ем биб-лио-тек
 []


Underfull \hbox (badness 7273) in paragraph at lines 256--257
\T2A/Tempora-TLF/m/n/14.4 ме-то-до-ло-гия обу-че-ния не за-ви-сит от кон-крет-но-го вы-чис-ли-тель-но-го
 []

LaTeX Font Info:    Trying to load font information for TS1+Tempora-TLF on input line 258.
(/usr/local/texlive/2026/texmf-dist/tex/latex/tempora/TS1Tempora-TLF.fd
File: TS1Tempora-TLF.fd 2016/02/02 (autoinst) Font definitions for TS1/Tempora-TLF.
)
LaTeX Font Info:    Font shape `TS1/Tempora-TLF/m/n' will be
(Font)              scaled to size 14.4pt on input line 258.

Underfull \hbox (badness 1648) in paragraph at lines 258--259
[]\T2A/Tempora-TLF/m/n/14.4 формирование то-чек на-чаль-но-го усло-вия (IC), гра-нич-ных усло-вий
 []


Underfull \hbox (badness 2126) in paragraph at lines 263--264
[]\T2A/Tempora-TLF/m/n/14.4 Искомая функ-ция ап-прок-си-ми-ру-ет-ся пол-но-связ-ной ней-рон-ной се-тью
 []


Underfull \hbox (badness 10000) in paragraph at lines 270--271
\T2A/Tempora-TLF/m/n/14.4 нели-ней-но-го ре-ше-ния с вы-ра-жен-ны-ми пространственно-временными
 []


Underfull \hbox (badness 10000) in paragraph at lines 272--273
\T2A/Tempora-TLF/m/n/14.4 рас-пре-де-лјн-ных в об-ла-сти опре-де-ле-ния за-да-чи. Ис-поль-зу-ют-ся три
 []


Underfull \hbox (badness 3547) in paragraph at lines 272--273
\T2A/Tempora-TLF/m/n/14.4 ти-па то-чек: точ-ки на-чаль-но-го усло-вия, точ-ки гра-нич-ных усло-вий и
 []

<stage_1/dataset.png, id=66, 681.5061pt x 501.5538pt>
File: stage_1/dataset.png Graphic file (type png)
<use stage_1/dataset.png>
Package pdftex.def Info: stage_1/dataset.png  used on input line 276.
(pdftex.def)             Requested size: 386.95897pt x 284.77895pt.

Underfull \hbox (badness 10000) in paragraph at lines 281--282
[]\T2A/Tempora-TLF/m/n/14.4 Внутренние точ-ки ис-поль-зу-ют-ся для ми-ни-ми-за-ции невяз-ки
 []

[5{/usr/local/texlive/2026/texmf-dist/fonts/enc/dvips/tempora/tmp_ac5xuc.enc}]
Underfull \hbox (badness 7558) in paragraph at lines 289--290
[]\T2A/Tempora-TLF/m/n/14.4 Функция по-терь фор-ми-ру-ет-ся как сум-ма несколь-ких сла-га-е-мых
 []

[6 <./stage_1/dataset.png>]
Underfull \hbox (badness 5147) in paragraph at lines 319--320
[]\T2A/Tempora-TLF/m/n/14.4 Каждая из ком-по-нент в []фор-му-ла (1.10)[] име-ет са-мо-сто-я-тель-ный
 []


Underfull \hbox (badness 10000) in paragraph at lines 319--320
\T2A/Tempora-TLF/m/n/14.4 физико-математический смысл. Сла-га-е-мое []фор-му-ла (1.11)[] от-ве-ча-ет
 []


Underfull \hbox (badness 4686) in paragraph at lines 319--320
\T2A/Tempora-TLF/m/n/14.4 за вы-пол-не-ние са-мо-го диф-фе-рен-ци-аль-но-го урав-не-ния во внут-рен-них
 []


Underfull \hbox (badness 10000) in paragraph at lines 334--335
\T2A/Tempora-TLF/m/n/14.4 ком-по-нент и ло-каль-ных пе-ре-па-дов ре-ше-ния. Од-на-ко клас-си-че-ские
 []

[7]
Underfull \hbox (badness 10000) in paragraph at lines 341--342
[]\T2A/Tempora-TLF/m/n/14.4 Конкретные па-ра-мет-ры вы-чис-ли-тель-но-го экс-пе-ри-мен-та,
 []


Underfull \hbox (badness 5578) in paragraph at lines 341--342
\T2A/Tempora-TLF/m/n/14.4 пространственно-временная об-ласть, дли-тель-ность обу-че-ния и де-та-ли
 []

[8]
Underfull \hbox (badness 10000) in paragraph at lines 344--344
|[]\T2A/Tempora-TLF/b/n/20.74 Этап 1: ба-зо-вый вы-чис-ли-тель-ный
 []


Underfull \hbox (badness 10000) in paragraph at lines 348--349
[]\T2A/Tempora-TLF/m/n/14.4 Вычислительный экс-пе-ри-мент для ре-ше-ния урав-не-ния
 []


Underfull \hbox (badness 10000) in paragraph at lines 348--349
\T2A/Tempora-TLF/m/n/14.4 Ку-ра-мо-то^^UСивашинского про-во-дил-ся в пря-мо-уголь-ной
 []


Underfull \hbox (badness 2735) in paragraph at lines 348--349
\T2A/Tempora-TLF/m/n/14.4 об-ла-сти опре-де-ле-ния. Схе-ма-ти-че-ски рас-пре-де-ле-ние то-чек по-ка-за-но на
 []


Underfull \hbox (badness 1360) in paragraph at lines 352--353
\T2A/Tempora-TLF/m/n/14.4 вы-ход-ной функ-ции и по-вы-сить спо-соб-ность се-ти пе-ре-да-вать ло-каль-ные
 []


Underfull \hbox (badness 1810) in paragraph at lines 354--355
\T2A/Tempora-TLF/m/n/14.4 схо-ди-мо-сти и эво-лю-ции ап-прок-си-ма-ции до-пол-ни-тель-но рас-смат-ри-ва-лись
 []


Underfull \hbox (badness 2617) in paragraph at lines 354--355
\T2A/Tempora-TLF/m/n/14.4 про-ме-жу-точ-ные со-сто-я-ния по-сле $\OT1/cmr/m/n/14.4 3000$\T2A/Tempora-TLF/m/n/14.4 , $\OT1/cmr/m/n/14.4 7000$ \T2A/Tempora-TLF/m/n/14.4 и $\OT1/cmr/m/n/14.4 10000$ \T2A/Tempora-TLF/m/n/14.4 эпох. Ка-че-ство
 []


Underfull \hbox (badness 1178) in paragraph at lines 358--359
\T2A/Tempora-TLF/m/n/14.4 и су-ще-ствен-но от-ли-ча-ет-ся от точ-но-го ре-ше-ния как по ам-пли-ту-де, так
 []

[9

]
<stage_1/aprox1.png, id=126, 859.2903pt x 245.718pt>
File: stage_1/aprox1.png Graphic file (type png)
<use stage_1/aprox1.png>
Package pdftex.def Info: stage_1/aprox1.png  used on input line 362.
(pdftex.def)             Requested size: 386.95897pt x 110.6508pt.
<stage_1/aprox3.png, id=127, 859.2903pt x 245.718pt>
File: stage_1/aprox3.png Graphic file (type png)
<use stage_1/aprox3.png>
Package pdftex.def Info: stage_1/aprox3.png  used on input line 371.
(pdftex.def)             Requested size: 386.95897pt x 110.6508pt.
<stage_1/aprox7.png, id=128, 859.2903pt x 245.718pt>
File: stage_1/aprox7.png Graphic file (type png)
<use stage_1/aprox7.png>
Package pdftex.def Info: stage_1/aprox7.png  used on input line 378.
(pdftex.def)             Requested size: 386.95897pt x 110.6508pt.
<stage_1/aprox13.png, id=129, 859.2903pt x 245.718pt>
File: stage_1/aprox13.png Graphic file (type png)
<use stage_1/aprox13.png>
Package pdftex.def Info: stage_1/aprox13.png  used on input line 385.
(pdftex.def)             Requested size: 386.95897pt x 110.6508pt.
<stage_1/aprox14.png, id=130, 859.2903pt x 245.718pt>
File: stage_1/aprox14.png Graphic file (type png)
<use stage_1/aprox14.png>
Package pdftex.def Info: stage_1/aprox14.png  used on input line 393.
(pdftex.def)             Requested size: 386.95897pt x 110.6508pt.

Underfull \hbox (badness 3657) in paragraph at lines 390--397
[]\T2A/Tempora-TLF/m/n/14.4 На за-клю-чи-тель-ной ста-дии пред-ска-за-ние прак-ти-че-ски сов-па-да-ет с
 []


Underfull \hbox (badness 1163) in paragraph at lines 399--400
[]\T2A/Tempora-TLF/m/n/14.4 Как по-ка-зы-ва-ет []ри-су-нок 7[], ком-по-нен-ты функ-ции по-терь убы-ва-ют с
 []


Underfull \hbox (badness 4582) in paragraph at lines 399--400
\T2A/Tempora-TLF/m/n/14.4 На позд-ней ста-дии ком-по-нент, со-от-вет-ству-ю-щий усло-ви-ям Ней-ма-на,
 []


Underfull \hbox (badness 1484) in paragraph at lines 399--400
\T2A/Tempora-TLF/m/n/14.4 де-мон-стри-ру-ет бо-лее ров-ную ди-на-ми-ку и мень-шую чув-стви-тель-ность к
 []

[10 <./stage_1/aprox1.png> <./stage_1/aprox3.png> <./stage_1/aprox7.png>]
<stage_1/lossComponets.png, id=141, 642.4803pt x 281.853pt>
File: stage_1/lossComponets.png Graphic file (type png)
<use stage_1/lossComponets.png>
Package pdftex.def Info: stage_1/lossComponets.png  used on input line 403.
(pdftex.def)             Requested size: 386.95897pt x 169.75821pt.

Underfull \hbox (badness 1314) in paragraph at lines 408--410
\T2A/Tempora-TLF/m/n/14.4 ча-сти про-цес-са обу-че-ния и до-сти-га-ет по-ряд-ка $\OT1/cmr/m/n/14.4 10[]$\T2A/Tempora-TLF/m/n/14.4 , что со-от-вет-ству-ет
 []


Underfull \hbox (badness 3746) in paragraph at lines 408--410
\T2A/Tempora-TLF/m/n/14.4 ка-че-ствен-ной ап-прок-си-ма-ции. На за-клю-чи-тель-ном участ-ке по-яв-ля-ют-ся
 []


Underfull \hbox (badness 3407) in paragraph at lines 408--410
\T2A/Tempora-TLF/m/n/14.4 ком-по-нент. Это ука-зы-ва-ет на дис-ба-ланс меж-ду от-дель-ны-ми ча-стя-ми
 []

<stage_1/total_loss.png, id=143, 570.933pt x 281.853pt>
File: stage_1/total_loss.png Graphic file (type png)
<use stage_1/total_loss.png>
Package pdftex.def Info: stage_1/total_loss.png  used on input line 414.
(pdftex.def)             Requested size: 386.95897pt x 191.0382pt.
[11 <./stage_1/aprox13.png> <./stage_1/aprox14.png>] [12 <./stage_1/lossComponets.png> <./stage_1/total_loss.png>]
Underfull \hbox (badness 1072) in paragraph at lines 419--419
|[]\T2A/Tempora-TLF/b/n/20.74 Этап 2: по-ни-же-ние по-ряд-ка и ана-лиз
 []


Underfull \hbox (badness 10000) in paragraph at lines 420--420
|[]\T2A/Tempora-TLF/b/n/17.28 Модификация по-ста-нов-ки за-да-чи и ва-ри-ан-ты
 []


Underfull \hbox (badness 1231) in paragraph at lines 436--438
\T2A/Tempora-TLF/m/n/14.4 чет-вјр-то-го по-ряд-ка, ко-то-рое в PINN ча-сто со-про-вож-да-ет-ся жјст-ко-стью
 []


Underfull \hbox (badness 4543) in paragraph at lines 439--440
[]\T2A/Tempora-TLF/m/n/14.4 Для ре-ше-ния мо-ди-фи-ци-ро-ван-ной си-сте-мы бы-ли рас-смот-ре-ны три
 []

LaTeX Font Info:    Trying to load font information for T2A+cmtt on input line 441.
(/usr/local/texlive/2026/texmf-dist/tex/latex/cyrillic/t2acmtt.fd
File: t2acmtt.fd 2001/08/11 v1.0a Computer Modern Cyrillic font definitions
)
LaTeX Font Info:    Font shape `T2A/cmtt/bx/n' in size <14.4> not available
(Font)              Font shape `T2A/cmtt/m/n' tried instead on input line 441.

Underfull \hbox (badness 1019) in paragraph at lines 441--442
\T2A/Tempora-TLF/m/n/14.4 про-стран-ства вхо-дов в дву-мер-ный вы-ход $\OT1/cmr/m/n/14.4 (\OML/cmm/m/it/14.4 u; v\OT1/cmr/m/n/14.4 )$ \T2A/Tempora-TLF/m/n/14.4 с об-щим скры-тым
 []

[13

{/usr/local/texlive/2026/texmf-dist/fonts/enc/dvips/cm-super/cm-super-t2a.enc}]
<stage_2/all_error.png, id=177, 642.4803pt x 281.853pt>
File: stage_2/all_error.png Graphic file (type png)
<use stage_2/all_error.png>
Package pdftex.def Info: stage_2/all_error.png  used on input line 452.
(pdftex.def)             Requested size: 386.95897pt x 169.75821pt.

Underfull \hbox (badness 1810) in paragraph at lines 458--459
\T2A/Tempora-TLF/m/n/14.4 ар-хи-тек-тур вто-ро-го эта-па наи-бо-лее ров-ную тра-ек-то-рию и наи-мень-ший
 []


Underfull \hbox (badness 2050) in paragraph at lines 458--459
\T2A/Tempora-TLF/m/n/14.4 фи-наль-ный уро-вень ошиб-ки де-мон-стри-ру-ет \T2A/cmtt/m/n/14.4 shared_-trunk\T2A/Tempora-TLF/m/n/14.4 . Ар-хи-тек-ту-ра
 []

<stage_2/shared_trunk_total_loss.png, id=180, 570.933pt x 281.853pt>
File: stage_2/shared_trunk_total_loss.png Graphic file (type png)
<use stage_2/shared_trunk_total_loss.png>
Package pdftex.def Info: stage_2/shared_trunk_total_loss.png  used on input line 462.
(pdftex.def)             Requested size: 386.95897pt x 191.0382pt.
<stage_2/tow_output_total_loss.png, id=181, 570.933pt x 281.853pt>
File: stage_2/tow_output_total_loss.png Graphic file (type png)
<use stage_2/tow_output_total_loss.png>
Package pdftex.def Info: stage_2/tow_output_total_loss.png  used on input line 469.
(pdftex.def)             Requested size: 386.95897pt x 191.0382pt.
<stage_2/tow_model_total_loss.png, id=182, 570.933pt x 281.853pt>
File: stage_2/tow_model_total_loss.png Graphic file (type png)
<use stage_2/tow_model_total_loss.png>
Package pdftex.def Info: stage_2/tow_model_total_loss.png  used on input line 476.
(pdftex.def)             Requested size: 386.95897pt x 191.0382pt.
[14 <./stage_2/all_error.png>]

LaTeX Warning: Text page 15 contains only floats.

[15 <./stage_2/shared_trunk_total_loss.png> <./stage_2/tow_output_total_loss.png> <./stage_2/tow_model_total_loss.png>]
<stage_2/shared_trunk_loss_components.png, id=204, 642.4803pt x 281.853pt>
File: stage_2/shared_trunk_loss_components.png Graphic file (type png)
<use stage_2/shared_trunk_loss_components.png>
Package pdftex.def Info: stage_2/shared_trunk_loss_components.png  used on input line 485.
(pdftex.def)             Requested size: 386.95897pt x 169.75821pt.
<stage_2/tow_output_loss_components.png, id=205, 642.4803pt x 281.853pt>
File: stage_2/tow_output_loss_components.png Graphic file (type png)
<use stage_2/tow_output_loss_components.png>
Package pdftex.def Info: stage_2/tow_output_loss_components.png  used on input line 492.
(pdftex.def)             Requested size: 386.95897pt x 169.75821pt.
<stage_2/tow_model_loss_components.png, id=206, 642.4803pt x 281.853pt>
File: stage_2/tow_model_loss_components.png Graphic file (type png)
<use stage_2/tow_model_loss_components.png>
Package pdftex.def Info: stage_2/tow_model_loss_components.png  used on input line 499.
(pdftex.def)             Requested size: 386.95897pt x 169.75821pt.

Underfull \hbox (badness 1755) in paragraph at lines 504--505
[]\T2A/Tempora-TLF/m/n/14.4 Пики на кри-вых total loss и от-дель-ных ком-по-нент воз-ни-ка-ют при
 []


Underfull \hbox (badness 3098) in paragraph at lines 504--505
\T2A/Tempora-TLF/m/n/14.4 об-щие пространственно-временные при-зна-ки из-вле-ка-ют-ся сов-мест-но, а
 []

[16 <./stage_2/shared_trunk_loss_components.png> <./stage_2/tow_output_loss_components.png>]
<stage_2/shared_trunk_aprox_evalution.png, id=216, 1076.823pt x 495.0495pt>
File: stage_2/shared_trunk_aprox_evalution.png Graphic file (type png)
<use stage_2/shared_trunk_aprox_evalution.png>
Package pdftex.def Info: stage_2/shared_trunk_aprox_evalution.png  used on input line 514.
(pdftex.def)             Requested size: 483.69687pt x 222.36986pt.
<stage_2/tow_output_aprox_evolution.png, id=217, 1076.1003pt x 495.0495pt>
File: stage_2/tow_output_aprox_evolution.png Graphic file (type png)
<use stage_2/tow_output_aprox_evolution.png>
Package pdftex.def Info: stage_2/tow_output_aprox_evolution.png  used on input line 521.
(pdftex.def)             Requested size: 483.69687pt x 222.51338pt.
<stage_2/tow_model_aprox_evalution.png, id=218, 1082.6046pt x 495.0495pt>
File: stage_2/tow_model_aprox_evalution.png Graphic file (type png)
<use stage_2/tow_model_aprox_evalution.png>
Package pdftex.def Info: stage_2/tow_model_aprox_evalution.png  used on input line 528.
(pdftex.def)             Requested size: 483.69687pt x 221.1839pt.
 [17 <./stage_2/tow_model_loss_components.png>]
Underfull \hbox (badness 1033) in paragraph at lines 540--541
\T2A/Tempora-TLF/m/n/14.4 пред-став-ле-ни-ем, но оно долж-но од-но-вре-мен-но ко-ди-ро-вать по-ля раз-но-го
 []


Underfull \hbox (badness 2237) in paragraph at lines 540--541
\T2A/Tempora-TLF/m/n/14.4 мас-шта-ба. Ар-хи-тек-ту-ра \T2A/cmtt/m/n/14.4 shared_-trunk \T2A/Tempora-TLF/m/n/14.4 обес-пе-чи-ва-ет ком-про-мисс меж-ду
 []

[18 <./stage_2/shared_trunk_aprox_evalution.png> <./stage_2/tow_output_aprox_evolution.png>] [19 <./stage_2/tow_model_aprox_evalution.png>]
Underfull \hbox (badness 5637) in paragraph at lines 548--549
\T2A/Tempora-TLF/m/n/14.4 ар-хи-тек-ту-ра \T2A/cmtt/m/n/14.4 two_-output \T2A/Tempora-TLF/m/n/14.4 за-ни-ма-ет про-ме-жу-точ-ное по-ло-же-ние, а
 []

[20]
Underfull \hbox (badness 1097) in paragraph at lines 557--558
[]\T2A/Tempora-TLF/m/n/14.4 Neural Tangent Kernel (NTK) пред-став-ля-ет со-бой яд-ро, по-рож-ден-ное
 []

[21

]
Underfull \hbox (badness 1147) in paragraph at lines 581--582
[]\T2A/Tempora-TLF/m/n/14.4 Иначе го-во-ря, NTK из-ме-ря-ет сход-ство двух вхо-дов не в ис-ход-ном
 []

[22]
Underfull \hbox (badness 10000) in paragraph at lines 630--631
[]\T2A/Tempora-TLF/m/n/14.4 Таким об-ра-зом, ком-по-нен-ты ошиб-ки, со-от-вет-ству-ю-щие боль-шим
 []


Underfull \hbox (badness 1331) in paragraph at lines 634--635
[]\T2A/Tempora-TLF/m/n/14.4 В ре-жи-ме ли-не-а-ри-зо-ван-но-го (так на-зы-ва-е-мо-го ѕле-ни-во-гої) обу-че-ния
 []


Underfull \hbox (badness 1577) in paragraph at lines 634--635
\T2A/Tempora-TLF/m/n/14.4 ди-на-ми-ка ней-рон-ной се-ти боль-шой ши-ри-ны ана-ли-ти-че-ски эк-ви-ва-лент-на
 []


Underfull \hbox (badness 2790) in paragraph at lines 634--635
\T2A/Tempora-TLF/m/n/14.4 ме-то-дам ядер-ной ре-грес-сии. Ес-ли про-цесс оп-ти-ми-за-ции про-дол-жа-ет-ся
 []


Underfull \hbox (badness 5490) in paragraph at lines 634--635
\T2A/Tempora-TLF/m/n/14.4 до пол-ной ин-тер-по-ля-ции дан-ных обу-ча-ю-щей вы-бор-ки при усло-вии
 []


Underfull \hbox (badness 10000) in paragraph at lines 644--646
\T2A/Tempora-TLF/m/n/14.4 Визуально мат-ри-ца Гра-ма ха-рак-те-ри-зу-ет гео-мет-рию при-зна-ко-во-го
 []


Underfull \hbox (badness 2772) in paragraph at lines 644--646
\T2A/Tempora-TLF/m/n/14.4 про-стран-ства, по-рож-ден-ное ар-хи-тек-ту-рой се-ти: диа-го-наль-ные эле-мен-ты
 []

[23]
Underfull \hbox (badness 1436) in paragraph at lines 647--648
\T2A/Tempora-TLF/m/n/14.4 за-ко-ном боль-ших чи-сел. По-сколь-ку вклад каж-до-го от-дель-но-го ней-ро-на
 []


Underfull \hbox (badness 1776) in paragraph at lines 653--654
\T2A/Tempora-TLF/m/n/14.4 се-ти. Ес-ли гра-ди-ен-ты $\OMS/cmsy/m/n/14.4 r[]\OML/cmm/m/it/14.4 f\OT1/cmr/m/n/14.4 (\OML/cmm/m/it/14.4 x; ^^R\OT1/cmr/m/n/14.4 )$ \T2A/Tempora-TLF/m/n/14.4 и $\OMS/cmsy/m/n/14.4 r[]\OML/cmm/m/it/14.4 f\OT1/cmr/m/n/14.4 (\OML/cmm/m/it/14.4 x[]; ^^R\OT1/cmr/m/n/14.4 )$ \T2A/Tempora-TLF/m/n/14.4 ха-рак-те-ри-зу-ют-ся вы-со-кой
 []


Underfull \hbox (badness 6691) in paragraph at lines 660--661
\T2A/Tempora-TLF/m/n/14.4 гра-ди-ен-тов функ-ции по па-ра-мет-рам, мат-ри-ца $\OT1/cmr/m/n/14.4 ^^B(\OML/cmm/m/it/14.4 X; X\OT1/cmr/m/n/14.4 )$ \T2A/Tempora-TLF/m/n/14.4 для лю-бой
 []


Underfull \hbox (badness 3088) in paragraph at lines 660--661
\T2A/Tempora-TLF/m/n/14.4 по-лу-опре-де-лен-ной. Свой-ство сим-мет-рич-но-сти $\OML/cmm/m/it/14.4 K\OT1/cmr/m/n/14.4 (\OML/cmm/m/it/14.4 x; x[]\OT1/cmr/m/n/14.4 ; \OML/cmm/m/it/14.4 ^^R\OT1/cmr/m/n/14.4 ) = \OML/cmm/m/it/14.4 K\OT1/cmr/m/n/14.4 (\OML/cmm/m/it/14.4 x[]; x\OT1/cmr/m/n/14.4 ; \OML/cmm/m/it/14.4 ^^R\OT1/cmr/m/n/14.4 )$
 []


Underfull \hbox (badness 3250) in paragraph at lines 660--661
\T2A/Tempora-TLF/m/n/14.4 сле-ду-ет из ком-му-та-тив-но-сти ска-ляр-но-го про-из-ве-де-ния. По-ло-жи-тель-ная
 []


Underfull \hbox (badness 1817) in paragraph at lines 660--661
\T2A/Tempora-TLF/m/n/14.4 по-лу-опре-де-лен-ность под-твер-жда-ет-ся ана-ли-зом квад-ра-тич-ной фор-мы для
 []

[24]
Underfull \hbox (badness 1152) in paragraph at lines 668--669
\T2A/Tempora-TLF/m/n/14.4 и $\OML/cmm/m/it/14.4 ^^U[] \OMS/cmsy/m/n/14.4 ^^U \OML/cmm/m/it/14.4 ^^U[] \OMS/cmsy/m/n/14.4 ^^U [] ^^U \OT1/cmr/m/n/14.4 0$\T2A/Tempora-TLF/m/n/14.4 ) поз-во-ля-ет оце-нить ко-ли-че-ство неза-ви-си-мых
 []


Underfull \hbox (badness 2837) in paragraph at lines 668--669
\T2A/Tempora-TLF/m/n/14.4 под-про-стран-ства в про-цес-се обу-че-ния. Для ко-ли-че-ствен-но-го опи-са-ния
 []


Underfull \hbox (badness 4366) in paragraph at lines 668--669
\T2A/Tempora-TLF/m/n/14.4 струк-ту-ры мат-ри-цы ис-поль-зу-ют-ся след ($[]\OT1/cmr/m/n/14.4 (^^B)$\T2A/Tempora-TLF/m/n/14.4 ), ранг ($[]\OT1/cmr/m/n/14.4 (^^B)$\T2A/Tempora-TLF/m/n/14.4 ) и
 []


Underfull \hbox (badness 1527) in paragraph at lines 668--669
\T2A/Tempora-TLF/m/n/14.4 эф-фек-тив-ный ранг ($\OML/cmm/m/it/14.4 r[]$\T2A/Tempora-TLF/m/n/14.4 ), вы-чис-ля-е-мый че-рез эн-тро-пию нор-ми-ро-ван-но-го
 []


Underfull \hbox (badness 4752) in paragraph at lines 680--682
\T2A/Tempora-TLF/m/n/14.4 ком-по-нен-ты ошиб-ки, со-от-вет-ству-ю-щие стар-шим соб-ствен-ным чис-лам,
 []


Underfull \hbox (badness 1688) in paragraph at lines 680--682
\T2A/Tempora-TLF/m/n/14.4 ди-на-ми-ка по-вы-ша-ет чув-стви-тель-ность мо-де-ли к шу-мо-вым ком-по-нен-там
 []

[25]
Underfull \hbox (badness 2173) in paragraph at lines 694--695
[]\T2A/Tempora-TLF/m/n/14.4 В дан-ной ра-бо-те все вы-чис-ле-ния про-во-ди-лись в \T2A/cmtt/m/n/14.4 TensorFlow\T2A/Tempora-TLF/m/n/14.4 . Для
 []


Underfull \hbox (badness 1515) in paragraph at lines 694--695
\T2A/Tempora-TLF/m/n/14.4 фик-си-ро-ван-ной вы-бор-ки эм-пи-ри-че-ская мат-ри-ца NTK стро-и-лась как на
 []


Underfull \hbox (badness 10000) in paragraph at lines 698--699
[]\T2A/Tempora-TLF/m/n/14.4 В дан-ном раз-де-ле пред-став-ле-ны ви-зу-а-ли-за-ции эм-пи-ри-че-ско-го
 []

<../ntk_report_assets/ntk_heatmap_before.png, id=304, 435.42674pt x 368.577pt>
File: ../ntk_report_assets/ntk_heatmap_before.png Graphic file (type png)
<use ../ntk_report_assets/ntk_heatmap_before.png>
Package pdftex.def Info: ../ntk_report_assets/ntk_heatmap_before.png  used on input line 702.
(pdftex.def)             Requested size: 348.26233pt x 294.80574pt.
<../ntk_report_assets/ntk_heatmap_after.png, id=305, 436.33012pt x 368.577pt>
File: ../ntk_report_assets/ntk_heatmap_after.png Graphic file (type png)
<use ../ntk_report_assets/ntk_heatmap_after.png>
Package pdftex.def Info: ../ntk_report_assets/ntk_heatmap_after.png  used on input line 709.
(pdftex.def)             Requested size: 348.26233pt x 294.19272pt.

Underfull \hbox (badness 1072) in paragraph at lines 714--715
\T2A/Tempora-TLF/m/n/14.4 кон-траст-ной струк-ту-рой. Это сви-де-тель-ству-ет о том, что на на-чаль-ном
 []


Underfull \hbox (badness 1622) in paragraph at lines 714--715
\T2A/Tempora-TLF/m/n/14.4 а сеть еще не сфор-ми-ро-ва-ла из-би-ра-тель-ную гео-мет-рию свя-зей. По-сле
 []


Underfull \hbox (badness 1648) in paragraph at lines 714--715
\T2A/Tempora-TLF/m/n/14.4 эле-мен-ты де-мон-стри-ру-ют, что гео-мет-ри-че-ски близ-кие вхо-ды обу-ча-ют-ся
 []

[26] [27 <../ntk_report_assets/ntk_heatmap_before.png> <../ntk_report_assets/ntk_heatmap_after.png>]
Underfull \hbox (badness 2229) in paragraph at lines 716--717
[]\T2A/Tempora-TLF/m/n/14.4 При ана-ли-зе теп-ло-вых карт NTK сле-ду-ет учи-ты-вать, что эле-мент
 []


Underfull \hbox (badness 1478) in paragraph at lines 716--717
\OT1/cmr/m/n/14.4 ^^B[]$ \T2A/Tempora-TLF/m/n/14.4 от-ра-жа-ет ме-ру со-гла-со-ван-но-сти гра-ди-ен-тов для объ-ек-тов $\OML/cmm/m/it/14.4 x[]$ \T2A/Tempora-TLF/m/n/14.4 и $\OML/cmm/m/it/14.4 x[]$\T2A/Tempora-TLF/m/n/14.4 .
 []

<../ntk_report_assets/ntk_eigenspectrum_before_after.png, id=326, 823.878pt x 310.761pt>
File: ../ntk_report_assets/ntk_eigenspectrum_before_after.png Graphic file (type png)
<use ../ntk_report_assets/ntk_eigenspectrum_before_after.png>
Package pdftex.def Info: ../ntk_report_assets/ntk_eigenspectrum_before_after.png  used on input line 720.
(pdftex.def)             Requested size: 483.69687pt x 182.44644pt.
<../ntk_report_assets/ntk_heatmaps_before_after.png, id=328, 822.52293pt x 339.669pt>
File: ../ntk_report_assets/ntk_heatmaps_before_after.png Graphic file (type png)
<use ../ntk_report_assets/ntk_heatmaps_before_after.png>
Package pdftex.def Info: ../ntk_report_assets/ntk_heatmaps_before_after.png  used on input line 729.
(pdftex.def)             Requested size: 483.69687pt x 199.74992pt.

Underfull \hbox (badness 1997) in paragraph at lines 734--735
[]\T2A/Tempora-TLF/m/n/14.4 Прямое срав-не-ние мат-риц ([]ри-су-нок 22[]) под-твер-жда-ет, что ба-зо-вая
 []

[28 <../ntk_report_assets/ntk_eigenspectrum_before_after.png>]
<../ntk_analysis_output_full_model/ntk_rows_pca.png, id=337, 517.18219pt x 426.393pt>
File: ../ntk_analysis_output_full_model/ntk_rows_pca.png Graphic file (type png)
<use ../ntk_analysis_output_full_model/ntk_rows_pca.png>
Package pdftex.def Info: ../ntk_analysis_output_full_model/ntk_rows_pca.png  used on input line 738.
(pdftex.def)             Requested size: 386.95897pt x 319.03923pt.

Underfull \hbox (badness 10000) in paragraph at lines 743--744
[]\T2A/Tempora-TLF/m/n/14.4 Для пе-ре-хо-да от мат-рич-но-го пред-став-ле-ния к гео-мет-ри-че-ской
 []


Underfull \hbox (badness 1189) in paragraph at lines 743--744
\T2A/Tempora-TLF/m/n/14.4 ком-по-нент ([]ри-су-нок 23[]). По-сколь-ку каж-дый век-тор опи-сы-ва-ет про-филь
 []

[29 <../ntk_report_assets/ntk_heatmaps_before_after.png> <../ntk_analysis_output_full_model/ntk_rows_pca.png>]
<../ntk_analysis_output_full_model/ntk_clustered_heatmap.png, id=346, 553.76888pt x 462.07631pt>
File: ../ntk_analysis_output_full_model/ntk_clustered_heatmap.png Graphic file (type png)
<use ../ntk_analysis_output_full_model/ntk_clustered_heatmap.png>
Package pdftex.def Info: ../ntk_analysis_output_full_model/ntk_clustered_heatmap.png  used on input line 747.
(pdftex.def)             Requested size: 411.14528pt x 343.07333pt.

Underfull \hbox (badness 1137) in paragraph at lines 752--753
\T2A/Tempora-TLF/m/n/14.4 функ-ци-о-наль-ном про-стран-стве дан-ные об-ра-зу-ют си-сте-му под-мно-жеств с
 []

<../ntk_analysis_output_full_model/ntk_model_block_heatmap.png, id=348, 534.34631pt x 1047.915pt>
File: ../ntk_analysis_output_full_model/ntk_model_block_heatmap.png Graphic file (type png)
<use ../ntk_analysis_output_full_model/ntk_model_block_heatmap.png>
Package pdftex.def Info: ../ntk_analysis_output_full_model/ntk_model_block_heatmap.png  used on input line 756.
(pdftex.def)             Requested size: 268.4689pt x 526.4986pt.

Underfull \hbox (badness 3098) in paragraph at lines 761--762
\T2A/Tempora-TLF/m/n/14.4 зна-че-ний по стро-кам поз-во-ля-ет опре-де-лить до-ми-ни-ру-ю-щие слои для
 []

[30 <../ntk_analysis_output_full_model/ntk_clustered_heatmap.png>]
Underfull \hbox (badness 1515) in paragraph at lines 765--766
\T2A/Tempora-TLF/m/n/14.4 адап-та-цию мо-де-ли к струк-ту-ре дан-ных в про-цес-се оп-ти-ми-за-ции. Ес-ли
 []

[31 <../ntk_analysis_output_full_model/ntk_model_block_heatmap.png>] [32]
LaTeX Font Info:    Font shape `T2A/Tempora-TLF/m/it' will be
(Font)              scaled to size 14.4pt on input line 772.
 [33

] (./cursach.aux
Package cleveref Info: loaded `russian' language definitions on input line 10.
)
 ***********
LaTeX2e <2025-11-01>
L3 programming layer <2026-01-19>
 ***********
Package logreq Info: Writing requests to 'cursach.run.xml'.
\openout1 = `cursach.run.xml'.

 ) 
Here is how much of TeX's memory you used:
 49460 strings out of 467525
 1092650 string characters out of 5418982
 2178812 words of memory out of 5000000
 77543 multiletter control sequences out of 15000+600000
 658152 words of font info for 67 fonts, out of 8000000 for 9000
 1141 hyphenation exceptions out of 8191
 102i,12n,117p,2199b,3209s stack positions out of 10000i,1000n,20000p,200000b,200000s
</usr/local/texlive/2026/texmf-dist/fonts/type1/public/tempora/Tempora-Bold.pfb></usr/local/texlive/2026/texmf-dist/fonts/type1/public/tempora/Tempora-Italic.pfb></usr/local/texlive/2026/texmf-dist/fonts/type1/public/tempora/Tempora-Regular.pfb></usr/local/texlive/2026/texmf-dist/fonts/type1/public/amsfonts/cm/cmex10.pfb></usr/local/texlive/2026/texmf-dist/fonts/type1/public/amsfonts/cm/cmmi10.pfb></usr/local/texlive/2026/texmf-dist/fonts/type1/public/amsfonts/cm/cmmi12.pfb></usr/local/texlive/2026/texmf-dist/fonts/type1/public/amsfonts/cm/cmmi7.pfb></usr/local/texlive/2026/texmf-dist/fonts/type1/public/amsfonts/cm/cmr10.pfb></usr/local/texlive/2026/texmf-dist/fonts/type1/public/amsfonts/cm/cmr12.pfb></usr/local/texlive/2026/texmf-dist/fonts/type1/public/amsfonts/cm/cmr7.pfb></usr/local/texlive/2026/texmf-dist/fonts/type1/public/amsfonts/cm/cmsy10.pfb></usr/local/texlive/2026/texmf-dist/fonts/type1/public/amsfonts/symbols/msbm10.pfb></usr/local/texlive/2026/texmf-dist/fonts/type1/public/cm-super/sftt1440.pfb>
Output written on cursach.pdf (33 pages, 2210309 bytes).
PDF statistics:
 546 PDF objects out of 1000 (max. 8388607)
 427 compressed objects within 5 object streams
 135 named destinations out of 1000 (max. 500000)
 335 words of extra memory for PDF output out of 10000 (max. 10000000)

