3.465496841236954256e-02,1.115916064029667670e-01,7.706151204976841029e-02,3.690389390376675079e-03,9.595658282830593633e-02,-5.436716871158255027e-02,-5.857811329004920797e-02,-3.116677193835103166e-02,3.704519552928785524e-03,1.099152022936585871e-01,-3.507530303198728300e-02,6.633156399175883615e-03,8.162267167576170435e-02,1.500480815329727213e-01,2.544016158968638863e-01,-5.621292921352449151e-02,2.371508108685459540e-02,-1.148676192697301035e-01,2.047710584913812193e-01,4.249036913563143669e-02,2.250352699476184382e-01,2.647176132912474888e-01,-2.151135152007629947e-01,-5.264590062612625049e-02,6.311689071793041839e-02,1.566978699750945780e-01,1.373038668980832988e-01,-1.753184757393976001e-01,1.288834098658504790e-01,1.816887564950953327e-01,-1.171669678429450856e-01,1.071963664202566502e-01,-9.062941546672481641e-02,1.103806884366502900e-01,6.838547914408643624e-02,-6.049579876970496289e-02,8.682918432385162977e-02,1.148513004946346977e-01,-1.951976395925062724e-01,8.866188845682268505e-02,1.764999069941823873e-01,1.995118421290074107e-01,-1.019497217188884419e-01,-1.069566088162897527e-01,1.177738292186963631e-01,-1.007357184128431817e-02,-8.162431810463274817e-02,-1.096389483612284776e-01,-1.162637091410136797e-01,-1.265626065878754092e-01,6.123084102016641134e-02,1.200785549172515704e-01,2.319086260352252668e-02,7.772252302451730654e-02,-1.055807679027581103e-01,3.708840899662335655e-02,-6.087704794120627101e-03,-1.415760881319973186e-01,2.194081293385891362e-01,6.938289560282819013e-02,-8.730309166811235644e-02,-1.016545901867899233e-02,1.371719866941029653e-01,-2.683206307880001834e-02
-9.877139658147608692e-02,8.261579626737378113e-02,1.509076428744188514e-01,-1.816035989806325801e-01,1.716436443346275875e-01,-9.536459446522982386e-03,1.487598183047524891e-01,-9.057777189261548290e-02,-6.568340505491773729e-02,1.840603826335398263e-01,8.861577579806918445e-03,-2.093870133657459998e-01,-9.337263031437258165e-02,-1.188911239069536246e-01,1.926633639220122207e-01,-1.664030664822026551e-01,2.177192547005057585e-02,-8.049616660841521498e-02,-1.749615921696113796e-01,-2.084508245875498489e-01,-9.348002820191991802e-02,-3.436169263750028791e-02,-1.326171616579081836e-02,-7.209934323346811613e-02,-1.267504856874323693e-03,-1.128967014660574308e-01,2.051534262656761753e-01,-1.138442051522973453e-01,-7.439853921747041632e-02,4.103274572511323576e-02,-2.104642012601199152e-01,-1.602471876608736561e-04,-1.662755995726623026e-01,-1.551791196772901449e-01,-1.508877103063830938e-01,2.131451745825913013e-01,-9.018471606664280049e-02,-8.564881610208770202e-02,1.056593592148361155e-01,8.164732421553239083e-02,-1.948615721757928076e-01,2.278763002133614435e-01,-5.686071267637390209e-02,1.838884139499090409e-01,1.008472671765380246e-01,-1.390012066687902059e-01,9.276138318777864267e-02,1.996907239676496970e-01,1.206444630266626655e-02,1.581448087609278741e-01,-1.336324510446245950e-01,-1.083173330313556837e-01,-8.019472623560806868e-02,-2.807451790738995853e-02,-4.555841385111467079e-02,-9.945338996248012653e-02,2.292769590182771877e-01,-2.116953031010114505e-01,-4.460845004372055583e-02,-1.722284023021298724e-02,5.987534024355790213e-02,2.171686286013090328e-01,1.409922154213921926e-02,3.158663884433208363e-02
1.370447429906071490e-01,7.674514372462104550e-02,4.090721055182268417e-02,-2.094637940441351764e-02,4.171543483797852947e-02,-2.514940443047252588e-02,-6.399554793268580344e-02,-1.118105213567495426e-01,3.629146163638834882e-02,-2.930203928497290833e-02,1.450379454154868686e-01,1.276847919202226678e-01,-5.835674945259892304e-02,-1.256165814948056458e-01,4.454483137319970726e-02,8.258015725917147720e-02,8.412338634488279732e-02,-1.047976067344266182e-01,1.478075765971990363e-01,-1.242686555199111614e-01,-1.408642629731839957e-01,-2.171268958915825165e-01,2.042511534143279517e-01,8.845544147989964356e-02,2.518749112345769828e-02,1.080880462463010630e-02,-1.260853586811072347e-01,-3.455974417640579610e-02,1.941895857531749092e-01,2.842335061249393058e-02,3.239888480972294427e-02,-1.075922266957386603e-01,-7.780487773463555523e-02,-1.522363829305931338e-01,2.573272627178478655e-02,3.895237413007126420e-02,-1.411410539099598183e-01,2.317186548688995595e-01,3.234130285431370544e-02,-1.172348095425702619e-01,6.603225094238451831e-02,1.289319319781760849e-02,1.267132141214832308e-01,1.181107153835005141e-01,-6.658174900534817066e-03,6.808136946399619138e-02,1.132861038010394977e-01,-1.541730966494914423e-01,-5.439785877111382589e-02,8.020011272290102078e-02,-1.237693420684216755e-01,-7.299942271025650076e-02,-1.815872156263183823e-01,-1.710432365174015534e-01,7.151139510726435555e-02,1.187832946573614684e-01,1.804993018110276001e-02,9.680264772124251571e-02,1.319241535845031565e-01,-6.854410123871926275e-02,-1.643718710945652195e-01,-2.670340464733381505e-02,-1.226720436645438728e-01,-1.659219789042094221e-03
8.028162590255601139e-02,5.824910330858265595e-02,-3.061740331915615079e-02,-2.945419523089303979e-03,1.105741856201973711e-01,1.888252074482518750e-01,1.716742228013372895e-01,-3.096705162827791125e-02,-1.757668484660303843e-01,1.405149065608277958e-01,7.296339610830961109e-02,-6.368169471766130241e-02,-1.643517060818431852e-01,1.816966291432582092e-01,7.938351723287406791e-02,1.369096031093378907e-01,1.323331617860632192e-01,-1.720004981574480840e-01,1.198562957014223940e-01,1.654784458717517004e-01,-7.587740510484825007e-02,-1.593049741144360321e-01,5.360805040227208107e-02,1.059874896147306733e-01,-1.449999230363977765e-01,-1.403157865975641627e-01,2.210562166654527483e-01,1.698597273000238828e-01,-3.423836827492458129e-02,-1.960780393116937637e-01,-1.807138101510694095e-01,5.490213069469129098e-02,1.402655090141096683e-01,9.943341405765777907e-02,-1.274971941300280798e-01,1.820834337250648860e-01,-1.853438764530509000e-02,1.701140185235979485e-01,1.020266080345177684e-01,-1.569475478485823916e-01,-1.322673428794012840e-01,-8.899332458020403624e-02,8.362824657453371557e-02,2.806970357941711638e-02,-1.099488322816484093e-01,-9.781835182299992992e-02,-9.827229226848090138e-02,-8.187100013952409994e-02,1.142813041794576157e-01,-1.391859363182513520e-01,-1.425726996039021199e-01,7.197367878663804563e-02,-2.230694925692661701e-01,-4.941074481739281959e-02,-1.400167946858075774e-01,-2.943599768637642985e-02,1.701163803800382346e-01,1.516827847046236521e-01,1.216396230064159256e-01,-1.694071999530972206e-01,1.096069891246654639e-02,-1.879567482388766753e-01,1.013571244336568256e-01,6.404634251973272130e-02
-6.740474400491157370e-02,-1.804807744792760738e-01,1.043296272597209889e-01,2.343448519540027725e-02,7.121589173776365911e-02,1.994175057837788423e-01,1.122957372061789416e-01,1.963877073890017422e-01,-1.646021948198761187e-01,2.968608519070768670e-02,1.518663185319958919e-01,1.026907790337394932e-01,-2.927300044745482360e-02,-1.597557831582787913e-01,-1.954745796677501701e-01,5.016620463624398008e-02,-4.128635343457091877e-02,1.250947660135003359e-01,-1.062344999156310948e-01,-5.080927175200396217e-02,3.642500628516163325e-02,1.031430290425064678e-01,-1.862795729395268496e-01,-1.085952907402820272e-01,3.273870524130672449e-02,-2.000276174411316776e-01,4.640178184755468227e-02,1.793541820033481005e-01,1.188634167231624600e-01,-4.244696472000202697e-02,1.052269906343121231e-01,-2.890558695907978828e-02,-5.686029979316899186e-02,1.139919191205852472e-01,1.991205033504442334e-01,1.742693492437224489e-01,1.525286421527830005e-01,1.101121520052625730e-01,1.048456978681334972e-01,-7.768792160361816246e-02,-1.799797899739032647e-01,-9.080165807065616879e-02,1.522561416949874125e-01,2.146191401574272239e-01,6.871170484068424289e-02,1.529014973816656964e-01,-1.099409708371974596e-02,1.474661011769507479e-01,3.943162836334650027e-03,5.022633686423558924e-02,-2.319761139888590895e-01,-1.962087839893899566e-01,-3.942766569751140343e-02,2.799348963575929577e-02,-2.148024800719224026e-01,1.941577799523540315e-01,8.055726851807215594e-02,-1.314641642322810222e-01,-5.296334091423349211e-02,-7.245353922801169022e-02,2.189951552739591301e-01,1.877443701105669660e-01,-1.258829972532771735e-01,2.486816857091767030e-01
-1.039681342437060452e-01,2.256794370699740510e-02,-8.553940529325171349e-02,2.533056691151231443e-01,1.361141415989808034e-01,1.801903645267420306e-01,-8.908120200907464203e-02,2.132777897985836668e-01,-9.336562124477629232e-02,1.206170287236703886e-01,1.639951069112047244e-02,1.855027489406035554e-02,-4.258854355329825397e-02,-1.411072209694408663e-01,1.868794085776931402e-01,6.547394803502806608e-03,-2.238885078166713838e-01,-1.800638656106543500e-01,6.908232602746527951e-02,-2.031279702115346142e-01,-1.176655320263318566e-01,-5.102153307844949776e-02,8.381733350246123315e-02,5.071870441309826727e-02,4.832813820072883598e-02,-1.021301683469289512e-01,1.291979007971766347e-01,-6.977439471370341928e-02,-2.560370076304605697e-02,2.258920607831214622e-01,-1.180651805411393057e-01,9.829529550024677931e-02,-9.608928048334779148e-02,-1.049313017051132640e-01,1.854750157541192601e-01,1.971863912462776813e-01,-1.929634306201239435e-01,-1.825437275399943160e-01,-1.499502154570962146e-03,3.709085223271372384e-02,1.313465675818195899e-01,4.857545603931711503e-03,3.867276074829752858e-02,3.180317566582156752e-02,-3.663439261085857900e-03,1.524495871725639329e-01,1.596534711914174842e-01,8.849878595135952930e-03,5.458703437776366019e-02,6.260618137106077619e-02,1.776015910532487974e-01,-1.974212470721795065e-01,1.473791691087323052e-01,1.985265688231706849e-01,3.600738877374090076e-03,2.046970145472012947e-01,-6.493416404243798623e-02,9.088727910659069598e-02,1.534212015939861729e-01,5.176222426533468729e-02,-1.009966131329574357e-01,6.775181274719337121e-02,-2.080024383571042398e-02,1.852398196410160736e-01
1.844100429565286858e-01,1.821350338276916114e-01,2.147492151871517596e-01,4.384554750217715263e-02,-1.743306271049046008e-01,2.921449709211138696e-02,2.797992357533517910e-02,-7.308512749846826639e-02,1.667988734244331694e-01,-5.341338239412508210e-02,7.693026659723373184e-02,-6.115215691645169149e-02,-1.193627652042349441e-01,-1.723211484064856580e-01,-1.218830182936686823e-01,-1.654873139047911279e-01,-7.637042328143356373e-02,-2.087801929205060358e-02,4.824664077003668755e-02,-1.335841281137370162e-01,-2.196350638203803107e-01,1.689021737887929087e-01,1.493611447532453562e-01,-1.091219011342881712e-02,2.477808126074486708e-02,-6.994583500834020140e-02,1.405924048333106746e-01,1.795737043156716076e-02,1.953412135197044319e-01,1.145535042233364054e-01,1.333696242690514122e-01,-6.004339690606545071e-02,9.254958238312895047e-02,4.580696224615085632e-02,-1.108756572175567945e-01,4.984239051020663419e-02,-1.055091235077750267e-01,3.976940858797513995e-02,2.119353636615335101e-01,-1.083677589974377797e-01,7.663405334183405471e-02,-1.620827457618679301e-01,-8.714538734809833612e-03,-1.663935212905790495e-01,-1.400390478416810858e-01,-1.763713673028259044e-01,1.487846406863815307e-01,-1.005087377532646598e-01,3.676345719469906181e-02,-2.156083974592112179e-02,-1.574897121990632698e-01,1.870376305863122590e-01,-1.543252831246654244e-01,-8.744751260978794738e-02,1.670093846861167575e-01,1.907757200246222029e-01,2.084296724929682876e-01,1.568532222135388676e-01,-4.895692666206946653e-02,6.887060457165426752e-02,1.404601993418305439e-01,7.230459336553730909e-02,1.168942018348060885e-01,-1.370668239751097750e-01
-1.384024032745538868e-01,-1.077939587101908181e-01,2.059994287561667248e-01,7.907488576125493163e-02,-1.396461136524373980e-01,2.441313516875452116e-01,2.090658146909894488e-01,-1.592182494294348827e-01,-1.234008714446462596e-01,-2.108093100937566411e-01,6.273614491040098440e-02,1.048587686631753807e-01,-1.311573357827888198e-01,1.557092416383387412e-01,1.209670996413251404e-02,2.264492120865507219e-01,6.383748072225640946e-02,1.318578574352826105e-01,3.069341761003852379e-02,1.366796639069784991e-01,1.187274806474632599e-01,1.395560106122026578e-01,1.688905656013506285e-01,-1.703093226042066144e-01,-4.061323734962998810e-02,-3.399172377709846343e-02,1.734117566674229227e-01,1.344628370076567936e-01,-2.512121922308308553e-01,1.540776728134713169e-01,2.135598710872597394e-01,-2.588250163989949063e-03,-1.509358671736921176e-01,1.002203095862988502e-01,1.721249783856001747e-01,-1.202645057727540073e-01,1.114252619384125259e-01,-9.258300046882086964e-02,3.908893907783084903e-02,-1.673221613965243382e-01,1.170075916544218719e-01,6.510442030611771069e-02,3.396636770844192049e-02,3.040102002760710492e-02,5.934621575266682547e-03,-7.318425988470817281e-03,6.764024499854331962e-02,-2.554903763545128201e-02,4.730394853692471840e-02,-1.813442117529895925e-01,-2.271065252551489680e-02,1.974632152310944189e-01,8.342257536155325837e-02,-1.646930500035564682e-01,-1.122220461329425170e-02,-9.402098470912483019e-02,1.769944384914839408e-01,-1.190141563684012777e-01,2.568774854271276276e-01,1.565315620143313269e-01,-6.800863136194162939e-02,1.633294122585954300e-02,-1.668764517076215537e-01,-2.251659772309478336e-01
-1.678667719266286051e-01,7.871991570588472709e-02,1.434558806242300089e-01,5.041693579856235119e-02,2.508476560747876453e-03,7.250074103093458178e-02,1.190618578945133871e-01,-2.083887636921742670e-01,6.938865165208694952e-02,1.066495927163237378e-01,-1.951656884393389857e-01,-1.817859583271552726e-01,-1.280513430350288806e-01,3.884993018692312235e-03,7.767496768000638208e-02,1.028895974694199328e-01,-1.496417403907633059e-01,1.508092377230912662e-01,2.061097600029379306e-01,-4.808009051686104422e-03,6.141338896445808215e-02,-7.631806920099352964e-02,2.488716271316725875e-02,-2.226222499264398080e-01,-1.034582279423519324e-01,-1.048676456710180421e-01,2.422295923992121014e-01,8.696417488836845344e-02,-8.587131029855907260e-03,1.767042373531702015e-01,1.162468561743297130e-01,-1.774243050035148334e-03,-1.031866442698933101e-01,5.884568156096316865e-02,2.120017696988342193e-01,1.024408346218904226e-01,1.372517082809417421e-01,9.388928255766813835e-02,-2.785484909355408212e-02,-1.496760389810850578e-01,-1.389619824782937219e-01,1.572177873166555329e-01,-1.341777866822321807e-01,-1.686301282415468006e-01,-1.600652149595738205e-01,1.128848396813703220e-01,3.289403957613019208e-02,8.135392659531960613e-02,9.636225875469570101e-02,-1.773349062099495166e-01,-1.030195332484578480e-01,-7.110690957116455775e-03,8.640081159235557876e-03,3.775545202503269998e-02,7.770240964226135527e-02,9.658169783342700210e-02,2.137323481815530113e-01,-1.592362494006501206e-01,-2.174509837540005985e-01,-1.081797361522409268e-01,-6.621200013941962170e-02,1.218818988232574507e-01,-8.940152062786418941e-02,-2.884683784046004340e-01
-1.046025031980207017e-03,1.675249059262930162e-02,-1.676476218876245261e-01,-7.973498297418959990e-02,-1.231875752180285888e-01,3.175116804458591718e-03,1.066597873411433001e-01,6.926439882371084045e-02,-2.160092265805472478e-01,-2.794800565382583521e-02,-2.085498798119896358e-01,6.375278103607626666e-03,-1.534780346759909153e-01,9.863451067040613154e-03,1.975870523287546199e-01,1.564304109538316168e-01,-9.101748870001959146e-02,-1.917112316258230698e-02,1.093496748108576389e-01,1.534792581913924925e-01,2.005837229084992956e-01,-1.809858850745907632e-01,-1.301027643475091145e-01,1.171687078855172121e-01,-1.691749759055214686e-01,9.675408371124001594e-02,9.956189849473641440e-02,-2.047578830148519269e-01,-1.387412754971959483e-01,-9.336532987997879507e-03,1.238887345958834402e-01,7.038601005531368304e-02,-6.350692306345909199e-02,1.008205898415515805e-01,7.765346187924909716e-02,-3.496543843851751543e-02,-9.161841479511627362e-02,1.600154459873727175e-01,9.094703379781918576e-03,1.899397899322788352e-01,3.624407571323286226e-02,2.126002564113967097e-01,-5.849809239760569990e-02,1.455195409127585382e-01,-2.183596348105175111e-01,1.070473008975929285e-01,4.906535576269981103e-02,-6.193370423624134508e-02,8.127578807588332899e-02,-1.223399509537135693e-01,-2.155318628723006946e-01,4.958786363883880416e-02,-2.037568805652101578e-01,-1.070775914073586188e-01,1.321262318625520960e-01,-1.391265581520981787e-01,-4.686614103752839017e-02,-3.779295211058805726e-02,-2.120188543123568622e-02,-1.824481773656086159e-01,1.045345836843987603e-01,-1.560897034167009201e-01,-3.192348675971803940e-02,-1.397770805327003263e-01
-1.720774451020830598e-01,-1.125556731413115824e-01,-1.646873876555575988e-01,-2.005358513139983770e-02,3.894448359405625493e-03,-2.133687667059421811e-01,2.222089229387751996e-01,-2.150701944116413522e-02,1.652408931546056337e-01,-8.013892594037974604e-02,2.577008873274642259e-02,1.133530741019169313e-01,1.751410334478283870e-01,1.370557571570984179e-01,-1.953961012240401918e-01,-8.105761217627679982e-02,-5.824706258143340365e-02,1.826338925339296426e-01,-4.129295764982967437e-02,2.113284954896697820e-02,-9.478273351161407845e-02,-1.962711874597328765e-01,-9.632358927382091152e-02,4.495464157453788606e-02,1.515276844481131258e-01,-1.637997363601100820e-01,-6.761525193554124985e-03,7.820016922185527020e-02,-6.899861390168447739e-02,-6.995765873752444672e-03,8.867033373511079564e-02,-6.303410221242822242e-02,1.405341513305206069e-01,-1.500330580499319166e-02,1.188049573390184271e-01,1.954948529374872790e-01,1.250101043827867575e-01,-1.570155598084885251e-01,-7.889236660226542353e-02,2.225386417567165598e-02,7.112795258175809432e-02,-1.754077157986038138e-01,1.505176272605042997e-01,2.235676280942203442e-01,-2.614600325655193347e-02,-1.017995951305320362e-01,1.988484599515920673e-02,-5.984649685552000803e-02,-1.931889587393117447e-01,1.992055259830233793e-01,-8.659663989607002677e-02,9.870116130515269037e-02,-1.033574059178323512e-01,-1.030717520491646749e-01,-7.565821575479385330e-02,-7.074716186895203818e-02,-1.138709192964739714e-01,-3.531840297537620216e-02,1.132315589410034101e-01,-1.452531774679601539e-01,1.916486585046209279e-01,1.842008268809197102e-01,2.505141051956778081e-03,1.607453804595954383e-01
1.684759793475363865e-01,-1.218787719175794607e-02,3.677008572283348847e-02,2.411126215616485671e-02,5.467816450849084797e-02,-1.014872253940341112e-01,1.279861503074832263e-01,9.027035034107924738e-02,-1.517898650279844719e-01,-1.078201546582198758e-02,-1.983770183837277601e-01,-2.615981659023959918e-02,5.310679780306193365e-02,2.203289717704242645e-01,1.220997043580178409e-02,-6.083491217511161064e-02,-6.236535348507660226e-02,-1.917234327436542762e-01,-2.164655730360905417e-01,1.069820893650744870e-01,1.620924520719577155e-01,-1.869367673046200551e-01,-1.385074305874977978e-02,-1.580963851422160504e-01,-1.819762928669721447e-01,9.603735464729376559e-02,-1.139308286655155017e-01,1.711242208271852513e-02,7.796610896555564163e-02,-1.510345976526598077e-01,1.834834047394127421e-01,8.239223594732207612e-02,-1.191746793319488767e-01,3.222684185604168285e-03,-1.779584300218164661e-01,-7.722979460201882806e-02,8.674216680423439685e-02,4.543921663413816314e-02,-2.293517983020249285e-01,2.100301542696282053e-01,-7.939672816336246913e-03,1.238802793996941487e-01,-7.255467541422740141e-02,-2.893621407644257973e-02,-1.932027692471930125e-01,9.165375166055559839e-03,-2.125283161558779443e-01,-1.436201402024347429e-01,-7.030062117283474021e-02,-1.359644696571744582e-01,-6.059224964590562146e-02,-1.544521892341340352e-01,-6.580622969854037219e-02,-1.520774812064590031e-01,1.627730639582380401e-01,5.883595405220207186e-02,4.424164610545817944e-02,-6.829882806080295188e-02,9.015640834023294636e-02,1.305594071309227333e-01,6.380977279172167504e-02,-1.673211312352202995e-01,-9.775809191539483467e-02,1.786588793998200031e-01
-1.609682603749945096e-01,3.251456284578959494e-02,4.466569262570949800e-02,6.132339737092543097e-02,1.970193828922746082e-01,-1.454963578992629347e-01,-1.574465311086749308e-02,4.885633652557541673e-02,-3.372727964506244680e-02,1.025119354023882184e-01,2.411258767613899678e-01,1.371039254760256232e-01,2.042876776842308395e-01,-1.880168188207435864e-01,1.144186715175137814e-01,-5.474389404802551540e-02,-2.920092620218631141e-01,3.187833143178356865e-01,-4.081079584959612094e-01,2.030397306248653000e-01,-1.335172056650152927e-01,-2.796386612127874788e-02,-1.765096797015094920e-01,7.435728241982748031e-03,2.808840246135338448e-01,6.762891894599389053e-02,-1.868782798151631119e-01,1.353195523094729291e-01,9.521570238262491714e-02,9.036778007975811502e-03,1.133047022293639655e-01,1.507202716985681645e-01,2.240463227753137498e-01,-1.882556200218242215e-01,6.603612110799052248e-02,-1.848111674858242959e-01,1.331107608218077554e-01,1.706392885036206453e-01,-2.058041316727867998e-01,-7.629542483968970723e-02,1.653754346962817701e-01,1.340877187152698657e-01,-1.840299743736822369e-01,1.450159677573006067e-01,-7.443767119078714689e-02,-2.225085076203821566e-01,1.420665374548933935e-01,-1.932071686926312426e-01,-1.349474270187313862e-01,1.864731558843005510e-01,-2.167115138081415204e-01,-5.921785889209130183e-02,1.143740894068052544e-01,2.179435888301273910e-02,-2.497126111634199452e-01,-1.838870306964871804e-01,-4.624173812727783162e-02,1.475327796974607031e-01,-7.928307177494277325e-02,-2.169894402261537958e-01,-1.640180528141195193e-01,1.268566768679783019e-01,-6.722850731997431772e-02,2.693727212218804401e-01
-3.236842283106907466e-03,-1.846844758729503100e-01,1.445018626805225637e-01,2.305926614928845708e-01,7.433347240491439134e-02,-1.434213438092620252e-01,-5.077221267894699297e-02,-1.302967861282650075e-01,5.223498296509978406e-02,1.752342333012349429e-01,-1.126840308050649775e-01,2.841779938079479900e-02,-1.165064041117292726e-01,-1.840323914611358413e-01,3.830864414128919149e-02,-1.790616868283304852e-01,7.909599517362729537e-02,-3.866027293873332271e-02,-1.323365814037433079e-02,-2.109783089232446507e-01,8.635698414606533813e-02,-5.642944417840960181e-02,-1.952435204963834381e-02,-9.602593370516292193e-02,8.341959168059188967e-02,-2.180523015791207553e-01,-1.412380105326216384e-01,1.130090707692659041e-01,-8.022140241265295069e-02,-1.770792611793791105e-01,7.399940701163344736e-02,-4.762225541511398708e-02,3.963086294940171977e-02,6.479349282750587746e-02,2.004028021156589179e-01,-1.850069705237527562e-01,-1.210801279413202813e-01,-2.156396265485097385e-01,1.053241830651141242e-01,1.101452486088488752e-01,7.080918127092535042e-02,1.163620534058705941e-01,-1.042272430534182644e-03,1.864582924923632590e-01,1.128271372849065923e-01,-1.099086716058499669e-01,3.167586304831342819e-02,-7.461712441397633233e-02,7.789840072685559613e-02,-1.731994155865791002e-02,-5.189480064363269363e-02,-1.404437546087033972e-01,1.699118832057958939e-01,-1.736640844951067575e-01,1.606345254908059794e-01,1.352913920627709932e-01,1.442225667972463765e-01,-1.053401415937099406e-01,1.219814451299151004e-01,1.193148758361940731e-01,-1.172649419809571603e-01,1.935786244966810066e-01,8.071829658050519440e-02,-1.345579252672546022e-01
-2.094718054454679790e-01,-1.046245681880394740e-01,-4.421914576510603545e-02,7.631613789579047569e-02,-1.213724759271815612e-01,-1.328217761035231093e-01,-1.478670888936922147e-02,-1.738776120966916139e-01,-2.754678956288155595e-02,8.422798262117177359e-02,-1.651399633747689388e-01,2.073115080985996617e-01,3.159258079140786230e-04,1.284181359467614358e-01,2.322429177918669263e-01,-1.807513648115114391e-01,-8.785582175034464814e-02,1.645717834786993850e-01,-1.774262164942143338e-01,-1.397194300616261438e-02,4.686510498305489214e-02,1.996968040992415927e-01,-1.796085806725528922e-01,-1.209008794348455512e-01,-1.902550705420913146e-01,-1.805823510955356093e-01,-1.493554804940674385e-01,-1.212395611398971867e-01,-1.781279827333541732e-01,-1.367337558160288125e-01,-1.748625743537007560e-01,1.391729639040229505e-01,-1.707727395914585833e-01,8.464325091216581831e-02,-1.923936495526593071e-01,-9.147391793819244221e-02,-8.095870878996068443e-02,1.707217148427976061e-01,-2.245510688812710209e-01,-7.444918105652152673e-02,1.153974072058164130e-01,-1.388255988364906213e-01,3.062195619241849243e-01,4.841778428518154348e-02,1.932717954732312074e-02,-1.391160539266354801e-01,-5.162122568945607531e-03,-1.357103135288540048e-02,-1.136893871699342501e-01,1.927153445880484539e-01,-1.054034198726972599e-01,-4.258183542052799975e-02,1.536640056495904294e-01,1.978034249995193061e-01,-1.887888533519101186e-01,-3.032231828375775776e-02,-1.033828771714888906e-01,-1.018172572210570975e-01,-1.652137586764933219e-01,-2.489163950069770564e-02,-3.427556206574966513e-02,3.279052992078564793e-02,-1.015930736329577304e-02,2.581020375287612079e-01
-1.826368585628272978e-01,-4.807547253087990358e-02,-2.496803732264013878e-02,-7.988511580660362377e-02,-1.639080407500881909e-01,1.707954205137988679e-01,3.909213210208584838e-02,-8.380451303084625325e-02,1.394438797746406500e-01,1.198797104080586429e-01,-7.807888879221903944e-02,-1.696481341007603436e-02,1.797088821226743849e-01,1.397606176719917437e-01,7.926648843114512955e-02,-1.487449060573087511e-01,1.112613701113470133e-01,6.152693053100720399e-02,-1.639293392047883047e-01,-2.170887715750364766e-01,-4.644244550615658079e-02,-1.054728215040097727e-01,9.280648817463460487e-02,-1.451758021707470203e-01,2.761797097325943348e-02,-1.625295296636355968e-02,-1.814617878323613043e-01,-1.757968202257423340e-01,1.619737281134409346e-01,1.633895066591913373e-02,-1.465012823567376499e-01,1.181615533126531697e-01,-7.324521596145673608e-02,-8.606252911984281495e-02,1.924589461893783382e-01,-2.893387531887497283e-02,-1.170111191426389391e-01,-1.602020255767331314e-01,1.783087803647765979e-01,6.286891803245639454e-02,-1.612327081973590759e-01,7.830867258071939896e-02,1.516351014061664282e-01,-1.099760476355031436e-01,-1.338950389920343376e-01,-1.733832142720811431e-01,-1.183761403489569375e-01,1.713758570970624617e-01,9.082198999088265338e-04,-2.905311822543776498e-02,1.647009351278957145e-01,1.780631704561982664e-01,1.518095655795511090e-01,-3.313672804893232071e-02,1.061126930049207245e-01,-6.224267182360521122e-02,6.455527862436338804e-02,-2.815246048588614016e-03,-3.648101147153560986e-02,1.642201085809634475e-01,-1.616486597242420276e-01,-6.795938062639585164e-02,-1.959618707763081946e-01,1.729976579216259136e-01
1.064508970092202245e-01,-1.750821219154807262e-01,6.200371280206164876e-02,-7.645082628139888981e-02,-1.894377863076847357e-01,-2.071707730457845176e-01,-1.943127281028800002e-01,1.823611604210311210e-01,3.882502558350896943e-02,1.967986404548547064e-01,-9.507201819106020704e-03,-5.472036305533947709e-02,-4.134657797746663088e-02,-7.186300910101786621e-02,-3.795599405122344200e-02,-1.378056158985863644e-01,-1.800227868115807373e-01,2.006023734069977416e-01,-1.999422387631814013e-01,1.634675167442115606e-01,1.669884193135098560e-01,1.810549250278984668e-01,1.760303632515522188e-01,1.149706133922713015e-02,-8.135000907039388607e-02,1.541619054595957938e-01,9.321687334179161455e-02,1.432328506848286609e-01,-2.081983762058159659e-01,-8.838313080735035396e-03,1.308184384297871872e-01,-1.385799022816375237e-02,7.861471478606690821e-02,-1.486211101259696243e-01,-1.568966853815436102e-01,-1.560772454466362036e-01,-1.928762311065024618e-02,-2.052955693695442674e-01,8.251451963623163133e-02,-1.410867531751098906e-02,-1.019091688920558403e-01,-7.137705855748144312e-02,1.904504771326678003e-01,4.980592469596702154e-02,1.619868843925142687e-01,1.819481062499025623e-02,-1.829155227924799676e-01,4.304847456650279236e-02,2.292462336422505190e-03,-1.222255177898332879e-01,-1.296996843942323230e-01,1.672637355290837458e-01,1.859571953213829121e-01,-1.369747342518073258e-02,9.614261677474079948e-02,2.095765200469895395e-01,-5.492228050409143914e-02,1.119938087661316722e-01,3.436750464250197534e-02,-1.384140417031712589e-01,-2.130782563562929888e-01,9.045280449694684255e-02,-3.421357290785399536e-03,-9.973126706833906202e-03
1.143692298163245281e-02,-1.923470368890852766e-01,-3.602505125808249525e-02,1.873365532289325563e-01,-4.268082786907684278e-02,1.094925373911984356e-01,1.173992593649495902e-01,1.620275136210699296e-01,1.125994105338028184e-01,-1.289400244580187482e-01,-1.844037511255589845e-01,-8.569779824236287147e-02,-1.777768125073696248e-01,6.778442362176893832e-02,2.069186588393442661e-01,1.148691761484148810e-01,2.360647433260985306e-01,1.673177803654362084e-01,-6.226441994769642968e-02,8.358637289080884936e-02,1.657077905866256862e-01,1.614612418027597529e-01,-1.583677189321282819e-01,-8.290925801857389199e-02,-1.394663604505148868e-01,1.540606501267526018e-01,-1.615907077840883221e-01,-1.874572922899861438e-01,-1.450027695774712966e-01,-9.754407353880349685e-02,-6.440706187287972839e-02,-4.542026287162208298e-03,7.380229319577320812e-02,7.493124835031727236e-03,-1.417145114251224802e-01,1.655640239749264497e-01,5.753003761976731301e-02,8.691036847726724135e-02,-1.280011913648600730e-01,6.117189504241163367e-02,-4.870950978408206816e-02,9.741114299017850087e-02,-7.768497708742291841e-02,8.131538294348937546e-02,1.624441281835918849e-01,1.146963420340608580e-01,1.948995160158190076e-01,1.793984780517077771e-01,1.075986090136347162e-01,8.121999595393367133e-02,6.292291911199771048e-02,2.424697541147950372e-02,1.951929677433628454e-02,-6.061175482312978341e-02,-1.041759479985345377e-01,-1.496018424513101061e-02,8.373356885902140390e-02,-1.116264515777981026e-01,-1.519294725513591071e-01,-1.117887777128120513e-01,-2.030898510344209540e-01,2.788552302937837013e-02,1.337639028214120951e-01,-1.163057617216588790e-01
1.204852034428260388e-01,-6.000652102505713015e-02,4.380643322524499506e-02,-1.642230339830616503e-01,8.902518842565040197e-03,1.230828069465751823e-01,1.982563980401168269e-01,1.322312621267715815e-01,1.457612521329609556e-01,-3.451891542155483689e-02,7.172124201326927906e-02,6.963693920666501336e-02,-1.394981802581710673e-01,3.361833642794954946e-02,5.272292506271106932e-02,-1.637500359434692354e-01,1.983157629154511103e-01,-2.199865834690804267e-01,7.613932970358613939e-02,-1.170327103128915129e-02,7.424899224549132148e-02,2.079322163108854316e-01,-1.696872960540762587e-01,1.949076730221749043e-01,2.134556881370546777e-01,8.583682712079337973e-02,6.857961331883064005e-02,-1.342134405133832697e-01,2.061501091168932431e-01,-1.925348115420275341e-01,-1.854875165863846820e-01,-1.377856233894965976e-01,3.097083099451238344e-02,1.053441734702090238e-01,1.787607814232894665e-01,1.290730383254853897e-01,-8.791585935698159604e-02,9.430093342926534894e-02,-1.752822589734471526e-01,-6.092371002917399553e-02,1.315509313405494318e-01,1.136610746808708189e-01,1.197392781278083934e-01,8.050841605723438321e-02,-8.558420395433180561e-02,1.964272393258024718e-01,1.003883866863590768e-01,-3.226987022738565108e-02,8.486603731939706963e-02,9.139940352894364295e-02,-1.367809727551480559e-01,1.391119210017766616e-01,2.037255328702129442e-01,-1.032166697524392884e-01,-1.735325932699628704e-01,-1.592454903277929490e-01,1.574690076242284478e-02,1.122538418964334483e-01,1.445803163393355739e-01,-1.682398219174599252e-01,-1.489675640696545567e-01,-1.968253763283156488e-01,1.105956616107378054e-01,1.495213398092739288e-01
-2.001628280828277595e-01,-2.719861540188642929e-02,1.541051843644638542e-01,-2.279138651528883619e-01,1.555190116774340936e-01,-5.840038851311159240e-02,-2.220587496299204489e-01,5.750260578916605719e-02,-3.624826862619439510e-02,2.163338247176790630e-01,1.571063952176999790e-01,1.401502248630386860e-01,-4.959535569883903594e-02,-1.180925585523028565e-01,-5.328265906983861711e-02,1.490468908518975955e-01,2.649570734961549379e-01,7.392739857539240567e-02,-1.840265603405900202e-02,4.416116638783555703e-02,-1.888181601889561412e-01,6.918837124997721799e-02,1.398217247613912084e-01,-1.450854413240837693e-01,-2.861110351785130929e-02,1.285102931217731448e-01,1.681603261093916613e-01,-1.393674952531622283e-02,2.012798278011261321e-01,7.188387453794044257e-02,-2.276564509011328938e-02,-1.634711592393907897e-01,-2.304777962977002659e-01,-8.405591076351273672e-02,1.712469918930287216e-01,-1.350376117481447980e-01,-4.496955864435103756e-02,1.715820726565325527e-01,2.029999564141920509e-01,8.472487957568480832e-02,-1.411162284910372211e-01,-1.842816040573861947e-01,1.456494369883241935e-01,1.400060283175812159e-01,6.581980509490835407e-02,7.812017018078515340e-02,-5.071961545259440207e-02,-8.896733593199133983e-02,1.345934813985012191e-01,-6.094751136559256599e-02,-8.494541869065243278e-02,-1.135834115897637817e-02,1.293190058204431170e-01,-3.675973797418818911e-02,1.335720060079034245e-02,4.580015511731614503e-02,-1.480114880159009161e-01,1.842517173967190558e-01,-7.907400855968334252e-02,-9.892524156235264765e-02,-3.105329485818760990e-02,1.609605422319261014e-01,2.504685259758463595e-02,-9.615125864537378553e-02
-1.321045961263517254e-01,-2.037404010099454765e-01,-9.636816146201193645e-02,1.363839382446867081e-02,-9.186266959672033383e-02,-1.746304782990391602e-01,-9.131627892513607958e-03,-1.469220748031808688e-01,-4.610541523234041456e-02,-1.944220218638774145e-01,2.227810731391686172e-01,2.189021061019787162e-01,8.413007874600886282e-02,2.118180496279925551e-01,-2.330630108505260256e-01,-9.419490212451538114e-02,4.552786144072642344e-02,-6.740615536396976637e-02,1.846870068664032138e-01,-1.770037373438690664e-01,1.755277275250596292e-01,-8.125252871356430928e-02,-1.912359114914799207e-01,-1.871791863704181129e-03,1.280243147491380296e-01,2.004401730297225570e-01,-3.273006194030320115e-02,3.820518638878312584e-02,2.144435789961127992e-01,6.179135080333461594e-02,-1.247438181416032493e-01,-1.293501964591777242e-01,-1.500335428669286320e-01,-2.094412979585575652e-01,1.260111359303012490e-01,1.518232641779611869e-01,-8.322677140514471439e-02,1.650085005105356162e-01,1.604585279026285172e-01,3.712043760447961485e-03,4.889349905993396056e-02,5.254389989316588655e-03,1.300675752222295659e-02,-1.760301793397186787e-01,-2.562095483178666259e-03,-8.821255843165039245e-02,1.190798467900128915e-01,2.661457094668507814e-02,2.157479649541704791e-01,-1.435708887839476887e-02,-1.048859293611603266e-01,8.938207080242398239e-02,1.862168499035223856e-01,1.502987880187026393e-01,-1.193620773566110311e-03,1.781050509906438421e-03,4.764554657911844460e-02,6.245258053110862772e-04,2.031818028733802239e-01,-1.126967308294610365e-01,-1.235795314427233921e-01,4.100745861205203069e-02,-7.639240338700263588e-02,8.879412050946996343e-03
-2.102619700690066817e-01,-1.464913436862144702e-01,5.797703570688776155e-03,1.572136163062528846e-01,-6.387226967538618683e-02,-8.761204261087780776e-02,1.928816100888138541e-01,-2.212131783644432914e-01,-2.095962193019149100e-01,-6.421928714545876993e-02,1.341144322523836474e-01,7.650642595451405403e-02,-1.645509600067563416e-01,1.004480743786174829e-01,-2.081383753922859403e-01,7.368432608029613917e-02,-3.043014871039882024e-02,-2.744940624941956397e-02,-1.303632733411473066e-01,2.136514379277642817e-01,6.329792801329672813e-02,7.293803043595689650e-02,-2.141979794495351419e-01,5.762685351327063304e-02,2.065452372217872800e-04,-2.137445250463019530e-01,-3.313772733422755412e-02,-1.449694342135518788e-01,-1.786010081329012233e-01,2.165279177714773406e-01,-1.928784553126786094e-02,-1.392077160538859604e-01,-6.915610712239403726e-03,-1.477334670196742694e-01,-4.277994233593984674e-02,2.152453702488203724e-01,1.373050828936198953e-01,9.729936567582145313e-02,-1.681842864491653877e-01,9.353522233632575490e-04,2.148048392083703739e-01,2.648197636254185153e-02,-2.185550844969838188e-02,2.502277233992084710e-02,1.072367107078387727e-01,-3.075268280603608417e-03,1.277874891328219763e-02,-1.548651727738511452e-01,-5.910805044937746111e-02,-1.364073815102403719e-01,-1.406800297777704989e-01,1.989321849152740906e-01,-1.735179101034796112e-01,1.035932033882417252e-01,1.649503592645063521e-01,2.073827886463691650e-01,4.149352865567766668e-02,2.189493283904395404e-01,1.924105531358429599e-01,-9.036819736172850559e-02,1.871064700227397792e-01,-1.723211651179728243e-01,9.796749505892490828e-02,-1.326207466278804259e-01
4.394504467205760656e-02,-1.147414780031964614e-02,6.503525164984969020e-02,8.282416348403237594e-02,8.263256466637776410e-02,1.510021378759351107e-01,5.967295449619219178e-02,8.631555374186115903e-02,-1.940516869561142721e-01,-1.322198134589878116e-01,7.847424700959551580e-02,-1.068992199776863106e-01,-1.052006919437344923e-01,1.218602272278728610e-01,-3.051676972577227476e-02,-6.178381640463251334e-02,2.641145387488709473e-02,-1.597362977058043865e-01,1.106682201257178783e-01,1.978364296234679659e-02,2.228946021295283297e-02,1.007908456302778755e-01,1.736470378086674149e-01,2.076853556520501520e-01,-1.703400282310645886e-01,1.342079333427508708e-02,1.522138489596370492e-01,8.824027522872431029e-02,4.551720726969277903e-02,-6.301324272782762859e-02,4.292165427455085780e-02,1.113347771993112162e-01,1.450722883597092006e-01,2.170300323677227250e-01,-2.044992896342986421e-01,1.368246799056795082e-01,1.032386578138455233e-02,-2.574010701026020927e-03,1.794140107350619961e-01,-8.485417736235684183e-02,-1.436312797487504789e-01,1.260016939731880281e-01,1.863756540581775756e-01,-2.495313758675711188e-02,1.152079988308202102e-01,2.046286572007197657e-01,1.136321523087197999e-01,8.152208874358338186e-02,8.054857714728830276e-02,1.657347455053204688e-01,-5.509242211747262391e-02,2.008242906834728225e-01,2.839021914120969949e-04,-1.396658251617150515e-01,-5.470143495749284213e-02,1.511260588115460046e-01,-1.135655113015381773e-01,-7.238975784403528513e-02,5.285894930254241009e-03,3.808932090653554398e-02,7.801035956490591505e-02,-1.099575146400294003e-02,3.331888645239924895e-02,-9.832240786891037476e-02
-1.300190722029231361e-01,-9.726044567684345721e-02,3.385882408068786181e-02,-3.591695557782335207e-02,4.357347206239893522e-02,-5.424840773711549213e-02,3.513328595900398060e-02,-1.306279027604644316e-01,1.845344962863553484e-01,1.008379389068813914e-01,3.877069993955035987e-02,1.737736146287561789e-01,-6.987216682894387132e-02,-3.321870189509251725e-02,1.997681405005362343e-01,1.033928615386188882e-01,1.472784436178395384e-02,1.877136293450695770e-01,1.692806979340440512e-02,-2.269868410755807309e-01,-8.523067929260447206e-02,1.277152984741793951e-01,1.761775683025461614e-01,6.291435293903427373e-02,-1.891665824592940193e-01,7.126326279900123406e-02,-8.679168911698288691e-02,1.126687413905778090e-01,1.735336383963489715e-01,-1.822900498455475027e-01,-7.466137033720035565e-02,1.723039129425030513e-01,5.632011161807488897e-02,-1.270408008183751825e-01,-1.654872767577402759e-01,1.963999292122845242e-01,-1.501839965895148399e-01,-2.406437973114085305e-02,1.388422896926708450e-01,-3.707147566965492830e-02,-1.898618364631558808e-01,-1.070042016261570500e-01,6.170320404060199160e-02,1.531633912852713719e-01,4.739211716859290796e-03,-1.703328433214294502e-01,-8.409997977809564873e-02,1.168010656830945904e-01,-1.531193156660658750e-01,-9.096228864334282571e-02,1.161472686556312695e-01,-9.323332027537613309e-02,-1.228999542113178994e-01,-5.765678062829139583e-02,-1.426650586343922722e-01,-1.000885844834733251e-01,8.610654673928908043e-02,-2.218017207536543967e-01,4.964031031920997789e-02,-1.882270854626249823e-01,-2.070887951151803019e-01,1.859919823075002199e-01,6.070080900881902330e-02,6.163143136402344374e-02
4.510539598517554483e-02,-1.748062015565720051e-01,1.737331920141518549e-01,1.563000354505898470e-01,7.577219606346997927e-02,-1.240772178905794748e-01,2.051777760023340835e-01,6.954137554146254917e-03,-7.677010394207252342e-02,-1.655696010437712751e-01,-6.014670920335615095e-02,2.869823502715422581e-02,-1.107787454012611333e-01,-5.117893816503042356e-03,1.545278400953384867e-01,-2.770247023220847107e-02,-1.720508581152097038e-01,-1.424789155975229038e-01,2.027773644245378926e-01,-2.364166485970660772e-02,1.524170618664371091e-01,1.337300721033241324e-01,7.185977771499206523e-02,-2.095070055001610754e-01,-1.379443195724674442e-01,5.180574784117808473e-02,-1.027126902923814616e-02,2.979374277813497812e-02,-8.340389537429265809e-02,-5.010523883093571246e-02,1.746732459952756999e-01,-7.991051467187422486e-02,-1.034895833535213472e-01,7.406780310914785892e-02,-6.382934761791168865e-02,-2.618053727919411253e-02,7.002751706076387750e-02,2.027556278215407112e-02,-1.556702052528183000e-01,-1.445019790431046336e-01,-9.947695506567426349e-02,1.245602416964305403e-01,-7.699501977028380684e-02,-1.870276264613285333e-01,-8.653712005397000417e-02,-3.788809936044194859e-02,-1.987129783400148342e-01,1.792669431618863218e-01,2.300691780584275814e-01,1.668667124563222026e-01,-1.471901468607638985e-01,-1.076460331620857497e-01,1.212276880017500724e-01,-4.180683272023906147e-03,1.090138526453883761e-01,1.057384832193863367e-01,1.440689182972317850e-01,1.627105763201563693e-01,-1.638687148510373504e-01,6.474645337548554092e-02,1.564806544415082157e-01,3.942505080816145757e-02,-7.143929290237767404e-02,-1.832674074090079319e-01
-2.038750097362259095e-01,-3.035794129117453874e-02,4.663832004147933086e-02,-1.417919203371466597e-01,7.350413265800023743e-02,1.684974326128694799e-01,-4.721909998666139197e-02,1.425416110654987301e-01,1.128298968088773668e-01,8.622395495349732819e-02,-3.255709900931615802e-02,8.372488670625751850e-05,8.041817489708447120e-02,-1.948043030261236569e-02,-1.539453791085395595e-01,1.625515780233428575e-01,1.373371977667972865e-01,-1.553049228136615945e-01,-5.133325628974100968e-02,4.069530000037112349e-02,-1.837951801876716307e-01,2.132511252469715402e-01,-3.960717381061380771e-02,2.073291269095081379e-01,-1.680259108801509527e-01,-6.451535897198922009e-02,-1.517627030894173543e-02,1.810740924411683578e-02,1.389082813690495632e-01,-1.249953734514201859e-01,1.688941281560342456e-01,-1.111047828145540761e-01,-1.183218489636925497e-01,-9.856781493955620033e-02,-4.948831152704964015e-02,2.080472967891964231e-01,-1.595553043487713818e-01,1.322690555190726147e-01,-4.774977877673111659e-02,2.277380890011552195e-01,-6.635106848243516042e-02,-7.212340617942890331e-02,-2.727962497776770592e-02,-2.719180666785165484e-02,4.386664660732732604e-03,-2.254879305574399584e-01,1.599608334697809608e-01,-2.021502422180930791e-01,1.972815921745869061e-01,-1.898545254198541476e-01,3.969694032930544403e-02,-4.969233986540267864e-03,3.817863614219491053e-02,-2.186145875328280586e-01,-7.710356592600593750e-02,3.128047416755708882e-02,3.125889299135582722e-02,6.156555368378873599e-02,2.065861049537980054e-01,1.804337704180874677e-02,7.622341400212331863e-02,-1.488169557204083449e-01,-1.518854331587278853e-02,8.982245976977207280e-02
-1.796057351786684297e-01,2.137279762524977589e-01,1.459989781431841604e-01,5.008944411058215140e-02,1.111354827571896763e-02,1.135198508271196560e-01,-1.671169633338998872e-01,-1.762885161873010975e-01,-1.501232056292315167e-02,1.628035399844216524e-01,-1.136033502622978836e-01,1.253616258544260238e-02,-7.643229359734090254e-03,1.254324825755491757e-01,1.980404757403224081e-01,-2.126146881290939816e-01,2.098001319681714327e-01,-8.190054479850628066e-02,-9.958881368169955617e-02,-9.551339078700034346e-02,1.106543980612229444e-01,2.371638918505999255e-02,1.464126727649874872e-02,1.211777917175046598e-01,-6.694088741618053895e-02,-1.704040526369463016e-01,-1.991584573118815038e-01,-1.319904188757611563e-01,9.122015284684797248e-03,3.960833237192622897e-02,-5.602647128688095085e-02,-9.772561565546908358e-02,1.634207052858143439e-01,1.183974953388859247e-01,1.982210407897445903e-01,-1.378020068740891391e-01,1.380921050486677848e-01,2.642888116835670487e-02,1.083992259853223672e-01,1.284533968415087213e-01,-6.068275399774445029e-03,-8.144436803248110619e-05,1.380499026665865936e-01,-7.040776271853819990e-02,-1.179072525405290561e-01,1.150959706101934571e-02,-1.994018454634103044e-01,1.006687979797861038e-01,-8.016273764368495036e-02,-1.848846713415103205e-01,-1.722791375272506031e-02,7.123417086778240093e-02,-1.282104334262792744e-01,-1.333961959522855789e-01,2.138301715391130731e-01,-1.339710738783967958e-01,8.497934238650553529e-02,1.235956351598930907e-02,-7.877068993218000470e-02,1.548994964167255128e-01,8.429671876731446856e-02,2.082470551203288722e-01,2.019698291246030744e-02,-1.957099004919242158e-01
7.133341872624660018e-02,6.633986050685201398e-03,6.507760795329650683e-02,-1.669917742920511150e-01,1.351351635641701542e-02,1.534319051992509009e-01,3.329154381054471451e-02,2.124524627403056309e-01,1.085073374331370077e-01,2.073167795273695990e-01,5.382594069866403208e-02,-1.238451796438803099e-01,1.761349540888477450e-01,1.404543171667240950e-02,1.858951472739667210e-01,2.167951226912462771e-03,-1.562434467240894909e-01,1.182689841676212716e-01,2.243886744518467646e-01,5.474990789905007094e-02,2.307725935805416961e-01,3.830716269453147277e-02,-2.190576949733561152e-01,-2.741268486170761118e-02,-2.006782983578289936e-01,1.474545686371628306e-01,1.869639437694765594e-01,-1.247263951193653547e-01,2.554894944169921467e-01,1.003847647998298148e-01,4.186518921899663737e-02,1.071735978931745298e-01,1.985661353341440505e-01,-8.879903924466342469e-02,8.230499352276876568e-02,1.944646712879984363e-01,-2.782890974181800176e-02,2.673507031800371331e-02,-6.515286246334331399e-02,1.013834112400916615e-01,-5.667059871950250877e-02,1.886377821564262369e-01,-1.888863097159662052e-01,-8.925971720003238186e-02,9.447643763882758450e-02,2.110736413675609324e-01,-6.853756891736170059e-03,-4.490068902839056131e-02,-2.226019237738509071e-01,-7.024734634845053449e-02,-1.118542658155625563e-01,-1.320177725887876075e-01,-1.370228438842158170e-01,1.080815156809133426e-01,-8.288464169869673437e-02,-1.100110481974685972e-01,-1.140674171464666625e-01,-6.674906173985327429e-02,-1.649556508263527177e-01,1.879239306053245573e-01,1.233651269137489570e-02,-8.041868940698553014e-02,7.564241885655710596e-02,-2.146441520816507742e-01
-1.851270506528880644e-01,-2.100889325645665176e-02,4.980332289120818767e-02,-2.192379733599418012e-01,6.723403985791788669e-03,-2.231664007131544947e-01,-3.245542365224889786e-02,-1.096826983038068359e-01,-8.427866081427092503e-04,-1.165002808017160177e-03,-1.417679498213563483e-01,2.034937717574027971e-01,-1.889636792723185243e-01,-1.843280269766841284e-01,1.051843563625605854e-01,-3.701551186317005027e-02,-7.929764314816677151e-02,1.745960740671089473e-01,7.784733804233166798e-02,4.034137166398918395e-02,2.085594365304529185e-01,6.531737838660472972e-02,7.943417463361987507e-02,7.112581342536526685e-02,1.461758263313097939e-01,9.740113916056147500e-03,-5.703917482719916138e-02,-1.976489976034754570e-01,-1.371889535858381026e-01,1.409496730119837171e-01,1.551222881395375452e-01,-3.396572234316982963e-02,-1.432910140553850797e-01,-1.319517003408860745e-01,-3.854472732172509186e-02,1.164333541138452693e-01,-1.604143156331876985e-01,8.800483334973331628e-03,2.831552647097593245e-02,1.655012080029935051e-01,-9.399386197136638810e-02,-8.343150668239723844e-02,2.438011582392481807e-02,-6.824330391439729915e-02,3.906941774529883171e-02,-2.196993512627429535e-01,-9.162861625817272926e-02,2.720320804322360897e-01,-7.658009924686666990e-03,6.266555912880318602e-02,3.331760328835002560e-02,-1.738578495803701773e-01,1.056613357689898253e-01,1.042377973538298058e-01,8.870766631165416527e-02,-7.255618051475967722e-02,1.759269288361410832e-01,9.120883577732916137e-02,1.457674472739942384e-01,1.226307558657094982e-01,-4.906271952018611410e-02,9.123894682692712532e-02,-1.227511785808136635e-01,-8.724800411824239210e-03
-2.027072162028325242e-01,-7.956710380957132678e-02,7.770636562052290162e-03,1.307684126387543000e-01,-1.847775221181033323e-01,-1.162280537480367554e-01,2.890971930965305359e-01,-4.996447521080817078e-02,-1.225513408070698640e-01,-8.432427062695115050e-02,8.853514479188652475e-02,-2.520006922340786368e-02,-1.522893099028720942e-01,2.203911046651382821e-01,1.522067611369748719e-01,1.488433760598349698e-01,-2.928679463386222800e-02,6.628952243231456265e-02,1.641364617293656902e-01,-1.992854687815381540e-03,8.046387332197267594e-02,-1.790247234111173591e-01,-1.813256990955091907e-01,-7.939920819104834271e-02,1.294974911973503784e-01,-1.783293080485965909e-01,2.000985254689223169e-01,2.814075731066430566e-02,1.356855222464219655e-02,1.245045045812158968e-01,-3.940211275261545909e-02,-8.546896501085030073e-02,4.703887480288927031e-02,-1.792938073298807056e-01,-1.420853437329948898e-01,-5.330166392363438338e-02,-2.143753340240062144e-02,-9.195530760186947095e-02,-1.839921493133162000e-01,2.256514744321151678e-01,-1.592005787922754767e-01,1.485099379119333707e-01,-6.322001942024532695e-02,-1.389572720986801957e-01,-1.380122301021688147e-01,1.768583711923790713e-01,-1.010245071258611682e-01,1.854828747456150340e-01,-1.578545717365656686e-01,1.044142530714112366e-01,-5.192247625620449204e-03,-8.208486115541188677e-02,1.613541514932418097e-01,-2.643128667449272037e-02,-1.276001184904610453e-01,1.111458419808491471e-01,1.100296146171734629e-01,-1.389871482805499492e-01,5.208158122820170238e-02,2.172478389620851602e-01,2.265999917754413229e-01,-2.500321383358764318e-02,1.056372894445869043e-01,-8.816199420066206383e-02
5.519056429934386665e-02,1.952051531545814789e-01,-6.110591512292401495e-02,-6.633443384149549649e-02,5.463171817144844844e-02,1.149802162123998023e-01,-1.324048931778756266e-01,3.670525943777178807e-02,6.784327577195130299e-02,-9.331264216064007189e-02,7.830020297162704201e-02,3.616018193496232935e-02,5.078919048694699456e-02,4.847480311320338797e-02,9.377116525483200626e-02,3.655266196578461912e-02,1.351475172728178187e-01,-1.634681453960651898e-01,3.766485918396076608e-03,-2.545375164852889394e-02,1.723837072692631367e-01,1.070503323920260624e-01,1.344433473943785207e-01,-1.715335377718803789e-01,1.512704473639372160e-01,1.361292677659627359e-01,-1.845745487400883289e-01,-4.379194232605342074e-02,3.506156615239595237e-02,1.442615235533415037e-02,-6.387027309689512732e-04,-9.658399422007660218e-02,-5.276126271257548100e-02,-1.556173865541404799e-01,-1.933330842271048788e-01,9.980806252926426037e-02,1.861239717962061835e-01,4.762788975090698901e-02,2.190378882253551929e-02,-3.007350370638926101e-02,-1.006338045501637413e-01,-1.467413234835439340e-01,1.502690799840444846e-01,2.410907457425207762e-02,1.288398426273496336e-02,-5.213065483294521824e-02,-1.594772996389230146e-01,-1.440296035841499567e-01,-1.904897130020619944e-01,-1.562574399479137177e-01,1.096279579358833134e-01,-1.415355739867653617e-01,1.819109073488003048e-01,1.959891619489108061e-01,-1.668661565172365469e-01,-7.714545204190716154e-02,-1.870295709015582786e-01,-1.389586604251799584e-01,-2.033335409122530996e-02,-6.635377736678774174e-02,8.712146380837493265e-02,3.654476662507275680e-02,-1.401766714932809821e-03,-4.899532786429545983e-02
1.397756408857636808e-02,-7.039495256622277028e-03,-1.944356667597448365e-02,1.991503396781751367e-01,7.340621298279757789e-02,-8.429031264938921519e-02,1.286028230069614364e-01,-2.110565714875559939e-01,1.374843246094320792e-01,8.304594458276505498e-02,9.802336946656023398e-02,-8.482463660553049567e-02,-1.195244916551755632e-01,1.887941990355512800e-01,-1.173622993295689171e-01,-7.983003386604270446e-02,-1.235409605406967426e-01,-1.805045781371111824e-02,-1.752017338039845162e-01,1.903020532279540711e-01,1.180241131930284126e-01,1.731187923036450749e-01,-1.118616114617165813e-01,-7.599445999863483486e-03,-1.363336667477146602e-01,4.837691849207143707e-02,-7.139325980178744258e-02,-1.711768288881819200e-01,-2.233964280631129395e-01,-5.279975690664633244e-03,4.697354858247616838e-02,-1.598199495705726059e-01,1.944537145091608799e-01,2.111206657633311612e-01,2.248696186102064898e-01,-4.266482328740896918e-02,1.902361965641488351e-01,-1.349901388349024622e-01,1.575244258627437333e-01,3.345760077798155124e-02,5.355299352733098456e-02,-1.433985778040672565e-01,-5.122106189355573463e-02,1.492157746759836534e-01,2.556965001585258246e-02,-1.363050295039630322e-01,-3.019004499334605046e-02,4.074776684612171213e-02,-1.566045970526663555e-01,1.147227175603481308e-01,-1.449199576115092411e-02,-1.741830745178041817e-01,-1.503887754285444522e-01,-4.970450676801010936e-02,1.367978561204724608e-01,1.808959585150768032e-02,1.389276852106485424e-02,-5.683742288531781761e-02,1.354627644628376426e-01,2.536737441506278778e-01,-4.567618832778469473e-02,3.791227652020218164e-02,1.433918332886181257e-01,-1.534226400382990730e-03
1.256809176584583465e-02,-1.005141261177086714e-01,-1.517679105422670496e-02,2.920427212977095080e-02,9.980624439708839224e-02,-5.122569932523663577e-02,-2.029053267574397190e-01,-1.558840640395602051e-01,-2.149901526074564362e-02,9.785438273493932138e-02,-7.032813853558730899e-02,-7.890249901097751151e-02,2.496515844563902339e-02,3.992222114011047956e-02,-1.370976604755174411e-01,1.045211805872654082e-01,-1.008690934843072123e-01,1.570499924443949646e-01,-1.999219725851464347e-01,-1.435808428302317308e-01,-2.015228895247229146e-01,-3.982535770178544793e-03,6.135963281808062830e-02,-1.469787093874276029e-01,1.306770955925815603e-01,-1.313132938660159232e-01,-9.037957102973234735e-02,-1.659159762031667817e-01,1.164316904624820848e-01,8.913031946360941427e-02,2.045344226672160537e-01,-1.042020829663147102e-01,7.864039217618817856e-02,1.433727962622165508e-01,4.755468088162490697e-02,7.815534087759271054e-02,4.792014541010294199e-02,-2.018856452551724967e-01,3.196107182695674676e-02,1.388274618996754584e-01,2.953468922673947727e-02,-1.934384286948792886e-01,-1.409909694017085213e-01,-1.018114765980217135e-01,-1.839854489232521095e-01,-1.472182273627532789e-01,-1.926053186199891409e-02,5.710942301377063685e-02,1.554051408605609530e-01,-1.420292375369268389e-01,-6.453150130232035431e-02,-3.552596310035133209e-02,3.353178036899692044e-02,2.208787977150091994e-02,1.621432518929299682e-01,1.133020595617938442e-01,1.087336999954297834e-01,-1.005152566534030234e-01,-1.502579001938196823e-01,-1.450664961741893744e-01,-2.159648390903398663e-01,1.272972109706755894e-01,1.750737414374965717e-01,-4.741604401222188070e-02
-4.204294864099323431e-02,1.681936301409042156e-01,4.413581803338208209e-02,-1.468228968917152655e-01,1.027203279229294414e-01,-1.754732638579774573e-01,2.411120189861713781e-02,1.918501367491901033e-01,3.535275452149298780e-02,-1.910088650883651484e-01,-4.288686083944440175e-02,-1.433173407609859007e-01,2.682142891356232781e-02,1.511052895851943412e-01,-5.694724187754304778e-02,-1.032798892046267458e-01,1.926732814075239608e-01,1.776604334334830337e-01,-1.509658270011789150e-01,-1.369025439051649584e-01,-2.612817703514539597e-02,1.781469737989614666e-01,-1.878921688689190184e-01,1.825233862349135983e-01,1.235383055274380387e-01,-4.639103278238304595e-02,-1.222473099218722298e-01,6.140389344053048121e-02,-9.285681441602827713e-02,-2.102029548466033959e-01,-3.572934171118491431e-02,5.319766185054285168e-02,1.973499226267902695e-01,1.407333103173681044e-01,-3.117086373242718492e-02,1.592206785093249755e-01,-7.808257675880812820e-02,1.951565917210122403e-01,-3.927024148904327550e-02,-2.612556535791664067e-02,4.369798128258304409e-02,-1.380211896616944101e-01,-4.370188259024498229e-02,7.894453508935025954e-02,2.066441738134797701e-01,-1.271338697452922828e-01,9.402415541647546338e-02,-2.124008312127354525e-01,3.007914391085157041e-02,-1.667133007183262405e-01,9.196822972784152173e-03,-1.747590724843061105e-01,-1.927744783919341232e-01,9.418018133761961452e-02,-1.753634593501880723e-01,2.049737026259257633e-01,1.683073278400696315e-01,3.718582957400504846e-02,-1.041603613282313379e-01,6.757070788292598995e-02,-1.632180891519630916e-01,8.796727967806527992e-02,9.252783584631220359e-02,-2.406448850188721844e-01
-1.555025922355706414e-01,1.967004189994329411e-01,1.987611009768403547e-01,1.316410296568181482e-01,1.175109145774371339e-01,1.248072194486225944e-01,-1.681850119275164757e-01,1.941327332545143836e-01,-8.734432265306932286e-02,1.472730510372320667e-01,-1.367931888228948734e-01,-8.304477560766856947e-02,7.866063093147677987e-02,-1.282283009174095822e-01,1.356365408909733505e-01,-1.496332426734090226e-01,-1.787923570047144639e-01,-5.662326773667770291e-02,1.270749185774127932e-01,1.141825844551442176e-01,-4.584540447402838531e-02,1.906328405045927821e-01,-2.118377882105150489e-01,2.198311796497696979e-01,-1.179115660691806844e-01,-7.499957643260321549e-02,-7.752251977431896812e-02,1.316782093541685184e-01,-8.407367676225654951e-02,4.415748053512680293e-02,2.075415466241525286e-01,-1.530557080335111231e-01,-1.026829164661544475e-01,6.615253284840023895e-02,1.856914100999271511e-01,-1.677661853958882510e-01,-1.805418701965030015e-01,1.557314535151387014e-01,-1.895273992173747979e-01,-4.204142516918186329e-02,7.320947958294063418e-02,-6.190759064395025268e-02,-1.139016208994925866e-01,-9.598416333767059716e-02,-1.180936872409036609e-01,7.317839594500760714e-02,1.940032088850582662e-02,9.748604616347191290e-03,2.205655520921904200e-01,-4.584579549519510189e-02,-9.163690813788895329e-02,1.797699252396872394e-01,1.465427941500301590e-01,-3.205637299149373398e-02,9.439457024135970709e-02,2.036418828341947096e-01,2.009433595407521533e-01,-8.319444839369939670e-02,1.025132051892009288e-01,5.361993330631739663e-02,1.069737183554541893e-01,1.187383835611248578e-01,6.467188133824504359e-02,2.537935785231691388e-01
1.829912696866741462e-01,-4.451883428683218319e-02,1.730034296097369695e-01,-4.067487798437176977e-02,-5.374723401340528867e-02,-1.678633365809773653e-02,1.293462451381464928e-01,1.831853294977532631e-02,-1.689782254170435483e-01,1.690216566115934627e-01,-6.283580871798920275e-02,1.246453532293485544e-01,6.280915807758803704e-02,-1.321340442633644162e-02,-1.090865989121867358e-01,-2.437824020208557985e-02,-7.364675449893963444e-02,-2.248310205612908952e-01,-1.951924444077396126e-01,-8.291975045615486428e-02,1.566182133329175052e-01,8.080792001259776147e-02,6.107255760225694524e-02,-6.665591402901438478e-02,8.707797932554590947e-02,-4.514255960505805972e-03,1.212557192081276797e-01,1.074021456925790541e-01,1.324427587273260543e-01,2.003856925323702909e-01,3.637805278368461820e-02,-6.022321224129577495e-03,-1.025925257381284962e-02,4.922025280329166835e-02,-1.291789603864098024e-01,2.939743784149244019e-02,-1.845142937008240336e-01,-4.424124072768347016e-02,-9.855664781030916421e-02,-2.035028288722402490e-01,9.680787568437294877e-02,-1.899396915991451440e-01,2.303284992862067726e-01,2.444423937820405790e-02,-2.076283021565469289e-01,-1.875839186807154169e-01,1.976905185382969166e-01,-8.627942849173372841e-02,-1.793969226573998137e-03,-2.161188905264157245e-01,-6.993763316087171777e-02,-1.454869434426456498e-01,-1.547598281224889516e-01,1.680179155133956215e-01,3.723754183844668608e-02,-5.608136431884930967e-02,-1.682248377658376870e-01,-2.244696204831906905e-01,2.548592165595831016e-02,8.535794594348267150e-02,-4.385562452006476486e-02,6.462445203892917822e-02,-1.954019115713098442e-01,-1.211626382013162723e-01
8.488014377798908106e-02,-3.599172319737378722e-02,9.177557681355039132e-02,-1.212880821920822305e-01,-1.620034093267885399e-03,-2.516004684473335112e-02,1.766511294514392857e-02,-1.837174516531525914e-01,1.825663738404222358e-01,1.837334425198148824e-01,-5.086968250724336477e-02,1.147422569788802832e-01,-3.131052657065603456e-02,2.055054778472300281e-01,-6.788538845865853266e-02,-2.117458260942171877e-01,-4.504355003070932562e-02,2.186423305153194219e-01,-1.372475471976484784e-01,-6.419291957703604501e-02,5.271604799888801596e-02,6.079485119384464694e-04,-1.726658651854912352e-01,-2.093898622514693830e-01,-2.029329654965000840e-01,4.709670211631890313e-02,3.125942429039337694e-02,1.768290478872299723e-03,1.978872406633258030e-01,-1.194550512911733975e-01,4.256149839067382978e-02,-3.775865528505010366e-02,-2.262964916500404267e-01,1.096131426816365634e-01,-1.249084849192474145e-01,-2.024736091114169925e-02,1.257029113695008748e-01,-2.765333802476598324e-01,1.389540483162635398e-01,-1.918667009932069345e-02,5.392048599271810627e-02,1.652205494948648101e-01,1.914494043502094345e-01,-9.602172715941090231e-02,-8.925994513272805797e-02,-1.248874446613864181e-01,1.574067281376339833e-01,1.004435441630052439e-01,-2.143658797903385052e-02,6.980638780140198396e-02,2.387919718197643593e-01,-6.706898616199646890e-02,2.688492020677079458e-02,-7.779224972983524167e-02,-2.134527335473994716e-02,-2.235197320355190864e-01,8.411252708548343227e-02,-8.181667080574532569e-02,-1.412371501353681669e-01,2.313019898018546794e-01,1.841397289268527082e-01,-1.160381829055954356e-01,-1.918661707680940354e-01,-3.488566071337814711e-01
-2.081367003170820143e-02,-1.155253472444727758e-01,8.719506440541304956e-03,9.815625480209452802e-02,-3.474778600022672415e-02,-1.765759249186645841e-01,7.564260407131716268e-02,6.041709345949278914e-02,1.637678859671018727e-01,-1.175815851401322276e-01,-9.705804768776035707e-02,-7.563022255854355558e-02,-1.401800422438798654e-01,-4.728715243123979284e-02,4.835363410672080531e-02,5.029345964880208714e-02,1.253002870015034742e-01,7.208696806291330084e-02,3.145612012600712548e-02,-9.194802122668972733e-02,-1.806532770035906288e-01,-5.726654763488388949e-02,7.887397496685337461e-02,-2.012376299816624400e-02,1.649000012505824897e-01,8.007132737402725131e-02,7.752349933413216210e-02,-6.689473548879762421e-02,-9.390294625277911811e-02,1.430856139732177845e-01,3.137059524126278864e-02,-1.229262588493423708e-01,7.415126424325216292e-02,-1.203344417006863010e-01,-2.020257100154240482e-01,1.360115361716650595e-01,-1.537308298277217100e-01,-4.612440455044924947e-02,-9.942492269384098358e-02,2.447953009722799930e-02,-9.390774385619592157e-02,9.293342199628955302e-02,2.134438138776263150e-01,-2.115712628430510556e-01,-1.746220735201993168e-01,2.221384816183449851e-01,2.231644979325570766e-01,1.008814798202034568e-01,-3.632753659349688413e-02,-4.043906807337081105e-02,-4.547223354362772002e-02,7.034986557528306525e-03,-2.695374641904103516e-02,-6.142316131928379774e-02,7.347716411805059467e-02,7.186017882377175592e-02,4.430152199943830638e-02,-4.851736937851037351e-02,-2.684624655435899898e-01,1.770493166770239213e-01,-1.723214221468964413e-01,1.101849018419117365e-01,-7.233149711412614757e-02,-1.226415288303233653e-01
1.446842195875487347e-01,1.602521445843505671e-02,-1.083290522042913290e-01,1.440518782604055525e-01,3.560354787899470269e-02,-2.672250299056537146e-02,2.346090064411163467e-01,-1.631313991383530337e-01,-1.855034896230094710e-01,-9.583198591215651152e-02,-1.175507207603144061e-01,-9.639777801606078805e-03,-9.559889799247009087e-03,1.564177209061007323e-01,-9.426842341826278948e-02,-2.220151052365940403e-01,5.043046643444392546e-02,-2.109679230054201104e-01,-1.603190909854899093e-01,3.268127763033784172e-03,2.230627299485303527e-01,-6.373979935879353631e-02,-7.512691403189994399e-02,-1.780900502852707512e-01,-5.033233382169903514e-02,-5.419266501532430530e-02,2.154652861590017621e-01,1.369511435189096349e-01,-1.559692467517310999e-01,9.702322730512177862e-03,1.099674004988494963e-01,9.224057875877983426e-02,-9.331402220720969032e-02,-2.846699885772483590e-02,-3.834798862107371281e-02,1.254167290638099341e-01,1.141542933553441885e-01,2.129785171639509908e-02,1.533590152319747879e-01,-8.410827797807189643e-02,8.514850087902219034e-02,2.196740831278872763e-01,2.683352516236304011e-02,1.927314030619195484e-01,1.666920905707208189e-01,-2.832406984312534765e-02,-2.316872037725782596e-02,1.060330746708188290e-02,5.671792339518082204e-02,1.768329121188795539e-02,-7.360248964660284776e-02,1.663500544238805459e-02,-2.156437808304275949e-01,-1.499540356220883386e-01,1.366829902310290612e-01,-1.913556226558907336e-01,1.601557813159135146e-02,-1.860627782148465692e-01,-1.302910437488905560e-01,-1.356701678604103622e-01,-1.355313557680265235e-01,1.447612795679825426e-01,-1.658417418603729543e-01,-1.907918857003515489e-01
1.613145742381809356e-02,-3.092463076799798014e-03,-1.413422008347535973e-02,4.826812155088162221e-02,-5.694948560332243476e-02,-9.951411949720066763e-02,9.877640572735652338e-03,1.742279222075022171e-01,-1.272111593641545302e-01,3.951531484153097268e-02,-5.278411573344439847e-03,-1.163558148976805567e-01,4.125080947194283837e-02,2.635081743341129157e-02,9.467948260229455681e-02,6.926193234437501289e-02,-6.002671477969237501e-02,-5.273507567836716037e-02,2.116431657083422679e-01,-3.505969847000527822e-04,-1.417183795548941638e-01,-2.697250902292912950e-02,-1.742181806491739371e-01,-1.506211472224884829e-01,2.061024607695581823e-01,-1.647075945923421117e-02,9.775134892235402828e-02,-9.905298365998052579e-02,1.691504995665366051e-01,-4.918493393055394349e-04,3.050910836233999487e-02,1.057684356449569152e-01,-6.785073298511418161e-02,-1.465294442278755882e-01,-1.047864271574741046e-01,-1.887417674883193064e-01,1.505727565531633227e-01,-5.597216931201123152e-02,-1.320901112649486009e-01,-4.405495875198278677e-02,1.643312054255240962e-01,5.519561117182418368e-03,-8.442373429670038676e-02,-6.597847561231696967e-02,-5.530823355409662107e-02,7.124988868469654679e-02,1.202192262188523930e-01,-2.129418732187186858e-01,-1.059728716590279118e-01,1.116311801351589222e-01,1.229224585959322325e-01,-2.173940287224381818e-01,1.638202909923185124e-01,1.094670973567476169e-01,-6.460453375715022317e-02,2.052404021941378054e-01,1.826925563961488697e-01,1.569062011930427436e-01,-1.838141096991579293e-01,1.612563765498921386e-01,8.887436332465090127e-02,1.774839250955926040e-01,7.551924770419123079e-02,-1.350429447508262326e-01
1.373108192708175634e-01,1.474383000587890791e-01,1.588721330478748694e-01,4.915487854871510021e-02,-1.393686510788064159e-01,1.143614525645647410e-02,3.306137345152737606e-02,-1.203795764125763917e-01,1.598725373494487290e-01,-1.715537898368717507e-01,1.922781256885160855e-02,-1.842321414328850215e-01,-1.004100670132047346e-01,-1.674232887317744500e-01,-2.096632790513234257e-01,1.067382991739972697e-01,1.808605034301855874e-01,1.784449169607578711e-01,2.903148592709651685e-02,1.256616613369003765e-01,8.353529209700623348e-02,9.708092177912425180e-02,-1.775474551733401685e-01,1.900557836718381188e-01,1.805035691705927092e-01,1.477461420824051075e-01,-4.366736484032519156e-02,-1.780318218283578613e-01,7.121519926602477846e-02,6.467980584656761456e-02,1.490518512266002238e-01,1.329191685357415664e-01,-5.376949017909640575e-03,-1.077892406005334994e-02,-3.242601230175679028e-02,9.302394132181163178e-02,1.992546719329340299e-01,1.181328652202537910e-01,2.236963440190494964e-02,-1.564502246858342771e-01,1.907576342776309830e-02,1.163007519696261094e-01,-1.711191484136603824e-01,4.216725289189687982e-03,-1.407314414653462742e-01,1.039615233303252395e-01,1.816672988266173350e-01,2.571694362336108750e-02,2.149991604753621333e-01,1.139945958867167181e-01,1.539492080008979247e-02,6.639253360204863674e-02,-2.740840939448722230e-02,1.398073074031584984e-01,-1.364958938562528534e-01,-1.484954919674068008e-01,1.059550369947280524e-01,1.513158704724714559e-02,1.897072043317379886e-01,1.868834552675010530e-01,-1.232238193751629268e-01,3.062480211104834718e-02,-1.342697171390223321e-01,3.027737471943812639e-02
3.625625204265160023e-02,2.918722901277165035e-02,-1.018666597828374321e-01,-1.401227023082834144e-01,7.992466504726920828e-02,1.059658153992179275e-01,-2.273817164679810543e-01,4.472356219931631488e-02,-1.243424115614128189e-01,-2.014704826406167604e-01,-1.436361042060539661e-01,-1.944166517685929491e-02,-5.389537852121816658e-02,4.647854930255108930e-02,-2.113911949699763260e-01,-1.694803538713020585e-01,-6.499187086178583039e-02,-3.867483180200714105e-02,1.012712954576167057e-01,2.098807434153141666e-02,-1.363155429509228245e-01,1.275950534837228326e-02,-1.557054994739116571e-01,1.583662200454912655e-02,9.228788628721069920e-02,-2.002945648991620031e-01,1.067568520034866131e-01,1.065350865337394426e-01,-1.742212884861743805e-01,1.183320524011813486e-02,-1.863028687074462786e-01,8.756113507649800065e-03,-1.683755638803570709e-01,1.705033002398143871e-01,2.133314774375082989e-01,-1.936425871376317442e-01,1.175371639532637145e-02,1.329648097427090780e-01,6.796244589930197644e-02,7.437694518308940461e-02,-1.117102591733524497e-01,-6.700423444477916768e-02,-2.052993678078808282e-01,1.641279653402636651e-01,9.699870520912769190e-02,1.204709989286999183e-01,-1.168042252205683806e-01,-4.972970777863257308e-02,6.148835254426027186e-02,9.989096727073619453e-02,-6.081845902590124475e-02,1.638191493392043840e-01,1.054726967354741862e-01,-1.774149370924442068e-02,-1.291341241769257409e-01,1.093846091968834894e-01,-9.089678181379834410e-02,5.936810892211872442e-02,1.104956382543562377e-01,3.904214797108565560e-02,1.215518311600769091e-01,2.841352566757059453e-02,-8.528661051387165237e-02,1.224670650094943775e-01
1.361952730611630524e-01,-1.374937569086659601e-02,3.425519071972273066e-02,-2.256050358615041204e-02,-1.110762261409470875e-01,-7.005424554532795056e-02,3.607785511218666308e-01,-1.529973133161304510e-01,-1.560744330620370468e-03,-2.012814046131374546e-01,-2.922399983436892862e-02,7.371465575008018245e-02,1.044384623877653157e-01,-1.556900875004036712e-02,1.540281108327078152e-01,-9.305397109209440076e-02,-5.493711835847690100e-02,2.681914701067928189e-02,-7.280746630037118229e-03,1.132444010045733640e-01,-1.980750337181601817e-01,1.734768596987265599e-02,-2.167766786239133381e-01,-1.707896480988917720e-01,2.780711500162234145e-02,8.852212638542138190e-02,9.768290928213996249e-02,-4.775163308745077918e-03,6.084516636816793278e-02,-5.120827165149621774e-02,9.778160599935438457e-02,-3.420783605074231154e-02,1.288886884033193236e-01,1.515592446738297239e-01,-1.196060116096339943e-01,-1.099454143204735800e-02,-1.687518123503158329e-01,1.284641210475752637e-01,-1.482926323272114044e-01,-1.105359397284063905e-01,-1.240478783769036891e-01,-2.203042982837010721e-01,1.000872418907352290e-01,4.252100172879278578e-02,-5.754688171639751187e-02,-5.508522169009310437e-02,-1.529333301957788160e-01,-2.704293390942347219e-02,2.109757770553352951e-01,7.025145193954221434e-02,9.387962951652378818e-02,1.966758194373097457e-01,-1.265664286688242268e-01,-1.747644703421680767e-01,-1.036840982710232895e-01,-9.122057062765891178e-02,-1.273902398017739412e-01,6.989341228360529401e-02,2.337838857156938621e-01,1.777466631033421118e-01,5.299135954804184284e-02,6.248395995236562250e-02,2.021661511662809219e-01,-2.331456760430051789e-01
-1.852617590631538691e-01,-5.630854689703138072e-02,-8.384210660217025768e-02,2.285372379616998004e-02,-1.626770265371627611e-01,8.972092763040465102e-02,1.416592212909266457e-01,1.807619889004739300e-01,6.308912582806378011e-02,-1.479347600547956942e-01,-7.126978942444844867e-02,1.064395763876668510e-01,2.846667221931128283e-02,-2.480205785722207866e-03,-1.160741357705715737e-01,-2.044378703846478074e-01,2.700456538263553211e-02,4.997062623704250778e-02,1.999852872149909255e-01,-1.915274485672115723e-01,2.385503251906873762e-02,-1.798662750559533174e-01,2.144352499902834330e-01,1.246206886298526079e-01,-1.101793820318334727e-01,-2.668873708900136935e-02,2.068752896473741165e-01,4.054612720051796459e-02,6.830860847707299899e-02,2.143527353813566017e-01,4.533269056298542578e-03,2.649975880447195953e-02,9.599869495833955602e-02,1.007394130229682661e-01,1.940785803238249951e-01,1.467446497797377791e-01,1.154176832961380759e-02,-1.453493228783721281e-01,1.624684852801581147e-01,-4.015992486800681188e-02,-3.863590119514819995e-03,-7.092988219984604215e-02,-1.439554566809019831e-01,7.740218951799772429e-02,1.063946987908142849e-01,-4.703331143304761985e-02,1.199267007262300733e-01,2.661055913945178930e-02,-6.715973821719845027e-02,-2.812846308427535170e-03,-1.212937295598882498e-01,2.169746664820567383e-01,-1.992027951665820973e-01,-1.909715207523685898e-01,1.781112020649808503e-01,4.346277305017996057e-02,-1.006901841833488798e-01,7.171404741242130843e-02,1.765932442462321839e-01,1.039041898296215044e-01,-1.408530304642181818e-01,2.083154715325093720e-01,-1.284442632595963751e-01,1.558185116974368511e-01
1.332473520846604031e-01,-1.501114870475152574e-01,1.006913940038736271e-01,3.536419245239662973e-02,2.093318656915084675e-01,1.074182524927915355e-01,1.372611815361788890e-01,1.758165153552627633e-02,-2.139930180977240581e-01,2.790653906423484765e-02,-6.074839821964803793e-02,-1.667837772608538049e-02,9.573152773647229663e-02,2.070119263164060808e-01,-1.172706706088025852e-01,-7.524108562999029526e-02,7.360419158386184713e-02,4.181276669443204780e-02,2.481884818344466323e-02,2.192788156646250652e-01,-1.258107956496703483e-01,-1.023159185780736086e-01,-9.680738194546084641e-02,3.735995732954562696e-03,-7.224555986743211311e-02,4.021939199503463125e-02,5.118592055670755092e-02,-7.234549158814512770e-02,-1.165353407324150187e-01,1.049202380653192768e-01,1.502285383137216823e-01,1.334209767326221818e-01,-1.416682399127047187e-01,5.536145409621148761e-02,-4.786678724772695098e-02,-1.703965033082424363e-01,1.502741092379147048e-01,-1.520086241915187542e-01,1.008522308633875292e-01,-2.543869987905064689e-02,1.891463603110273006e-01,-6.016401502549601626e-02,-1.121305528283839392e-01,8.196227948792186857e-02,-1.986916653122379195e-01,-1.014970460429146099e-01,1.088731278417987836e-01,2.011921829546317320e-01,-1.055742888226126192e-01,7.932933221099493226e-02,-2.070937503399518931e-01,-1.115696719765554845e-01,1.146095724351357120e-01,3.477658108233593753e-02,7.822425398587658230e-02,1.183464737187524818e-01,-1.899848228121955862e-02,-1.545572986494430159e-02,-1.981108344935152143e-01,-6.388380669742667328e-02,1.597066940988442485e-01,-2.527161156413578955e-02,-5.849233375582502809e-02,1.370337708146039113e-01
-1.744709084684527844e-01,-1.972816174635202979e-01,-2.213090165758302419e-02,6.528426385549436495e-02,1.290661960293914001e-01,-9.183214635271010062e-02,6.925446638544295597e-03,9.807189513918884716e-02,-1.241063734579769644e-02,-1.213684912058972387e-02,-9.113090036670810912e-02,1.912048407374024039e-01,1.286095325555944857e-01,2.004772788976072750e-01,-2.420345232950237846e-01,1.905332655117634721e-01,-6.148823112089984999e-02,-1.464918638746692640e-02,-1.731903521012022884e-01,-5.359102098893503419e-02,-7.702513676545892640e-02,1.860845578968720881e-01,1.576235938589320151e-01,2.113195429798442049e-01,-2.004652679501698065e-01,1.182488176314397399e-01,2.032412544608713512e-01,1.162548081273451078e-01,8.418661652222325653e-02,1.801092920330215064e-01,-1.653641876971585767e-01,-1.691197869633802309e-01,7.989688681842155651e-03,1.358598614729878383e-02,-3.615112051097939955e-02,-1.663746347702796946e-01,1.718370852931650761e-01,1.081875707643798340e-01,7.266041443976917723e-03,1.130423625426552892e-01,-1.459536779573914617e-02,-6.706241827106537712e-02,-3.790291574533885544e-02,-1.171760499792076221e-01,7.182790027095599383e-02,-1.859147135091628322e-01,3.513698233825551104e-02,1.914543798248121986e-01,-1.190448576897698146e-01,1.977501237671797640e-01,3.591895582332758907e-02,-1.315905692536776909e-02,-3.801357616983001148e-02,-7.200441573546810525e-02,-6.472809374357989254e-02,1.306694983413462241e-01,-1.711631503982058433e-01,-3.147281347051837652e-02,8.773710723099055475e-02,1.785879500795888308e-01,6.560706817914607747e-02,6.098302540064724775e-02,-7.991271087366077358e-03,1.784022237245739551e-01
3.292980941426491143e-02,-1.361705083283368256e-01,-1.770672016380145930e-01,-1.480960992552615707e-01,-2.388498575076714037e-02,-2.502945349492478183e-02,-1.844033175666111302e-01,2.021092119983767532e-01,8.689964593877405608e-02,1.523063542600926190e-01,5.783927778914327300e-02,-1.215229456096666577e-01,-1.590407608244637505e-01,-5.852611045085981401e-02,-6.735032981229728544e-02,3.517813262790193962e-02,1.989075968588515930e-01,2.059316167369169004e-01,-2.118403334936226345e-01,1.751085768153449462e-01,-3.858170036471177816e-02,-1.566074542992814539e-02,2.119797778463665128e-01,1.382675683549749145e-02,-6.513063672874438992e-02,-1.722818760236874067e-02,1.797617064732786318e-01,-1.878235965380765093e-01,-2.339221191917160714e-01,-1.003980122754651039e-01,-1.616087144198354031e-01,-2.154276377213661347e-04,1.570706063391365814e-01,1.022091134574429697e-02,5.102260847458994775e-02,7.825685669189888505e-02,1.713702714384945187e-03,-9.382975481535044127e-02,-1.688128686299628645e-01,1.482756305785691286e-01,4.271836145403996865e-02,-1.935874022386791238e-01,3.290374216967199839e-02,3.378991429580738975e-02,-6.544581022193154962e-02,-1.734784031607070412e-02,1.252312197991080345e-01,-7.226886782059258052e-02,-2.188127795579966062e-01,-1.586923929676070377e-01,1.951619393214742426e-01,-3.546777224323958283e-02,2.241589199467768911e-01,1.670414798829018832e-01,1.835917717127573678e-01,1.852571173687691253e-01,-4.359422168358830299e-03,2.029969855680088253e-01,-1.590084644208467901e-01,-8.052531087764374252e-04,-3.190544474522259699e-02,-1.557967829216587163e-01,-1.849677216506754110e-02,6.340067452609565724e-02
1.019775850588244132e-01,1.545129409208058358e-02,-1.548819658629930762e-01,1.426554790514780735e-01,8.689823967262970406e-03,-2.785527578292203987e-01,1.842374675020955477e-01,4.139335344178887710e-02,1.038761974760570861e-01,-1.303579245482817950e-01,1.998655914789294608e-01,-1.533238185869359727e-01,3.277750144345049910e-02,4.446370826407206739e-02,-1.699677628885849223e-01,1.729643331768019321e-01,-1.565512741768744220e-01,-1.058607191833879288e-02,-1.765466345483582625e-02,-4.929611305365121099e-02,-6.604846579976161869e-02,2.523914691478269540e-03,-2.091620302864626579e-01,9.644374661078243191e-03,-1.577922415692533664e-01,1.861390068921574270e-01,-1.808458761441267826e-01,-1.105759154894517815e-01,-2.055790177209604330e-01,-2.061666195634812709e-02,-3.331326550600281766e-02,-1.420812681889250806e-01,-1.115510147101192867e-01,-1.872446886197436378e-01,-7.174182661522514326e-02,-1.370054187033173110e-01,1.918809279560181325e-01,-2.470673636629735215e-01,-1.572665349742894403e-01,-1.087276612599289427e-01,-1.478322003338457535e-01,1.601183339676734776e-02,-3.298683492670346357e-02,-2.462746607674734783e-03,1.662880034505175020e-01,-1.966195544619642466e-01,1.072478848224472370e-01,-1.713031084262216230e-01,1.676289203391955751e-01,-1.828984995369167810e-01,7.839371834186237287e-02,1.729355622483375876e-01,-2.406131882577161318e-01,1.617735479113164010e-01,2.166346408481062413e-02,1.950208248138874667e-01,1.757551558696031913e-01,-1.670991331883502351e-01,-2.299665066675213310e-01,-1.572491574378809959e-02,9.388864676505788475e-04,1.525882534498515242e-01,-6.658820752082260375e-02,-6.374153041695106159e-03
1.741862548180461434e-01,-9.821275724368216942e-02,1.238790837306729259e-01,5.635617829713664151e-02,1.052182864753381381e-01,-5.764897555800525819e-02,3.932774831784373315e-02,-1.093825795724282235e-01,-6.207501805420313074e-02,-1.548800607836855747e-01,-3.204035645725868131e-02,1.847278368322316511e-02,-1.858938614814029389e-01,1.816593484380377432e-01,6.770042793931591030e-02,-2.896323480740172970e-02,2.755750325263087684e-03,-1.464805297104471160e-01,2.429553282220093050e-02,1.342065162892398522e-01,7.283098984458885941e-03,-4.564833674128470492e-02,-6.177399304948091169e-02,4.875603048198021844e-02,1.736549318307728795e-01,1.733125325203585532e-01,1.283692025691756944e-01,-1.787916851553957298e-01,-1.513164317004734305e-01,1.559612193318299089e-01,8.995871730079142703e-02,1.520057269577283487e-01,-7.430770780602015402e-02,-1.897012944897996656e-01,6.942663626465823967e-02,9.575742767661575561e-02,-1.720711453648656741e-01,-1.730412498448448133e-01,-1.605800001748828032e-01,-1.940403212829772683e-01,-1.702340526344103544e-01,-1.927110601921931121e-01,-1.018028229318975880e-01,-9.440414443878749132e-03,-4.481213954934613886e-02,-1.216285140036705847e-01,-1.563100869871984211e-01,1.257394591601155021e-01,4.313241619109471625e-02,1.339193592757822460e-01,-1.657087554527605366e-01,1.490508285204395211e-01,1.985440715585189142e-01,-6.841650743210182795e-02,2.171462490553925928e-01,-2.091653909826166891e-01,-1.513866748049050581e-01,-4.726504676298926705e-02,2.768043184864768871e-02,1.541550942962235382e-01,1.351193451631535203e-01,-1.742482378853192904e-01,1.899918798681943244e-02,6.933360998390430963e-02
1.257305609931552437e-01,-1.816968325273262408e-01,-1.263745757627208754e-01,-1.233471813225942570e-01,-7.643205640703246021e-04,4.712672368875343853e-02,1.372887442059236851e-01,-1.049121235319731976e-01,-1.576523855797554441e-01,1.658997323374924657e-02,-2.075873142447866582e-01,1.423334898936726434e-01,-6.854556467869153680e-02,1.421002756558553404e-01,1.992720056574555018e-02,1.809600291054925536e-01,-1.459829035829785515e-01,4.393918145327704861e-02,1.517903116700790866e-01,2.040097923092900056e-01,9.027717610323157671e-02,5.492330510543445843e-02,1.460747232424447206e-01,-9.397046730082448535e-03,1.805177153872942752e-01,9.229392513608840332e-02,1.665414529010021127e-01,-1.392958158006313008e-01,8.648054491231285668e-02,1.843809277776171096e-01,-1.969131799310602782e-01,-9.348682620716615432e-02,-1.823960958595426396e-01,1.401183423234536041e-01,8.923904014222378001e-02,2.361152118360934082e-01,9.680768340623434332e-02,-3.793545032395868877e-02,1.631449014967879807e-01,8.785676082627622008e-02,-1.385132661161915246e-01,-6.754955627452109701e-02,9.403524592398092297e-03,-3.974659519164892157e-02,-2.255794338418193323e-01,-1.572789341819509912e-01,1.481768408039186580e-01,-1.362704388663601995e-01,-3.706054766143963147e-02,3.749125338031254751e-02,1.949192623115645062e-01,-5.991109501881849986e-02,6.648461523627972880e-02,7.170289612501541676e-02,-5.888892393293837513e-02,8.989957770570482232e-02,9.285640565047599548e-02,-8.180226187472766641e-02,2.468760945961186171e-02,-2.672949999006886054e-02,-1.784454969766714472e-01,-7.867078519260312097e-02,-2.044688168141996221e-01,3.796932951179808613e-02
-3.366695716055639886e-02,1.443378883735887443e-02,8.868629099734801069e-02,-1.232012468292326968e-01,1.868346833552121389e-01,-4.884831794030182819e-03,2.041460129522332592e-02,-1.195613692772062864e-01,-3.424449911983149658e-02,8.614423944564754063e-03,4.244851538074566333e-02,5.305256249865952789e-02,1.484227804889919761e-02,-7.179675784536945771e-02,1.596385581146750055e-01,-3.655551253794495775e-02,1.015952616095287947e-01,1.493593131459551859e-01,1.312823572533534655e-01,9.951605395456573910e-02,4.581740341146162132e-02,-1.577892371869210886e-01,-1.737803690730488348e-01,8.981083408508166999e-02,-1.602576649013610910e-01,-5.772104697022005515e-02,-1.281559411858572695e-01,-1.575348657124174823e-01,7.871161607185094000e-02,-1.622693816974460010e-02,-2.614428203570345194e-02,1.893564459283723356e-01,-1.541219113734573765e-01,-1.354046865547838263e-01,1.053921560118468992e-01,-2.148556168462898430e-01,3.428889583250766676e-02,1.435927482092196616e-01,-1.848121987306742264e-01,-2.040510734732163545e-02,2.015230554446055256e-01,1.860156413175572954e-01,-2.105632557891662926e-01,-2.031513201673160532e-02,8.358707486375936691e-02,1.303149988904575840e-01,-2.185795267546385701e-01,-1.236635519508414993e-01,-7.496657433810788307e-02,1.384761012126862201e-01,1.525873903028615308e-01,-1.265663223917260494e-01,-1.778683824308266437e-01,1.821574827066722024e-01,-1.802122742042747694e-01,3.519237213796627683e-02,-8.545647409502085678e-02,4.086998229301968578e-03,3.483515571199246718e-03,1.607424764138721792e-03,8.725903675082624655e-02,-4.232459280090060394e-02,2.238115978075565574e-02,-4.144834210098853611e-02
1.733407424106348793e-01,-1.944011758144697788e-01,-1.378418265794436326e-01,4.794524498447470806e-02,1.528382529020826386e-01,-1.831022106390000834e-02,1.152802930130418339e-02,-6.753404319567618552e-02,8.142460525674104221e-02,-9.283096690722711375e-02,-7.197213659435688915e-02,2.139058656041623735e-02,-1.777704841310016326e-01,9.879868897515711734e-02,-9.433775662220506009e-02,1.565060108234056224e-01,1.176018932692197592e-03,-1.117904727178714169e-01,-1.181309778121965720e-01,1.312069716410658449e-01,1.688676122879859132e-02,6.914454694277526181e-02,1.607399065258125481e-01,1.889159394758834210e-01,-5.322377550838072041e-02,1.406447698949432890e-01,3.641687955679551864e-02,1.717558247573746644e-01,6.674331681447674691e-02,-7.811715660217490032e-02,9.940390258363640541e-02,-1.349500718248799747e-01,-2.066507078643664008e-01,5.026469122672239109e-03,-7.517528494130054639e-02,-8.808949472273054637e-02,1.279596238840945144e-01,-1.170810500671195103e-01,1.863733336722649681e-01,9.691707898027512869e-02,8.673351911095648903e-02,1.672945220099812946e-01,8.159550965063466776e-02,-6.297957397353537434e-02,-1.790278576758604911e-01,-1.462769930968147447e-01,-1.015477155919594227e-01,-1.679218464145840195e-01,-1.203665491454096043e-01,6.376136619473338207e-02,1.407647598373573394e-01,-1.467275165930705394e-01,-1.637756922298364837e-01,2.087956179099093590e-01,1.739036547174385439e-01,-4.915654444758506270e-02,5.312298284046757663e-02,-1.537446483226024840e-01,3.180291409915527584e-02,1.877753142873764547e-01,-6.730823987667018671e-02,-2.156582864287711621e-01,-2.215630371586978231e-02,-1.286502772287381191e-01
1.296024112545158258e-01,-1.201560334698576621e-01,4.869245259246997998e-02,-8.012112581050977178e-02,-1.509389723654552817e-01,-1.241075070898057658e-01,1.493268867221381711e-02,-8.284358638385545814e-02,1.777920188470452079e-01,9.192573275172948033e-02,2.141862527021968221e-01,-3.616241778454230144e-02,4.765127095090386511e-02,-1.254717099533371183e-01,-1.113275415627876797e-01,6.033128575075844685e-02,-3.334642337571107340e-02,2.340334698857137602e-02,-6.959660424789984590e-02,1.953060974108090375e-01,1.327145988584944314e-01,3.196378431725806907e-02,-4.080699028097731218e-02,3.847755482704645624e-02,1.714377307043192522e-01,-2.493334505615720648e-02,-1.062606734947245668e-01,1.046108916953251283e-01,-3.053207209458705731e-02,-1.207742843440151037e-01,-1.931966913488249171e-01,-2.125818400440909473e-01,1.944643725302578341e-01,-8.184767246284309350e-02,-1.322731026928301024e-01,2.806929771178944683e-02,9.617261965500409349e-02,1.790440043880080212e-01,2.658836766972307031e-02,-2.474004229549271738e-02,9.128376218356770710e-03,-2.501515704711835819e-01,-1.735756730712043616e-01,8.188139604243745151e-02,-9.767623699122329750e-02,1.163062398686769694e-01,3.261799635284368115e-02,5.301873994160519188e-02,2.728925993554155716e-02,-5.214040581239223759e-02,1.366494525325919474e-01,9.077090215883064361e-02,-7.300973375103463579e-03,-4.926480414654205858e-02,-1.345407186721137016e-01,-1.500891359644828948e-01,1.711763912566125617e-02,5.624324983507404674e-02,-1.493427956894665676e-01,-6.924137773044386664e-03,-1.783716823470468948e-01,3.127850293828505351e-02,-2.018221723547818369e-01,1.460600339916217905e-01
7.473542504259177155e-02,1.959687116305751375e-01,-3.773276369916167550e-02,1.078842373590389730e-01,1.119652074339880649e-01,1.341744958134019339e-01,-1.232715457558580807e-01,7.319180537349757355e-03,4.118301173714903479e-02,9.655125891883853742e-03,-1.928670400891313308e-01,5.869237930786751212e-02,2.036170596195631954e-01,4.511480306886887781e-02,1.171294615484894108e-01,-2.432532476237707526e-03,1.044538772194032739e-01,-3.955843492136218442e-02,2.403209999287527487e-01,-1.640975384450390762e-01,-6.290039472226000364e-03,-1.751638400041436727e-01,-1.336583390679617067e-01,-1.096973378155379625e-01,1.081712222403493767e-01,6.407796043547410447e-02,1.916603031264918489e-01,9.211356789987082405e-02,-2.033216750802364220e-02,-3.618604837820529191e-02,-1.835918395954332649e-01,-2.087666147141644668e-01,-1.954108511357159350e-01,1.490364180255719651e-02,8.915213702763064019e-02,1.143986214931320550e-01,-1.356177529693758932e-01,-1.435773940884106370e-01,-1.551308431447159242e-01,-2.356768203207519896e-01,8.273451603846673774e-02,-1.731994354693134619e-01,-2.995914932451617524e-02,-1.692693626212899427e-01,1.746989605764188158e-01,1.347954664242019887e-02,-3.689943034089068589e-03,-5.257146559768358096e-02,8.070089498696782562e-03,1.711664936216692190e-01,-1.718091030725614754e-01,-2.659565066412895515e-02,6.567734568544153148e-03,-3.257674428816735579e-02,1.180877387267324358e-01,1.980110761805058961e-01,-1.422493769501194938e-01,1.586485402853990700e-01,-1.830786116528142216e-01,-1.172758454842136311e-01,1.660979897491235147e-01,-2.208357164871285472e-01,-1.308307205258697481e-01,7.148526249735599747e-02
-1.649865341473348568e-01,1.255107692396975616e-01,2.418962561749684811e-02,-1.696341335328334626e-03,-1.916366819564992163e-01,1.560299613985182965e-01,1.095398355637303006e-01,7.861629312740010811e-02,-4.254787218647607117e-02,1.521324622595088827e-01,-4.037064209906990331e-02,7.321552970693892722e-03,-3.462836063589359165e-02,-1.241121981661308105e-01,-1.312384110958705608e-01,8.370962444621954379e-02,-8.607099744437629596e-02,5.277977307773463501e-03,-1.850734398562595973e-01,-2.744583028316817386e-02,-1.962249873624974036e-02,1.492665530026350551e-01,1.666952096232819924e-01,-3.767093184008844797e-02,1.927610498034100783e-01,-2.148175787365473252e-02,-1.020094029791378670e-01,-1.459375147650509574e-01,-1.545212663678432186e-01,-1.987161113996477324e-01,-1.894337543650619349e-01,-7.909111224205329915e-02,4.081159746361069651e-02,-1.196393375022882788e-01,-4.053616733355400181e-02,1.466503667695271407e-01,-5.958149291078822241e-02,8.175615845828476669e-02,-1.087538988416738572e-01,1.608651525427341467e-01,1.913101703106549756e-01,3.434782471768795670e-02,-2.752794932737578915e-02,1.976467034290655678e-01,8.348794021487514205e-02,8.558257844535997749e-02,8.471261601577767530e-02,-1.483848795989315024e-02,4.180698277734169743e-02,-3.907105521200400500e-02,8.027449981165735160e-02,7.613473300436343627e-02,-1.109030534339794892e-02,-1.279935993707377317e-01,3.773386781546693436e-02,-2.527777191561405082e-02,6.575454072846179110e-02,1.195671821308867122e-01,-5.779197627377924418e-02,3.710402294351446140e-02,-1.303072376976125157e-01,-2.286820471350998751e-01,-7.844030397802843890e-02,-1.833894874773788763e-01
1.369826900001807624e-01,-1.222168206380450650e-01,1.977794657469022100e-03,-3.962403917267345171e-02,7.772930112646726092e-03,-1.125836536242623698e-01,-2.290455434536171897e-02,7.987999018069755208e-02,-1.956757092797192510e-01,9.775003552607750001e-02,-2.211604723604420342e-01,-4.926481181674794568e-02,-1.012175442963136746e-01,1.071329919081813742e-01,-1.249641795641504155e-01,-2.048723783268579512e-01,6.709072948217018051e-02,-7.464011607494380751e-02,1.442461032071697125e-01,1.396354244349736762e-01,-1.053744778146985389e-01,-1.855068178581602834e-01,2.341438541512740404e-03,-8.025218747477469439e-02,-1.651841341784489048e-01,-2.538308041032953308e-02,5.445729482339316946e-02,9.795121726561364928e-02,-4.498906908606489959e-03,1.359750498208756320e-01,-1.396768865706850965e-02,6.241189183369757337e-02,-1.423588645390638785e-01,7.615545628057135419e-02,-1.848345495748130451e-01,8.403106033415111420e-02,5.010455907591912506e-02,-5.634353173089741429e-02,-4.556652400464841074e-02,-3.921846690070406038e-02,2.022321826017878590e-02,1.691989623867302117e-01,-3.194932847164407702e-02,-2.310296801211977544e-02,-1.801422353285252465e-01,1.820995691694781982e-01,3.791643055902880338e-02,1.738110243154996903e-01,1.152500708522415512e-01,-5.302383586931767173e-02,-2.354075922774157004e-02,-1.004283549768870548e-01,2.380438169585341254e-02,5.285638230470200011e-02,1.875429219464304353e-01,1.728150153511466211e-02,-1.885196542215255844e-01,9.510089737892857276e-03,5.752628766343131222e-02,4.754398944537526622e-02,-1.022991703839325611e-01,2.957802018997582674e-02,-1.191244033058782847e-01,9.782462024143896706e-02
-3.209771307900433079e-02,-4.137268636661069199e-02,-1.809127140141323919e-01,3.102621997019824190e-02,2.162037531749547853e-02,-2.579725874991131360e-02,1.709620174058349151e-01,1.814645055291851383e-01,9.829598084507375211e-02,2.005626051606493321e-01,-1.367880623187026357e-01,-2.171974019087432872e-01,1.441889380184924185e-01,1.023923885611721096e-01,-8.520483758484478920e-02,-7.657850125192655621e-02,1.691656329352897101e-02,-2.162355355762417553e-01,-7.812037058826085123e-02,1.568697600600250652e-01,-1.532008384804146306e-01,1.579488174678884971e-01,1.554799261791538489e-01,-1.785413185396165503e-01,9.454492129104812015e-03,-2.649367734614972020e-02,6.688705333883221416e-02,-6.542315324790576314e-02,1.291984936239429504e-01,1.693613051919986567e-01,-8.741078899350164522e-02,-1.277993950611668594e-01,-1.159996952755825705e-01,9.892625998155524236e-02,-4.253720299836738494e-02,1.125664473356201428e-01,-7.333654215226928508e-02,-1.208944967782414059e-01,9.592512786028957461e-02,-2.069805876512413600e-02,-2.015481496492498546e-03,6.251873299307919574e-02,-1.424616885307673775e-01,1.589540797005614403e-01,-1.225942255868541358e-01,4.043548112291344560e-02,2.020609119590939529e-01,-9.960896705429554687e-02,5.131146093820953408e-02,-1.244386693749701261e-01,2.546805913595549115e-03,-2.804962332030547581e-02,-1.461549002232433447e-01,-1.049806886651543369e-01,1.771622618630879636e-02,-5.769259581671203757e-02,-8.917380993003787282e-02,8.472358240018258713e-02,9.097323238795576236e-03,1.625349460367015719e-01,-9.159678157234579787e-02,1.834895175881221807e-01,-2.207871907067407435e-01,-1.709634362254446593e-01
1.714685276289829308e-01,1.134400812005492004e-01,1.314006843065203545e-01,1.774356558215660351e-01,2.363955027128379904e-01,-1.087878030695360043e-01,1.383919530910099616e-01,1.744346399055046182e-01,4.574017493667117962e-02,1.065504182084821803e-02,3.216570500114995096e-02,-2.029049163561364166e-01,1.755028061977715464e-02,-1.190135208946499351e-01,-3.142986507267286206e-02,1.259561415245540605e-01,1.407845316773485567e-01,-8.741025384356332362e-02,-2.171809950816315227e-01,1.982722347278745578e-01,-1.112561895803503842e-01,-6.688819888202436614e-02,1.928308248449832341e-01,7.551970598060414597e-02,-3.389388750410195217e-02,1.035214865063824319e-01,-1.146648481680599407e-01,-1.598814803871763390e-02,2.069554211461230864e-01,-1.952404731988344466e-01,-4.115564548826953356e-02,-2.425265592504812287e-02,-7.456041309027963693e-02,1.588586868909911409e-01,1.674638857910158429e-01,-1.686469400328433899e-01,-2.323656592163569901e-02,6.385278802666438658e-02,-1.302322186870904230e-01,-1.603329818488480329e-01,9.252576864610007057e-02,1.004365713203350247e-01,7.926530603831043187e-02,-1.001105578222305365e-01,-5.152388912683442124e-02,1.432417547821739356e-01,-2.147572133870617184e-01,-1.880975971876383823e-01,2.226378180634965009e-01,2.368709132883961288e-01,-1.046942298377148278e-01,1.274551834600676781e-01,-1.545552714507331116e-01,2.193030900202016242e-01,-1.689339293962601463e-01,-1.583509855245367748e-01,-1.563996875855201418e-01,-1.903368284604174121e-01,3.530180664709955257e-02,3.899662940358043089e-02,2.230810426940535093e-02,1.833184601618244036e-01,8.654912623984495346e-02,2.721561425760534725e-01
-1.157064278925606093e-01,-1.748046023639175106e-01,-7.172628224572091815e-02,-1.219103086959674037e-01,9.429888077371197108e-02,-1.401544594266378001e-02,-2.465995499321454315e-02,1.753500380236324985e-01,5.715108236272958830e-02,9.512456304739319579e-02,1.323768470489282423e-01,-9.844661884557730225e-02,-1.554955083634609533e-02,-1.008410513433576072e-01,2.770163322506976611e-01,-1.624348882701652785e-01,1.292201691369984362e-01,-5.189256601536816615e-02,3.381746562994947941e-02,-1.225422382079464079e-01,-1.101494608136017322e-01,1.844941096402460401e-01,2.295903819228398146e-01,-4.847421630054826736e-02,2.629014527283522404e-02,-4.440383020992373642e-02,1.374963543224636819e-01,-2.316639730923598581e-02,6.875553444198492792e-02,-8.709460426930121235e-02,1.880861830816965008e-01,-3.519458796977797954e-02,1.302026393401868876e-01,-1.316760549026181615e-01,-2.108990628434600501e-01,-5.555954774119822165e-03,7.619044080885108150e-02,1.818485083139733949e-01,-1.129123940482754385e-01,1.782287320238919170e-01,-1.562475019753909074e-02,-1.508579160180233136e-01,2.037712781680028340e-01,-2.050459307585482116e-01,1.754759538315808221e-01,-1.493598313959877688e-01,-3.420157859469923761e-02,-5.793471188637894231e-02,5.560207360157097545e-02,2.617799979650449471e-02,3.021896021201883609e-02,-1.904802079984847796e-01,2.007367946642300560e-01,1.693723559978871918e-01,-9.842338557873300808e-02,2.078753795352625278e-01,1.697354859613285916e-01,-1.809565821731120017e-01,1.871579806660436385e-01,-1.687158975017009066e-01,2.060686825496009511e-01,-1.105347349044131650e-01,1.345939087218983865e-01,1.198387721188759469e-01
2.947793933462968669e-02,-4.766163194778939849e-02,-2.080503507417891529e-01,2.413524593801582088e-02,-1.525317119909430086e-01,1.310216908571804895e-01,1.245171218019879705e-01,4.481411315780528537e-02,-1.001022191656521787e-01,-1.330123164549560644e-01,-7.954204795936001271e-02,1.158692446729599340e-01,-1.408559723162978727e-01,2.461850566849865113e-02,-1.258999412907420845e-01,-1.543665265654077245e-01,-9.878789019437851648e-02,1.421031647596079917e-01,-3.065030116938344956e-02,5.437886900767455178e-02,1.227689331501558567e-01,-1.056264894916761760e-01,-1.374845459357569855e-01,-1.447714312813083437e-01,-1.854041926382375693e-01,-1.855514934751837930e-01,-3.476844457668301636e-02,6.532692958429529850e-03,-9.772590598370796411e-02,7.779790895967685083e-02,-1.226088793511650316e-01,-1.095474440007395966e-01,-5.548453122432688012e-02,1.964023018329793535e-01,-1.582815085430723523e-01,-1.460806456005213083e-01,-9.146751198427137408e-02,1.178009376119891830e-02,-1.612677134276081781e-01,-9.777853736086968006e-02,6.241476239339016630e-02,-3.098730768743278297e-02,5.021309169733691180e-02,4.141367476140383336e-02,-1.462212829472862297e-01,-1.579951531038746304e-01,-5.232834479705309599e-02,-7.834442663381500915e-02,-5.980745222603991301e-02,1.359639535344724648e-01,2.138879688146215485e-01,1.108548530907564611e-01,-1.616746518182046732e-01,8.158728763333975009e-02,-4.415118253407528462e-03,-1.299721842879292821e-01,-4.676881295766360108e-02,-1.546337466210387923e-01,8.965957115006568945e-02,2.055330253441379484e-01,2.056190285595226874e-01,-5.087428555786733392e-02,-3.244549123833511545e-02,-7.111433277513426465e-02
1.696414375495818583e-01,4.650414697646400308e-02,2.334951827945662070e-02,-1.854800103185844651e-01,-7.299556569439766274e-02,9.212660458249408157e-02,-3.135052176623194520e-02,2.527022261045172233e-02,-2.534673680876979238e-02,1.487600766272973163e-01,-2.228396868404032907e-02,1.415817172091909104e-01,-4.558635212978570661e-02,1.213709069546610869e-01,-1.037168839830014955e-01,-2.306692923943240714e-01,1.363979461514306379e-01,-1.014481694769805431e-01,-8.168222484473626477e-02,-9.035502140172502195e-02,-7.151314539534353587e-03,2.239512616582077231e-01,-1.513362527155405757e-01,-2.193742237755947899e-01,1.646972968635327383e-01,-1.972130111284923493e-01,-5.434853768796619154e-03,8.071960866168191584e-02,2.989960447572056080e-03,-1.551392350705149692e-01,1.968078870576195627e-01,7.114384289034822451e-02,4.777693828883502331e-02,-3.340506878995250315e-03,2.096245645982647010e-01,-2.964941665292089579e-02,-1.833713002250436375e-01,1.233351855269055747e-01,9.993615941068328262e-03,-1.042618183335073390e-01,2.176770872076298491e-01,-5.421968136168728303e-02,2.583130985538345178e-02,3.757713111038251536e-02,-1.919410688187558889e-01,-3.426157403847961830e-02,1.531558530527484278e-03,1.104986917248866329e-01,1.460264373321791542e-01,-4.695570926017393620e-02,5.786280842729878832e-02,-1.339541924109299564e-01,2.205501657956976669e-01,9.959203714688012743e-02,-2.661930729392829667e-02,9.208787704108617467e-02,2.079992131408465658e-02,-1.627981530365637530e-01,-5.175536642661521247e-02,-1.246641218498392364e-02,-7.085279824837492635e-02,1.174387538719165874e-01,1.872451983241057716e-01,-7.408697517973980573e-02
9.485427091967318924e-02,1.548886623342670132e-01,-1.986528824242240199e-01,7.804660369989403475e-05,4.756948301166734339e-02,1.783073219032395573e-01,-4.561213732936517107e-02,-5.086319502911459262e-02,1.511071318852327816e-01,1.302238015663569615e-01,8.997544079206674927e-02,-1.696554361156948354e-01,-6.421843931375045833e-02,1.932213797020804202e-01,4.202654371557569546e-02,1.341181782717739968e-01,-2.178014039736638485e-01,1.607263432925411240e-01,1.838714316825678652e-01,1.442328488814979548e-01,-6.748438675377561868e-02,1.469817361129712729e-01,1.875003119027520981e-01,2.838992385662203466e-02,-5.729942053380718964e-02,1.312476089566403381e-01,8.675023170092731328e-02,-1.980457120077143141e-01,2.710491812533236816e-02,-1.569165537776016361e-01,4.413791885876792304e-02,-1.544426480767437382e-01,-9.242385657006253752e-02,-1.785119489393882097e-01,-4.657572439987812951e-02,-5.238927410485547803e-02,-6.543185216217484168e-02,8.114899753295939586e-03,-6.788056509402157213e-02,-1.919270037743365798e-01,-1.250607496956943343e-01,-1.864882276476145240e-01,3.402027208403994585e-02,8.146993143570370466e-02,1.858618024050375794e-01,3.923910309074178648e-02,-4.928277435198697570e-02,-6.736669475045323208e-02,-1.232995519409485347e-01,1.053184331263693346e-01,1.123241967429003813e-01,-1.338340686987297135e-01,-1.554326019973400475e-01,-1.929378405089594850e-02,-2.119951962624527786e-01,1.895373011888915604e-01,-7.353941682562716020e-02,1.147938705842065921e-01,-1.640173196251412946e-01,-4.181457494388821083e-02,3.592227895500881701e-02,-6.190554689988463088e-02,-2.033516023863319710e-03,1.511477287974800354e-01
1.112218338716190053e-02,1.771454557740967384e-01,-2.143465276887824011e-01,1.850354314561550029e-01,2.030762567840456168e-01,-6.533287475841410841e-02,-6.648043284685045684e-02,1.549854518691240191e-01,7.223015510220831548e-02,-2.510989559803411889e-02,1.887034423886211620e-01,-1.163497363424134262e-01,-7.973840554645544865e-02,2.776210385739239644e-02,1.282450153838800289e-01,-1.114384957873049420e-01,1.174801403017677603e-01,-1.446546688622803445e-01,1.189295047288670831e-01,1.701527089764577616e-01,-1.412808274144712606e-01,1.675169457499612602e-01,1.358230616832170334e-01,2.039971618812597698e-01,7.674154837733627998e-02,1.353030258886918635e-01,-1.636589478214327265e-01,2.089952129485551369e-01,-1.754366975844823540e-01,1.567112608855128209e-01,-1.328168341728141744e-01,1.841756228267132922e-01,-5.692794603384448981e-02,-1.383410078757522366e-01,-1.974292688455582812e-01,-5.892940781966973102e-02,9.777505716162326888e-02,2.215812754891136049e-02,-1.759592032057719357e-01,-1.454482864937370334e-01,2.203215980166034482e-01,8.880692902307590897e-02,3.917449134361770946e-02,1.108636370144672340e-01,1.449590483493387871e-01,2.169345752207418876e-01,-2.074556400611171081e-01,1.328571569910164674e-01,1.864234056385448979e-01,5.118858554083863949e-02,5.646851002411337056e-02,-1.845047977154443963e-01,7.315427133844150387e-03,1.816815690203630040e-01,-3.003934339481439952e-02,2.071570928017619495e-01,-1.820330798096026284e-02,-1.675579598535765768e-01,1.972039975852051333e-02,1.256935458950090845e-01,-1.282524737477422627e-01,-6.988922865682216379e-02,9.750762147705106797e-02,7.758165674973496739e-02
1.798488994113116857e-01,2.576820499125945501e-03,1.043612993050590382e-01,7.120469859875512564e-02,2.131226848578931798e-01,1.519633892096641237e-01,4.518257496156659336e-02,-4.939727560438000181e-02,-1.619625558514594110e-01,5.764785145919647941e-02,-1.773601921180721908e-01,1.564750220710837969e-01,-1.661157088631516898e-01,-8.579221941414590102e-02,-4.701252629585229992e-02,-3.110427953328127187e-02,-1.162268061897805821e-01,7.689256660626919704e-02,-1.091639595245549321e-01,-9.759246043094253753e-02,6.929666558407415744e-02,-2.267518253084813834e-02,-1.819867472820052290e-01,-1.181207399170710326e-01,-6.676277476872775896e-02,-6.618819871283505851e-02,-4.190207310852616523e-02,-1.993670043878059683e-01,-5.180994890584464385e-02,2.926225375858256331e-02,-1.560425645183371735e-01,-4.791010413280685776e-02,-2.013408406558143404e-01,-8.429792793333090728e-02,1.536356985417624554e-01,-6.956958399876952970e-02,-1.143895641059434337e-01,1.645599909539227357e-01,-1.813589682559411664e-01,4.809764556559895099e-02,9.165623789361258822e-02,2.146323821875874560e-01,-1.967872719013854521e-01,1.410218679305569045e-01,1.244693297173562474e-01,-2.040737730611688061e-01,4.548678357650058623e-02,-5.009567369139644732e-02,1.922367778862575094e-01,-1.999454080013787216e-01,2.004032289981500237e-01,2.697940796489723889e-02,-1.984600605607535900e-02,-5.765199952288975471e-02,-1.489811377819527383e-01,1.058083139276184276e-01,-1.465572900540535739e-01,1.288675502755955008e-04,-8.561290645650471154e-02,7.655914708824280990e-02,-4.717364342725385157e-02,-8.146363515825412113e-03,7.450111860418039134e-02,-9.911945412785640175e-02
