-6.020533861579185214e-02,-1.142563527360857811e-01,1.915424265993775355e-01,7.355477204445358408e-02,1.906342929311834467e-01,1.181643725422973357e-01,5.416828647609373687e-02,2.050752576647718317e-01,-1.032755384867144327e-01,1.549051945343452863e-01,1.652340984804671342e-01,1.502749029946951753e-01,-2.170526057185736823e-01,4.603474881066122598e-02,-2.701281551168554021e-02,1.619555992042707726e-01,-1.380372582799217207e-01,9.241417254844698503e-02,-1.727026666031351854e-01,5.417479681209754622e-02,-6.532705946435309052e-02,5.221655082814964655e-02,1.820982904287211102e-01,1.971606005608744772e-01,1.809075317765831969e-01,-1.391767490549697395e-01,8.504136465233087805e-02,-1.068410637080344366e-01,-8.128304142658528131e-02,-1.543403908606723607e-01,-1.537021901512270194e-01,2.347707643170150911e-03,-1.927874417292209652e-01,1.234032464920586797e-01,-2.132507580741879738e-01,6.445862856110599892e-02,-8.205285583605528843e-02,1.177670118964981721e-01,-9.898710339617246279e-02,8.337707998650138730e-02,3.704650252377440778e-02,-9.217326515177591550e-02,6.647166316656422103e-02,-1.629086906809496527e-01,3.242439742894911991e-02,7.159700311902009173e-02,-5.442011978749700107e-02,4.152482430154383342e-03,-1.825753871267150052e-01,1.565492226770946738e-01,-2.420547673749922149e-02,2.167736819366016532e-01,-1.537223056504800900e-01,-2.063094777575795735e-01,9.764086482972696157e-02,1.862336451568114559e-01,3.817359108330382195e-02,-1.051341643193567238e-01,-9.076746825055739820e-02,-7.598888901981241950e-02,-2.044108803047378353e-01,4.662326078029071369e-02,1.294936665083651350e-01,-5.527300083376129186e-02
5.791480849944601571e-03,9.629152180066098687e-02,9.646346605539950214e-02,-1.663900536366013094e-01,3.527673381875595648e-02,-1.264474318359061766e-01,-1.531126137432070045e-01,2.010846923404747619e-02,2.063610136305020493e-01,-1.570342853758350810e-01,1.770370239638646148e-01,1.207345461983730800e-01,1.677290876473636061e-01,1.849983889836395168e-01,6.439039153401042437e-02,1.044944429204675354e-02,7.370515721280512800e-02,-9.828973836963200705e-02,-1.436075530298524527e-01,1.621116756205310400e-02,-3.418796336555273568e-02,1.798963296108438692e-01,2.118113714035184114e-01,-2.036075266654519336e-02,-8.323259803015255198e-02,1.813206398525387120e-01,-1.629672153913107047e-01,-1.244892031465588411e-01,-7.534498495405902996e-02,-1.273761609204047685e-01,-1.283649546605903913e-01,-2.056605770830581270e-01,8.869861514490476329e-02,1.885965636197601270e-01,-5.639458651543208939e-02,3.425376263331569165e-02,-4.609730103288008606e-03,-9.989444150966149405e-02,-8.739070629576094207e-02,-7.133424343514871424e-02,8.423516047238517601e-02,2.160707600622645830e-01,-1.173228878719400660e-02,1.385640870403566371e-02,-3.909770866194083039e-02,2.857297489678484528e-02,8.184726311315031200e-02,1.362550839990974150e-01,1.118947549395272675e-02,-1.012598642393616744e-01,-3.155409414554739833e-02,-1.343929978218903198e-01,1.583586381319474212e-01,-1.420827971742633367e-01,-2.127516594227954472e-01,1.247968077967974848e-01,-9.377711660063753341e-02,7.982433837618431449e-02,1.641921943181283428e-01,-1.651117504094784805e-01,-4.342671020807332277e-02,-1.454881066701578518e-01,-2.095928326607693071e-01,-4.662903246894062326e-02
1.841850695858032738e-02,-1.894425783840980038e-01,2.951684448211134865e-03,1.223771069278747070e-01,1.845781070980118121e-02,-1.246334233261642138e-01,1.622902260199820257e-01,-8.061742764372993586e-02,1.143543478805930831e-02,-1.205546760604181977e-01,-1.464634020732703823e-01,-8.351134374577795505e-02,-1.885383837603891999e-01,-2.228150756178407799e-01,-4.882791251264445576e-02,-2.147844357831809811e-02,-3.609073677121778928e-02,5.768880935165100060e-02,2.013147097612481007e-01,-8.990075445605727467e-02,-3.727102531976955041e-02,1.475716428532153172e-02,-2.168453511677015041e-02,-4.312115693001851435e-02,-1.232474720834793591e-01,3.644901750725094286e-02,1.327611875861200302e-02,-8.053804309880506496e-02,1.396174710649987771e-01,-1.552470346585246852e-01,-1.619808492606060468e-01,1.935777665857668084e-01,-1.104024534434124849e-01,-3.048906607373912114e-02,1.758445598727547549e-02,1.755171773295113591e-01,-1.477916184299923330e-01,1.448331076547864082e-01,1.469040980828845155e-01,1.619380286409240199e-01,-1.173477660261189326e-02,3.198469326992593731e-02,-4.193569327194471286e-02,1.668366015299664884e-01,9.105473592332846700e-02,1.754655873068502181e-01,1.834909758709675487e-01,1.905657208590451901e-01,1.632607973788308409e-01,1.688263458316502652e-01,2.144186337682170151e-01,-5.399164183351223834e-02,6.568446470547978366e-02,2.072580010218287860e-01,-4.575799036612403226e-02,-4.051490844785937684e-02,-1.023595757048656740e-01,-1.546797982370024249e-01,-4.849372606022649829e-03,-2.560022768040332714e-02,1.296741835223706729e-01,1.163162697332811163e-01,-1.360385093238104248e-01,-1.547531961776380527e-01
-1.492032775094418451e-01,-1.748315169222056931e-01,1.051404315473117579e-01,-1.743908655110772976e-01,1.348180458453674402e-01,1.464203389721185911e-01,1.912610220965205443e-01,-1.224493962354348264e-01,-2.248596458275322063e-01,-1.049058628761457418e-01,5.988422855432527087e-02,-1.145493166854510796e-02,-1.053006207222333818e-01,1.632947900991041368e-01,1.632291336940412951e-01,-4.599251382363794133e-02,-1.858419574169352106e-01,-1.711308434444754611e-01,-1.510196081938065538e-01,1.235471290919936821e-01,-3.689847135924153448e-02,-7.745915665032854225e-02,2.121003191387171513e-02,1.468163164289554845e-01,-4.722678200346216992e-02,1.178897726901826093e-01,9.893894668594190034e-02,-1.506462268596453491e-01,1.384983895214373095e-01,2.157060883260859818e-01,1.715905104814990090e-01,-4.311319165461805804e-03,-1.781777171106654345e-01,-1.364227683821324089e-01,1.774472201165619087e-02,1.919400285081154442e-02,-1.306825122545142784e-02,-1.851471723454823359e-01,-1.247395469064067064e-01,-1.942760620153864970e-01,1.651609896886652440e-01,1.543525181853918141e-02,1.966406271131856953e-01,1.879622897820726612e-01,-5.997342955202477482e-02,2.907983713963529365e-02,-1.277215864251329998e-02,1.494746477372421167e-01,3.860800465290992883e-02,-1.759593644218090114e-01,3.509800674649151547e-02,-1.876239359991360711e-01,5.924688689890385274e-02,-1.665626080198452652e-01,-6.567592985221347435e-02,1.823550704006502154e-01,-8.928665301564008006e-02,-1.673373103080130209e-01,-1.189734166850566072e-01,4.150698269106398164e-02,1.295450470369289009e-01,-1.870865475125768063e-01,-9.547486028184953843e-02,8.564024567057167137e-02
1.920120772841354267e-02,-1.421948652678918235e-01,7.652749258843008495e-02,-1.862783495208348572e-01,-1.964162341781290899e-01,1.661234617521876455e-01,-1.417455967417813600e-01,-5.193560994388088381e-02,-1.212796989717786766e-01,3.902212588456074188e-02,4.600479646723777682e-02,6.456839531312964786e-02,-1.187476912540370577e-01,-1.401803863594732608e-02,-7.232686274799207671e-02,-8.650933020624344827e-02,-1.514089981725993128e-01,1.354555636924562323e-01,7.074314647631164965e-02,1.595146585174904152e-01,-1.462749417682898678e-02,-1.629612155872436907e-01,9.357245558015991893e-02,-1.750737666173988460e-01,-1.869323716448705874e-01,1.576215614039865875e-01,-6.690013314599727035e-02,-1.174519135451696644e-01,-1.547858294532676593e-01,-1.176517497645568761e-01,1.037092725010208966e-01,1.278736519432925323e-01,7.073843950742225717e-02,1.071050528988364142e-01,-7.172138909168566945e-02,-1.789508230803598943e-01,-1.333806811055206765e-01,1.932410374594044911e-01,-5.473367561231598510e-02,-7.967180087421049661e-02,-1.833558806259552587e-01,1.393310934300203696e-01,-1.638522748054987987e-01,-1.042040791664410049e-01,-2.104780264592575612e-01,-1.490610303342701504e-01,-1.459772090501330055e-01,-1.285126330740971740e-02,-1.332945950388004230e-01,2.189017614475497267e-02,-7.343952250510728426e-03,-1.191968672224996834e-01,-1.557031259051483429e-01,1.936320382428374787e-01,8.744950185872180093e-02,1.834910496259702928e-01,-2.112539605586908481e-02,-2.066107231985294113e-01,-1.542490657518066216e-02,-1.744766061710334160e-01,-1.800197904916895075e-01,5.907483825639818498e-02,2.405563623849645352e-02,2.085508026328364017e-01
9.326725317300207929e-02,-1.301277369233434511e-01,2.003014280667793634e-01,6.114465755364394822e-02,1.516821385931539923e-01,-9.076927951487553936e-03,6.028972150913859684e-02,1.536341873697052995e-01,-1.727804057210922950e-01,9.260299852965339640e-02,-2.061450153240718397e-01,-8.334136412934156635e-02,-1.186197711246063935e-01,-8.780161543370561955e-03,7.774943506548419314e-02,1.326425504597191773e-01,1.389684768131907722e-01,-7.928970966899072381e-02,-8.761292651447266655e-02,1.402205825330510303e-01,6.667874683435791316e-02,-1.890942093367098120e-01,1.907409150285343802e-01,1.039299683426663824e-02,7.474193425740492669e-02,1.555183507558480782e-01,1.625335315462741737e-01,2.078057876839468996e-03,-8.593302135574659717e-02,8.781044041662572353e-02,-1.578658509977286517e-01,-1.577657464671458065e-01,-1.067596643077812352e-01,1.164351412221139997e-01,5.842355244604481579e-02,-1.625316600473891149e-01,-1.846039974722910731e-02,-9.517123470299920784e-02,-1.953288645770189791e-01,1.028384052196310433e-01,-8.485877483168548230e-02,-1.321853370673360950e-01,5.489175890775811056e-02,-1.410237883878826259e-01,-1.875016089829278920e-01,-1.698771296521236207e-01,-6.917615092611011096e-02,-1.035232000443288974e-01,1.411300543789766049e-01,4.168696965599449217e-02,1.174903854318396917e-01,6.145762248733245559e-02,-8.627995016190075084e-02,2.086435278447954234e-01,-6.020655331891943546e-02,-2.099921596711401273e-01,8.700037842851993108e-02,-1.402400520586716826e-01,-1.785512310642733691e-01,5.075044106732665150e-02,1.426122866758295360e-01,5.622924702146148840e-02,-9.473243410577342205e-02,9.755515662010409705e-02
2.280615019652854070e-01,-8.740634695209173466e-02,-1.018153443767413208e-01,6.746486235842975854e-02,-1.865221472684946702e-01,-4.797893477723198796e-02,-4.837390872970506739e-02,1.502731739374298381e-01,1.185019555283107484e-01,2.131136944001598144e-01,-3.140434462016612142e-03,1.868856621318318312e-01,7.149231613102140226e-02,1.591308648146244620e-01,-2.151438691513212209e-01,-1.636995050758220660e-01,-1.845432632296795661e-01,-1.564141462887673195e-01,1.428545252485866890e-01,-1.215284553301579223e-01,-3.399291532409201566e-02,9.200780831031923901e-02,-1.081801827903440955e-01,-3.252987554582560670e-02,-1.964761163237435312e-02,1.377408256773286488e-01,7.020977340597057970e-02,-1.258050816078905287e-01,2.151720224751799669e-04,4.293541971441133809e-02,3.095619833094509846e-02,1.895106027937967508e-01,-2.290049975203031218e-01,-1.402708622674019717e-02,9.171731502036184480e-02,4.348097332258005383e-03,9.970032269819648074e-02,1.227369765662916085e-01,1.592309175739727856e-01,1.398639266727653464e-02,-1.804820244563717646e-01,-2.262108619155938499e-02,4.466468295216959733e-02,-2.713837209965343569e-02,6.867138364849924292e-02,-2.176532791296624525e-01,-7.158404053919395493e-02,2.033841581798132708e-02,-7.239647497873508142e-02,-1.360934704599144895e-01,-1.079067784658193502e-01,1.427923077163887333e-01,2.144170659442451721e-01,-5.684173309574398064e-02,-1.250522893468550556e-01,-2.069227206223987064e-02,1.478201701017504421e-01,-1.667061374841289911e-01,-7.362346238839348467e-02,1.298913518148509527e-01,-1.456483693340101526e-01,1.133661531989366700e-01,3.213379807315182302e-02,-1.341626235307803450e-01
2.056564158730857517e-01,1.072517794857269641e-01,-1.268745564847633678e-01,-1.855423413518446085e-01,2.197129963925475160e-01,9.995748587223943216e-02,-6.306054820866055510e-02,-6.816727030229552398e-02,1.718222463825490043e-01,-3.682765417292665350e-02,1.671358536883917889e-01,4.466407153066487279e-02,8.175758541074028274e-02,1.969040224176263898e-01,9.296488734211409699e-02,-9.558732843673921342e-02,-6.362996083432570504e-02,1.951104082894658531e-01,-4.284044298748315716e-02,-6.943612027027701306e-02,2.746963371919802083e-02,-7.111988269747426816e-02,1.469271235785486740e-01,2.023739623405204080e-01,-1.279893495458385433e-01,-5.130488955901164883e-02,1.905429080619793214e-01,-6.864608533483738950e-02,-1.685617636733367786e-01,-8.372468498519429481e-02,-1.854254788056833025e-01,-1.614875205063014407e-01,1.508027345032502374e-02,-1.856923136223908033e-01,-1.937839954448039859e-01,-1.257372021457974220e-01,-2.010046794964062133e-01,-1.077215997892663757e-02,-1.763996675159689997e-01,1.239907949192278758e-01,1.947563536987944877e-01,1.891773945318544481e-01,-9.602238832136530955e-02,6.143040223568799196e-02,5.248362083989057542e-02,1.369338051045256022e-01,1.535082466263207671e-02,-2.033976457644213476e-01,-9.299263516373298954e-02,-6.212232579995733556e-02,9.324261328858664266e-02,1.319933840547297121e-01,-9.863839414586159093e-02,-1.492199688416948056e-01,-1.414589285340866753e-01,-1.502977717539092095e-01,-1.678472416377119747e-01,-1.246077507127100470e-01,-7.504391276975709568e-02,-1.403554726629968052e-01,8.637180189067275582e-02,1.931987118096157863e-01,1.266139016106112083e-02,1.977686114910506276e-01
9.195396570429321959e-02,-8.705305044170715684e-03,-8.996247999661706463e-02,-2.181815568485146462e-01,-1.847209681270512716e-01,-1.987837268430940330e-01,-2.289287789637330095e-01,-1.531886857307839522e-01,1.524265851754105262e-02,-1.630806900144025906e-01,2.587391690452629095e-02,-1.407338962996616261e-01,1.640524357638851738e-01,-7.712253498230610405e-02,1.303117354148779772e-01,1.657733903073271009e-01,1.567868475964823149e-01,4.628521142693289153e-02,-5.758806297524591417e-02,-4.379080789148732250e-02,-4.698740831289204001e-02,-1.299565396521235872e-01,6.236216428676250034e-02,-1.384785904568589521e-01,1.912772430999787887e-01,-1.292896239984420714e-01,7.076152572884111813e-02,1.965665239919220098e-01,-1.076654668886822125e-01,-1.205939096052850296e-01,-5.572054004282515904e-02,3.348830144205550835e-02,2.032369175538890071e-01,-8.734467073370903722e-02,1.585716574775626261e-02,-1.101174743089853164e-01,1.240272120968667485e-01,-9.765990887118040920e-02,-2.041455999758387818e-01,-1.575079417240423663e-01,1.849567724958263160e-01,8.009354221756234682e-02,-1.927338361830902291e-01,7.553140541183259171e-02,-1.841790710025363598e-01,-2.077527463859260570e-01,-1.300834788358372629e-01,-1.967356663707199027e-01,-2.095033619081022314e-01,5.274597109373470316e-02,-2.078609229044681983e-01,-1.917900329784986979e-01,-1.455994779027660890e-01,4.097996629028459459e-02,5.405785381385515981e-02,6.385724653362692682e-02,3.064245509724195654e-02,-1.489151237978278697e-01,5.278168373689082898e-02,-5.537264625015825975e-02,-1.672994479980486615e-01,-2.087405828740611646e-01,2.024750147792727939e-01,8.367717550653937242e-02
8.238760156041827210e-02,-1.096747999010563579e-01,-1.301159837795316798e-01,-6.025471617675082908e-02,1.062677099729265329e-01,-1.822135690371509131e-01,1.569425634224922428e-01,1.936908974891403748e-02,-1.995341347981713087e-01,-1.629560904246888930e-01,-1.934526788697375488e-01,-3.425432405974365019e-02,1.006869167777267732e-01,2.433515930828350146e-02,-1.189851889374293065e-01,-4.523322883865236316e-02,2.072458779849676302e-01,1.365620800496820594e-02,-2.277868662514728193e-01,1.911099418276868966e-01,2.090110450572206235e-01,-3.988941514166206848e-02,1.026524797814823975e-01,1.525063107212367985e-01,-5.087796159720139877e-02,-1.652591275028044704e-01,1.507602931424780746e-01,5.404670466936020712e-02,1.185419082945985553e-01,4.863288768707588194e-02,-7.805097807927607878e-02,-1.273568743102556633e-01,1.074585992778921417e-01,-6.437053075797796731e-02,1.561592427802344918e-01,-4.234699028620004385e-02,-1.739405889286421703e-01,-1.021039470856048709e-01,-1.082951559783665446e-01,1.082706745400801446e-01,-1.759354508738140421e-01,9.010936725011137183e-02,-1.753340176133340034e-01,1.013868973103876220e-01,-1.803015900950712125e-01,-1.015316732853698001e-01,-1.356515106759927924e-01,-2.096399949550050712e-01,3.245411007045018864e-02,-1.880657696417591951e-01,1.834175335865106393e-01,-1.429781543798832322e-01,-7.676388312197249958e-03,-9.059376528482922242e-02,-1.718446550590882471e-01,-6.178676157920524187e-02,-7.718431870816915008e-02,2.913568743234503169e-02,-1.350645199582803657e-01,1.940038272603359093e-01,7.534434379985052721e-02,3.556096865879210690e-03,-6.812774126690582244e-02,9.144513751029684223e-02
-1.731844121528121894e-01,-5.148571213879924585e-02,4.549828467946653854e-02,-1.594818202184401235e-01,1.060036498702946056e-01,8.635425140228572549e-02,1.440364293884949798e-01,-5.240506275122859547e-02,8.851293338090474028e-02,1.250352540888203523e-01,-9.824764831982789673e-03,-1.859106896353446003e-01,-1.494536101467633105e-01,-6.730842553721327892e-02,-1.738319435391276480e-01,-4.341897059007657211e-02,-5.133183280290000428e-02,2.422314240047762288e-02,-2.082733077855350723e-01,2.507347802573107413e-03,2.026577506117369087e-01,1.189257240383031627e-01,-5.634546056268237985e-02,-1.796796092156049129e-01,-2.903740774813004522e-02,3.974889426180203827e-02,-1.536546464962877945e-01,-1.649729762616380380e-01,-1.044820086823718408e-01,9.624892738020566010e-03,3.814424745146120094e-02,-1.981773425386667009e-01,-1.278696102082443331e-01,-1.255283320412524939e-01,9.691848755486014155e-02,-7.501613308488427889e-02,1.233708781717095526e-01,4.431635759737659330e-02,1.522731676699682346e-01,1.006647590996611469e-01,-1.296468646550903991e-01,1.994219486294020183e-01,-7.582936528996682413e-02,6.876935012673350556e-02,2.089848686771552944e-01,-1.982596032344046202e-02,-1.679834351607037814e-03,1.231803639468426609e-01,5.400624145178693422e-03,5.335953490190749327e-02,2.118254250851607512e-01,-4.050996698510420796e-02,-1.307638017325683522e-01,-1.578450309001272478e-01,2.331800257241123039e-02,5.377814149717021625e-02,1.633728050424003431e-02,1.703567751266524266e-01,7.283294029391901292e-02,-1.972018661240237114e-01,-1.091557644907189817e-01,1.686407886846285620e-01,-2.060347826095136337e-01,1.601264630612135587e-01
1.965149066106717246e-01,-1.660858051466089502e-01,-1.965941467931847930e-01,-8.386080992728944805e-02,3.150789394997988158e-02,-1.233691875832984425e-01,5.792661114655922594e-02,4.775991632247577473e-02,2.417493356119462464e-02,9.182029831877675441e-04,-1.811857341095939322e-01,-1.452557018682279766e-01,1.323732288160389958e-01,6.898869322488780653e-02,-2.204653300784027159e-01,2.014279704547559946e-01,5.237241762208358353e-02,1.098352783771428531e-01,-1.848222563229525994e-01,-1.705524203746375811e-01,1.486634620284120745e-01,4.260132627471344829e-02,-9.535416438300622910e-02,3.900278579737189756e-03,-1.776364168172834268e-01,4.692660752603895064e-02,-2.276116885240956900e-01,8.923633632789473857e-02,-1.931011345006587721e-01,-8.657062971497618553e-02,-1.531133982371779556e-01,-6.028613652780834969e-03,6.237920695290465750e-02,-1.927798517482463003e-01,7.433552133414120244e-02,-1.714805063457899501e-02,-2.177409179323673283e-01,1.546305535574657615e-02,-1.102298655081654644e-01,-1.613027919866585891e-01,-1.447321484413051085e-01,1.715342230979238491e-01,-6.527376370773931014e-02,2.090304505045977590e-01,1.441594902793783550e-01,1.992012228672453422e-01,1.219896358629034283e-01,1.950883939349307428e-01,8.982281157258456550e-02,1.477236514093454023e-01,1.532132111958926790e-01,2.043618511004929028e-01,-2.324473345831453569e-02,-1.279669141588438419e-01,3.252550521402688272e-02,-1.179452253717906407e-01,-1.894943727823408808e-02,-1.195702919129097291e-01,-2.270821326809604329e-02,1.391656599596148014e-01,1.780747346889365035e-01,1.949385370465181178e-01,-1.070931044870188364e-01,-1.788824043615237502e-01
-5.403029633264941345e-02,1.456085989979073181e-01,-2.709774236872399336e-02,-1.539197824138186788e-01,-1.352030099991681500e-01,6.466402278448908636e-02,-1.456454933836624499e-01,-1.765131936025005344e-01,-1.544839772113794918e-01,-3.091490557932452532e-02,1.057190826915235526e-01,-6.075127448449459122e-02,1.441671680787484089e-01,9.240227267422317092e-02,-8.744230953159842779e-02,7.682360041300216602e-02,1.684813887381486908e-01,-2.999511246600073972e-03,-1.713105664656242727e-02,5.366290877179706598e-02,1.848194496553145216e-01,1.910403712569205825e-02,-5.206844643666587447e-02,1.709663394763162314e-01,-1.714303300735895430e-01,1.351054363507540046e-01,2.331893884181795301e-02,2.027144365339781096e-01,8.181043521545687969e-04,-1.446921753983250805e-02,-1.279290984163327649e-01,-1.757963790166900686e-01,-1.019697852355383599e-01,8.820882822896407294e-02,1.226612115526792973e-01,-2.736416607708731102e-02,-4.932422201264866080e-02,-6.552134064491872689e-02,-1.134872214718633393e-01,-1.018770964163763088e-01,3.462592324390315057e-02,-1.592004281424985179e-01,1.728432754182092634e-01,-1.391329621629690816e-01,1.098453648029404095e-01,1.730946916694234283e-01,5.565431575807170544e-02,-1.831967897725789718e-01,-2.034199779230219662e-01,2.266265660622197517e-02,-1.177610012853801263e-01,1.136385965121716052e-01,-9.447863637981290807e-02,1.171478323523317822e-01,-5.657635839882058093e-02,1.860467054799241626e-01,2.012156682674832164e-01,8.211028834930830800e-02,4.481345404625143580e-02,-5.224383783604724663e-02,-1.591415847785967730e-01,-3.209785364693766574e-02,-1.229731964128059907e-01,2.138303831958781598e-01
5.421334244468075519e-02,-1.339037727788274790e-01,-1.442739092002906232e-01,2.386537813333449581e-02,-9.315203506958331936e-02,-1.571288735384621660e-01,-1.627168703367946889e-01,2.025224035817290713e-01,1.194309212401487713e-01,-1.349976920619265497e-01,1.049883484476304280e-01,-1.329713487599105126e-01,-9.571248452920627647e-02,-1.681869582043963585e-01,1.566126239344049287e-03,-4.971669495897223373e-02,4.859909657201622914e-03,1.650801161336651612e-01,1.804820584324841604e-01,1.520071241955663344e-01,8.706637378512790959e-02,2.267020680241376707e-01,-1.590937972328003713e-01,2.347561159082692944e-02,3.650246628075113492e-02,-1.108167087632664638e-01,-1.560212241003702469e-02,4.322262857394799235e-02,-1.305733005764356247e-01,1.051803427511819738e-01,-1.585772432345952665e-01,-6.898651718639696451e-02,-1.588563093877154442e-01,-2.083138125325984247e-01,1.461155923348292918e-01,-1.489405144382855428e-01,-1.634280553369396871e-01,3.978254562495111418e-02,1.335914824021137426e-01,1.564786169342644306e-01,1.193455989422035658e-02,-4.888802312363207947e-02,1.881081612061288599e-01,1.943780433185390011e-01,1.954805039134211719e-01,-1.682936616614893466e-01,4.099986701989740551e-02,1.079173592673223284e-02,2.189034258116028253e-01,-7.965746954667669855e-02,-1.145125668706823974e-01,-1.621783196211979416e-01,-1.793180318193286216e-01,-7.780129961899528990e-02,1.136160359288806466e-02,-2.791037356497242002e-03,3.842042779464883637e-03,-1.173558253322702499e-01,-1.263056582965257565e-02,-1.962238742236053768e-01,-2.183958672275328194e-01,-1.252766037687733092e-01,1.390722091252479531e-01,-1.109171208676236475e-01
-7.144991465189101665e-02,9.430487847321453176e-02,-1.231562075382640620e-01,-1.277974195699871363e-01,1.161647318630548015e-01,3.781477889365342238e-02,-1.921041455180943491e-01,2.166098430688695731e-01,-1.399436911437887399e-01,-1.288150361996009408e-01,-8.652490282499210317e-02,1.782184477844840909e-01,8.517121085832714267e-02,1.656733954253052366e-01,1.205839744185390611e-01,1.064382720752670292e-01,-2.731857666534289256e-02,3.716363686361481844e-03,-1.344472051250424072e-01,5.611968615833910767e-02,1.943176167922620323e-01,-1.097401504329420657e-01,1.191330536835467913e-02,8.230347298025979252e-02,4.263216110283851029e-02,-3.350323249658257452e-02,2.837520243491267052e-02,-1.114851038127035593e-01,4.886759220230483224e-03,7.569491199320846353e-02,1.776936786675135105e-01,-1.123883911525287368e-02,-8.090143968419133413e-02,-4.764131617950174286e-02,-1.437282012561353012e-03,1.672345917564643791e-01,1.518198836298225995e-01,1.140335150664440883e-01,1.465295916101904405e-01,-2.945021949701163554e-03,-1.380742873779836621e-01,3.759502144113283095e-02,7.925751666517608096e-02,1.272125586200207603e-01,1.756287463830549234e-01,-1.212557110010193950e-01,-1.178214516261116007e-01,-1.297797576520372809e-01,-2.067284147086814738e-01,-4.730766307117147823e-02,-1.799039761175152963e-01,1.556475242103439183e-01,1.235434546614356914e-02,-5.306343278847270445e-02,-7.007908633516056474e-02,-1.486464018457926972e-01,5.910207469004951503e-02,2.177848131009930688e-01,-1.303947347933782225e-02,-6.686987635928731688e-02,-4.833712690535894863e-02,-7.579172941293622900e-02,1.932958850199939793e-01,-2.139504339506581587e-02
1.463842533983631677e-01,3.165291326332885652e-02,-1.824007985999281101e-01,-7.112277586095257231e-02,2.009177496991728096e-01,-2.001018895183762358e-01,-1.991500773093502277e-02,1.508101953878558388e-01,2.935955223775118042e-02,-1.157146796905060004e-01,-1.795021422403537126e-01,3.143097153944648947e-02,1.567566970750169930e-01,-5.053536555394755325e-02,2.067777786155580166e-01,1.162679467544199680e-01,8.069407742169553907e-03,9.987176502658702548e-02,5.451032020860513416e-02,-7.099247912177876138e-03,1.665104830194122920e-01,1.101721040763342929e-01,1.878493551915027815e-01,-4.580236014617330292e-02,5.581919292672597732e-02,5.558887439817485759e-02,-1.409396366132902867e-01,7.373002543386178442e-02,-7.441180460018691212e-02,-1.243773852899254379e-01,-2.044096250240064472e-01,1.289320137786645337e-01,-1.584056609268049975e-01,1.374610480276263202e-01,-5.518260896508904445e-02,1.656728353360064909e-01,2.067834332749802495e-01,1.584876113264846731e-01,1.236548770033421146e-01,-4.478489495129808068e-02,7.425693965039791011e-02,-1.559587720109949227e-01,-1.953303885090667269e-01,3.330019337632903614e-02,2.752548582094011941e-03,5.547492608765942912e-02,-4.262352979761693805e-02,8.012862039277109105e-02,2.308201387819871012e-02,-3.627665490321429348e-02,-1.002755195134509385e-03,-1.506344772768368201e-01,-1.352290841383985975e-01,-1.389782181812551087e-01,-2.114523597158787793e-01,4.830272256227832045e-02,8.688464852534649729e-02,-1.575475472100368590e-01,-2.598080952143379946e-02,-6.936857847254759846e-02,-9.412400761742560629e-02,-2.011344658586458056e-01,1.543033331802350361e-01,1.344172481405891129e-01
1.882981992797690685e-01,-1.718699881298013932e-01,1.517228486679142174e-01,-2.176558161514380585e-01,2.283867190908822620e-01,1.069828626708982378e-01,5.974499446713869844e-02,-6.856052703630194367e-02,-7.581390446241531057e-03,2.046188422133037588e-01,-1.138925397235970340e-02,1.721356578625933831e-01,-6.460451640357721403e-02,-6.980902204476101269e-02,1.376360478040934976e-01,-1.988572701365912479e-02,2.085107095825702861e-01,9.879747120129686588e-02,1.113090353382866632e-01,-1.857995790528028934e-01,-4.201103639627909968e-03,-2.744604287375836810e-02,-1.613715747839860049e-01,-6.391063006434459515e-02,-6.796101538866827600e-03,1.573013198255258926e-01,1.415546317648771757e-01,-1.494938902616244070e-01,5.787225992081682785e-02,9.754880864802384366e-02,8.201157697547095324e-03,-1.293665728485930005e-02,1.807635185122637711e-01,8.339367434319680528e-02,-9.278460910462645039e-02,-1.441563560870414429e-01,1.608441154487627589e-01,2.845340753102871753e-02,9.392434416642023165e-02,-4.575683633364937414e-02,5.668447677346512281e-02,8.753737492358613925e-02,-6.818127062312805131e-02,-9.123295684171366104e-02,-1.844300980947007340e-01,-8.897246662039090537e-02,-1.093461513979506888e-01,-2.001904374570560030e-01,-1.810661675028169271e-01,1.830574278643573027e-01,1.635722859720858680e-01,2.221730299681502069e-02,-1.640815015211910532e-01,-1.794761480301476642e-01,-3.364655908663710671e-02,-1.047735112112011951e-01,-1.758487376850969286e-01,1.096260440749777798e-01,-1.587745741255499818e-02,-1.477040602597165242e-01,-4.497549425119724831e-02,-2.903030215606767703e-02,-5.131257895747271675e-02,1.304992932552064867e-02
-2.081350682561250720e-01,1.253787234133540707e-01,-7.857725538121987374e-02,-1.848896437897402933e-01,2.169168649840710894e-01,-1.239060405391204100e-02,1.626891520414266157e-01,3.070767662204607062e-02,1.920649560328290539e-01,-4.912804856782638369e-02,5.365900851148188572e-02,-1.577287079290913552e-01,1.351464055981456761e-02,8.275980279477397616e-02,7.991523834050873187e-02,-2.255900010897605307e-02,-1.777727072195392777e-01,7.289701575832858993e-02,9.568100681918035449e-03,-1.301673938483282889e-01,-3.236818256174599229e-02,1.121575605628472444e-01,9.929070546796092689e-02,-1.156298615562296878e-01,-2.765357733937468671e-02,-1.789244628424657979e-01,3.335218606652087109e-02,1.649072447870614244e-01,-1.239874050850485743e-01,-2.079501486221031759e-01,4.255529337956313884e-02,-5.566928491590240197e-02,1.386342265219456527e-01,1.245096867681857317e-01,-1.515412936601990834e-01,1.891018648636650090e-01,-2.211704497303494110e-01,5.371048654191402927e-02,1.439776221637473486e-01,-1.744856179313506728e-01,5.591915346121564823e-02,-9.911210914824769916e-03,-7.211190013412382971e-02,-6.549836595907011783e-02,1.341564760203107776e-01,-1.613138558571361458e-01,-1.844904577964065207e-01,1.757194273693455377e-01,1.670659882178244238e-01,-2.575476622877280811e-02,2.018755081951659203e-01,-1.947790683138481416e-01,1.903467526016773895e-02,4.200204833612573158e-02,-1.987656357978788702e-01,1.954545189070795719e-01,-4.129410099726049665e-02,-6.387490312524277125e-02,-1.830752845648349059e-01,2.113827584586959116e-02,-1.818494803867740928e-01,2.092972269444829947e-01,2.014108172604474056e-01,-1.026086494561736645e-01
-1.651204546229902495e-02,1.072187349765851977e-01,-1.706730758841409068e-01,-1.514295417612681049e-01,1.539586609142739038e-01,-1.189562827620804092e-01,-9.992125747113717038e-02,-8.924339958644448428e-03,-4.250273984982556180e-02,-7.076038422958401408e-02,1.121918693794240612e-01,1.838814787645292603e-01,1.288334179079527742e-01,-1.403419005990423352e-01,-7.281629539667029694e-02,-6.627427586150648475e-02,-1.069438175683592451e-01,2.644809978368287476e-02,-1.879998880384474713e-01,-1.796413260240878051e-01,-1.891627418864542552e-03,-1.600391515967958533e-01,3.241284255460619157e-02,-1.265191508790577679e-01,3.770020728565717794e-02,-1.471475763725416386e-01,9.249528830996157913e-02,-2.069902182750073538e-01,4.248587399629189659e-02,-1.448365262937876818e-01,1.565742559494355812e-01,1.783537379107963672e-01,7.953962274597216331e-02,2.860475039157318183e-02,1.567000032180614899e-01,-1.107221890749127483e-02,1.405322350556656441e-01,-2.327887702277119455e-02,1.753155900763492259e-01,-6.273520437287173623e-02,2.038639215071832433e-01,1.063955981653924854e-01,-6.998438619883282086e-02,-1.670624291362334257e-01,-6.937561243910192466e-02,1.887128183430558104e-01,4.696111163159514407e-02,-1.379402629638769584e-01,-1.913323777295569406e-01,1.329362835627755646e-01,-1.447623252427720497e-01,-1.960830274422445951e-01,9.273854189292828065e-02,-2.504500252757524761e-03,9.826169551707947258e-02,-1.795373024775522297e-01,-1.014512773888553987e-01,-2.150124900570657971e-01,-2.118025549622072901e-01,-1.796186399900127628e-01,-1.974871294510489039e-01,1.624770121435059056e-01,9.378641826643983881e-02,-9.399570390798232811e-02
-4.241045324086296919e-02,-9.351255574234711154e-02,-1.082313028796017262e-01,-1.133641970529338378e-01,-2.242588386062275077e-02,9.098028047022038711e-02,2.157053542460688478e-01,-1.896424989542098505e-03,-1.217960662162009648e-02,-2.319283338108595743e-02,-2.146500371480138461e-02,-1.060588596692638684e-02,6.091350025744458364e-03,1.935754295631512412e-01,-5.710594665620702393e-02,1.304036452162629089e-01,7.839464671579808586e-02,-3.039359759390271656e-02,2.660924032244867468e-02,-1.330732907207251015e-01,4.116633163820608565e-02,-1.565226230326274559e-01,2.228525797529578856e-01,1.514127905185938539e-01,1.954714940468283702e-01,1.571741228156864345e-01,-1.155357442075256313e-01,-1.381562078572390606e-01,1.503834675005065180e-01,1.497431796506091262e-01,-1.410974680091295896e-01,-2.275634389898778254e-01,-1.994773414644837872e-01,-9.076030450453607956e-02,4.465927846311606997e-02,-1.244803863553595701e-02,-8.359869605667465120e-02,1.743540848775711471e-01,-1.497399127499820237e-01,1.086542407915055963e-01,-7.699675406931426325e-02,1.682507310526351330e-01,-1.544985320793717531e-01,-1.732418862312209706e-01,-1.015359855813815632e-01,-5.330177079696512416e-02,-1.990623165231016622e-01,-6.677428408961190442e-03,-1.157051444221003367e-01,1.862156781821292240e-01,8.246084053654128762e-03,-5.316892001120275546e-02,1.662279911870034321e-01,5.134434895793134335e-02,-1.492715439259243715e-01,1.991208164071989564e-04,-9.675959156889506196e-03,3.775642053232354522e-02,1.465103942696985295e-01,1.067492215278202927e-01,1.112551031310134858e-01,2.079823571258328785e-01,-1.280417326654010798e-02,-1.498701703758050507e-01
1.263571798271613811e-01,6.326334014269800049e-03,1.686616431727249732e-01,3.108029048572355513e-02,-6.208274764168206748e-03,5.434658685529840383e-02,7.692068002116898839e-02,-4.078917015076734959e-02,-2.072148722738706150e-01,-1.831116785171994499e-01,5.880044694026549668e-02,1.443833198478206847e-01,-1.192581243244777434e-01,-1.993116719769907896e-01,1.344882668654348024e-01,1.553811764087133507e-01,7.725636148709169593e-02,5.671848180870483341e-02,-5.029463880755709326e-02,-5.148703296264006517e-03,-1.463519849249697857e-01,1.896602402269049192e-01,6.074647381333459634e-02,1.099435965048560365e-01,-1.049331821861199110e-01,-2.953949529770088026e-02,5.099180394900965779e-02,1.044965600109833137e-01,-2.069283388945799065e-02,-7.073658179531809587e-02,2.107131264402392901e-01,1.524596111122154263e-01,4.741452142185321322e-02,1.675900733179766233e-01,-2.570073251884374878e-03,6.988389500067083981e-02,8.039654961174458325e-02,1.715365774351894010e-02,-1.802832048638664808e-01,-2.052401326215924915e-01,1.418872645445022895e-01,2.011015930782471817e-01,7.291901758442574655e-02,-1.543324621002685748e-01,1.307712429584104441e-01,-5.750317049522254975e-02,-1.672194988626798939e-01,-6.503387287000662875e-02,-4.082649264555979901e-02,-1.882481357498281827e-01,9.520957034154334253e-02,1.553679930658166397e-01,-1.962114432522210072e-01,1.187748238430404862e-01,1.058780972612102800e-01,-1.740016269712375552e-01,-8.687966201821722967e-02,-7.364700993189740585e-02,-3.571443578885354769e-02,-9.396753280182450208e-02,-2.480698170197321792e-02,3.761250325343329370e-02,-1.745029316851959555e-01,1.988497623988158269e-01
6.160194682635000696e-02,-1.914968668747270009e-01,1.015378631792018538e-01,-1.670690048830581198e-01,-1.608897524922284494e-01,-1.157846582530693696e-01,1.971800664470001740e-01,1.639968977422532059e-01,-2.187435911680388895e-02,3.735478458316966732e-02,-6.354645848620917026e-02,-9.700450049917266893e-02,3.210115025817966705e-02,1.907829245455331113e-01,-1.536450422240588087e-01,-1.030436490224583834e-01,-1.375789486123614180e-01,-4.268659345544205397e-02,3.925651751175170123e-02,1.894549745009879993e-01,-4.534933743444050092e-02,-9.690177729633425718e-02,-1.058880073588076981e-01,-1.895540136331871628e-01,-2.305052507779038057e-02,1.788608500127442658e-01,1.077651092063571930e-01,1.526102835442995007e-02,8.214667777041059771e-02,2.816879953601898051e-02,1.396272639240530300e-01,-2.452412527480783699e-02,-2.053187976357072342e-01,1.623947027614890404e-01,1.439167223327358636e-01,6.775917733255697704e-03,2.099271887142223902e-01,-1.278882010040488515e-01,1.388751879125326438e-01,1.081786662189763992e-01,-2.095902922227639298e-01,3.282696541835875004e-02,-6.047155452216841642e-02,-8.366711831223877516e-02,-1.109014832053935307e-01,1.815937652902654686e-01,2.127137575320395269e-01,8.948216508367651256e-02,1.899900754321932062e-01,2.018737739734242920e-01,-1.688788725007616676e-01,-4.039074548073260523e-02,-1.222206719253495777e-01,1.924929153513070812e-01,-5.726791384367861670e-02,-5.336517331297083166e-02,-2.155936495368576677e-01,1.904244885914915808e-01,1.131260957138098266e-01,-9.327284919068139224e-02,3.519794802483833945e-02,-1.257601919974290772e-01,2.902185718254789160e-02,-1.780998101807692580e-01
-1.062663579855224610e-01,-1.321035346750078221e-01,-1.456619482205890881e-01,1.122266025741222584e-01,8.802086430433087028e-02,-1.415519373643930046e-01,-3.624508972237077548e-02,2.047183630705768920e-01,2.563925623550726909e-02,1.356238248663285129e-01,-1.590979872526084582e-01,-1.982836216353442149e-01,2.081257366438241940e-01,-1.483002021457178847e-02,2.030751362926816461e-01,1.950936757376406025e-02,-7.847536464457117306e-03,-1.491159612293142256e-01,-1.141686761671312396e-02,-9.399089451615932900e-02,1.200062570500610576e-01,7.622600552387691353e-02,-1.077445364805114381e-01,8.696913850484709607e-02,4.445307751738273444e-02,1.684858267312981661e-01,9.957500429801018071e-02,-4.433625531169623629e-02,2.075065508068070774e-01,1.302785893422076513e-01,-2.029289604911578559e-01,5.256333947950226314e-03,1.099751613454517524e-01,1.003826738480426972e-01,-4.885231636909963954e-02,-1.036508387197218085e-03,8.393248036545018775e-02,9.831112566144915854e-02,1.451074520814922726e-02,1.407834757442551210e-01,-2.855643063358158720e-02,1.372383147697658068e-01,1.484658116656337457e-01,-8.203785226404172737e-02,1.706150041746748447e-01,1.308858225358827121e-01,-8.648495172578958556e-02,-1.027554236112566827e-01,1.616029851301335751e-01,-1.220968113631831081e-01,-1.739841142796988704e-01,3.979012082860870075e-02,-1.617178608533447193e-01,-1.979791828192013492e-01,1.940606654187863531e-02,4.435667268146866599e-02,-2.019418542180620724e-01,1.406258858416962743e-01,-9.916827599485661393e-02,1.648897360757062003e-01,3.161117709080325106e-02,-9.965104581213757307e-02,1.273045374876390357e-01,-1.259941084767468300e-01
-1.483049191674101460e-03,1.940379711949550834e-01,-6.426735867901510468e-02,1.725790339860547307e-01,1.078572030095548973e-01,-1.768497824258881967e-01,-1.817281327825119586e-01,-1.727610906197666052e-01,-1.839061106649471089e-01,1.074224919671326467e-01,-3.540112952782808325e-02,-6.367305060812142314e-02,4.452962311553353841e-03,-1.480270368410886717e-01,1.243019691300179530e-01,2.084833798090855450e-01,1.939607726320053960e-01,1.963016167219374664e-01,2.382486319662772273e-02,4.278989208092998792e-02,2.098789242433548585e-01,-1.975761701871848672e-02,-1.253865307805799578e-01,9.518088320245446377e-02,9.614995190482536480e-02,1.184817942420482301e-01,-7.286332508102249042e-03,-1.006982598028365872e-01,-1.278892488874478484e-01,7.523183215406173407e-02,-1.151223954439476588e-01,2.056149938455041348e-01,-1.906351800231541327e-01,-2.083792123231844873e-01,-1.419892259826105452e-01,-1.064483739180584476e-01,-1.050791883833614021e-01,4.544382619339174673e-02,-1.661239887000906801e-01,-1.666135916293070077e-02,-1.090322001939082880e-01,1.382187450392481087e-01,8.683700772744639904e-03,1.888288872788924933e-01,3.485941448771395085e-02,1.286457331637980150e-02,-1.093337799436313283e-02,1.668813271937385767e-01,1.335386078617108174e-01,-1.834581561799922961e-02,-1.017102941339443206e-01,1.683014168092162310e-01,1.202926627564320228e-01,-8.646010575164228551e-02,-9.951348015938904501e-02,-6.744366335007796580e-03,-1.364087388533468947e-01,1.455203030193660818e-01,-2.159194669890166229e-01,1.153419023376809627e-01,-1.659092005375571721e-01,-1.003206906978656165e-01,8.019967406115965924e-02,-1.098036218409226134e-01
-1.312880642892165495e-02,1.090727722793576326e-01,-6.142090990454870253e-02,-7.251655945960261418e-02,-8.150171680147162701e-02,-2.399836258036101289e-01,-1.027340898458446597e-03,1.045774750989243856e-01,-6.134036726729426292e-02,-2.344306987629185823e-01,1.589155370642983400e-01,8.609862006032327486e-02,1.059567311431943021e-01,-1.578793089775968883e-01,1.381525534914131992e-01,1.025178960401862821e-01,-2.281086428908909447e-01,-1.301593877347067552e-01,1.185657010827795288e-01,1.497954174516079595e-01,-3.767580943398796123e-02,-2.731315715852433018e-02,6.611413611529538825e-02,-1.931994848248881971e-03,1.511732660051752219e-01,2.131698029299879116e-01,-2.483651624786104295e-01,8.087298246634981591e-02,-8.249565606871571422e-02,-2.497440123417560970e-02,-1.439877340025781105e-01,-6.463069548497375749e-02,-1.517824532165091000e-01,-1.289674735628393298e-01,-1.857907604765782206e-01,-5.611463206010657012e-02,-1.601212161623518648e-01,1.031835663728862679e-01,-1.232625407822860314e-01,8.622174449744927915e-02,-5.246189204961178992e-02,8.213569742280238395e-02,5.360756766521843075e-02,3.816625586318080077e-02,-2.029720178873061776e-01,1.299231267557767189e-01,-9.560132744098955027e-02,2.031260843599224930e-01,1.926940982018656434e-01,9.837866652401348888e-02,2.226339608820821978e-02,-7.922969691974583728e-02,1.396049548125191664e-01,-1.783437005559634636e-01,1.130610671084577162e-01,-1.552819352581780443e-01,-1.294863273622777755e-01,7.354741770867777306e-02,-1.463294272308398591e-01,-2.282598883421275149e-01,1.177393092422842485e-01,7.908602194872396685e-02,-1.062112109682612250e-02,-9.159207476582560681e-02
1.104662158652428283e-01,2.425643064929986284e-02,1.817421580072410212e-02,-5.447344132444841003e-02,1.628806904110154941e-01,1.667485528736928901e-01,-1.242404285490809751e-01,1.483228642609485948e-01,-1.500475055272530445e-01,9.150199817344868702e-02,1.524138964131470098e-01,4.128861420159621667e-03,5.211668076925203563e-02,1.761775800931158487e-01,-1.066982760228359917e-01,5.836136482880927012e-02,1.497148012656290272e-01,8.769197880300878822e-02,-1.265817854362383810e-01,1.583583529289875336e-01,1.130187656629490223e-01,2.194477305461050298e-01,-1.311166902270776702e-01,5.027671312991461444e-02,-1.820682391802524447e-01,-1.302033455140416685e-01,1.269645852466239622e-01,-1.139069146722668791e-01,7.605847796247433221e-03,-1.982358834476611043e-01,1.004172322082399760e-01,-1.948118782756323997e-01,-9.976705317425648908e-03,4.996668529590060637e-02,-1.677596060266907385e-01,-5.757670503674713197e-02,1.677959990078012609e-01,-1.187547593447550592e-01,-2.271484946438981911e-01,7.270311736516969769e-02,-1.272913310701554723e-01,-3.351795099992530697e-02,1.634738061371841245e-01,-5.650680595841026110e-02,1.409225310924291409e-02,-2.814800520818341867e-02,3.984026448427266387e-02,-1.233319158429694307e-01,5.493104031692597200e-02,-2.173370438402640742e-02,-3.259070190593756078e-02,-1.048211369410416149e-01,-1.680243002358298987e-01,-2.208573737637494969e-02,-7.482256470619083610e-02,-1.053130582498141149e-01,3.520129933246367304e-02,1.344636181238249295e-01,-7.217271586325375854e-02,-1.847278169448761109e-01,-1.982809278531574015e-01,-1.207134361272921459e-02,1.572941649797437447e-01,-3.708280864287746836e-02
-8.509407466303610390e-02,2.705428398945718821e-02,-6.865526401508238730e-02,-8.958809969172647214e-02,1.889080795042700489e-01,-3.283255755645159146e-02,-2.216075015000407156e-01,-1.550577560669700455e-02,2.520764511072902739e-02,1.828450870454785548e-01,1.104529425629652145e-01,2.905618051478632557e-02,-7.716899519094769233e-02,4.627598136131194639e-02,7.531841489668511525e-02,8.913598514274020945e-03,1.186884189738112300e-01,-1.496332662855161810e-01,-1.692226028202080679e-01,-5.832249151709149176e-02,2.912462822070405882e-02,1.111085723691960236e-01,3.024863702037487376e-02,2.982699961018528065e-02,-2.873917871892761253e-03,1.901501241297217093e-01,4.695699021335836276e-02,8.601351901722605053e-02,-2.447982537656134480e-02,-7.112900411475044093e-02,1.255268434302120317e-01,8.583325276899329836e-02,1.780684828005858755e-01,-1.281571234389582425e-01,1.169377789406604723e-01,8.652711256902306802e-02,-2.064656353541743650e-01,2.126451427421429952e-01,-1.588139150333684468e-01,-4.414799934536091375e-02,-9.977004283291082687e-02,1.609150204267247863e-01,1.493081327993553420e-01,5.994628457153254597e-02,8.434599436702740205e-02,-1.196912274510827240e-01,1.064349187920396456e-01,2.235992430785953278e-01,2.054011821452115805e-01,-1.881527230111557092e-01,5.280231897774846639e-02,4.099416449230657705e-02,2.346598828296621655e-02,-1.275389993335846739e-01,2.060357257940020614e-01,9.999340020611349744e-02,-2.026816068623241707e-01,-2.079345698132877840e-01,-2.114880685231092516e-01,-1.527345450228488888e-01,7.864548569511832510e-02,-6.331409356303513425e-02,-7.005743877002756914e-02,-5.673864690424958862e-02
1.421623127785408558e-01,-1.558519999706550752e-01,-1.176803766540488773e-02,2.130866674698611851e-01,-2.642081378859057958e-02,-1.496855260188760806e-01,-8.719834570343021340e-02,7.295570993942793181e-02,-1.215582943893315226e-01,1.169425851868332866e-01,-1.758197576248401615e-03,-2.567477076164624561e-02,-1.028413224520811770e-01,1.073441841876947994e-01,-6.174276932329123696e-02,1.575522111127146963e-01,1.312440731674786587e-01,-5.571787380616771701e-02,2.147940687361944434e-01,9.656436133789199350e-02,1.026293155304520976e-01,-2.147019206366914956e-01,-7.316551249970147663e-02,-1.696035965540811374e-01,-2.182088578514453092e-01,-3.515571181526151029e-02,-1.433228652962728333e-01,1.049968485991047140e-01,-6.749989243326096067e-02,2.340672465402845667e-02,-9.435314868636406060e-02,-2.095887544146526338e-01,1.093627741762170369e-01,-6.110562903406734081e-02,-1.403902558851390092e-01,4.308178404442675191e-02,1.809098336041906341e-01,-1.855472145004274653e-01,6.105787548644381335e-02,-2.251286325216479978e-01,-2.249367210750062296e-01,-2.151040243301313715e-01,-1.745215267947645144e-01,1.576139036165937757e-01,-6.009141334440354365e-02,-1.276863679523014550e-01,1.920092839184464606e-01,1.947889348341703131e-01,4.934003057715728724e-02,4.303320905761827408e-02,1.983563338455098524e-01,1.826407571160826859e-01,6.797962408464247076e-03,-5.179697607011864158e-02,5.070131847068144043e-02,1.389403815441898893e-01,9.959906912201964280e-02,3.464624514233047986e-02,1.118954646187813318e-01,3.034933489605727563e-03,-9.226858286422640054e-02,9.069883463355624120e-02,-1.465137206920510693e-01,1.842447044024297376e-01
-1.322943590408950654e-01,-3.597850394502863369e-02,4.924788760275726485e-02,5.944541553582999294e-02,-1.296879190266829185e-01,-9.255117557385432459e-02,8.244988190484273116e-02,6.953770747571167039e-03,8.263235721111429621e-02,1.458491087662426300e-01,-1.865206956146056028e-01,1.191361470081372664e-01,-1.180421172093617521e-01,1.285840564060844737e-01,8.474505389543159073e-02,-2.045294409893468057e-01,6.821729143625009095e-02,-1.942805557285286200e-01,7.848475722974050661e-02,1.858695801490753696e-01,2.892162624833270745e-02,7.190789662659109738e-02,1.380543418091383923e-01,9.747601946540727924e-02,-1.246565407008536769e-01,5.367754423209004054e-03,1.554262037159328813e-01,-6.498327962061258012e-02,-4.247525580838623638e-02,-1.315217926191177694e-02,-2.133110123550595871e-01,1.324110827223010101e-01,6.289614596160078563e-02,1.959093077607523270e-01,-1.511026343122296167e-01,1.041356490763788341e-02,-1.579656959826460372e-01,-1.733598541073055055e-01,-1.652348968608148283e-01,-1.071078970878855258e-01,-1.198524230217945657e-01,-2.043198814643181760e-01,1.203435122792953088e-01,1.783674463525906639e-01,4.879786668204715017e-02,2.849105818477936161e-02,-1.192827597540715122e-02,1.676880133346675683e-01,-1.109066834964294035e-01,-1.456473774261788923e-01,1.739671042275731452e-02,-4.765072174464762139e-02,5.451222658622527362e-02,1.512286108209712765e-01,7.919858865365539402e-02,1.148481353766183516e-01,-1.533730186706165899e-01,8.532294590111184907e-03,-1.096699781069991747e-01,4.940155250648738811e-02,-1.022555095282606623e-02,1.998946996217217387e-01,-9.607022642782550581e-02,9.013830623423972621e-02
-1.803600483889550646e-02,-1.780583409429755126e-01,1.272698226578012626e-01,-1.704237462629724087e-01,2.134777298943441870e-01,2.165450001623137055e-01,1.156214455439481953e-01,-3.512581347681083266e-02,-1.778046468538599933e-01,-2.031110864265433524e-01,1.083828625719635425e-01,1.986135489448345726e-01,-6.656290529855493285e-03,-1.879153503887994181e-01,-1.277835067054581275e-01,-1.367191504468827645e-01,-2.183073971181082318e-01,6.440520789196062246e-02,1.625559079420588748e-01,3.424969326588472862e-02,-1.875125017128436711e-01,1.108410402752526558e-01,-1.307452038496718094e-01,-2.939027725620415796e-02,-1.135601926705570169e-01,1.151322124429674486e-02,2.309421728871953114e-02,-9.302341867756903915e-02,-1.937228652648051719e-01,5.795240153489445573e-02,-4.010810851142589117e-02,-8.748641923044950253e-02,1.678726296796755058e-01,-4.352735812997108461e-02,-1.184989153766771719e-01,1.217778655120883673e-02,-1.099152836200963448e-02,-1.976193669964097233e-01,3.504641855822940300e-02,-9.911217194021884613e-02,-2.391550252844205568e-02,1.615651020496367829e-01,-9.954392805022560606e-04,1.581160972930813480e-01,1.026320334372392562e-01,-2.105175630513342333e-01,-3.447062258233022508e-02,1.414818111068460171e-01,5.891514230924722872e-02,1.461020762316895920e-02,6.275530103818192929e-02,1.338813025175902560e-01,8.450142963172949107e-02,9.784593888786179139e-02,1.239446115970799372e-01,1.175452512742756195e-01,1.154793774909448345e-01,-1.247126135472661906e-01,6.675407802224719855e-02,1.463224893607136534e-01,1.948507018226448007e-01,2.151600886248331290e-01,1.725449835358317321e-02,-1.569832746343490792e-01
-1.699885059842525803e-01,1.564607994973096772e-01,-1.603952240603339907e-01,8.074418368534970469e-02,1.217708186791766067e-01,-5.680806252604633094e-02,-1.194260684864611455e-01,-8.556233949176127174e-02,1.267019757375191791e-01,-5.582920828597683072e-02,4.814423339468869995e-02,8.554819947638725441e-02,-9.077552301952440672e-02,4.329643707208058467e-02,3.615865527277909060e-03,-5.187586931511455751e-03,-1.863969006720573585e-01,3.959265968142277464e-02,3.306874866672538521e-02,2.481122007903863169e-02,2.578469860609106448e-02,2.111796306635507214e-01,-1.394048034778880840e-01,1.020869012026667799e-01,7.418799821822942564e-02,-1.872417464986995406e-01,1.108386035798712976e-01,-1.975168041641900130e-01,1.689662105212499238e-02,2.575943726337305648e-03,-1.648653024341618367e-01,-2.149589667642018975e-01,-1.314716031612102043e-01,6.347338435879265606e-02,-2.118597880841009973e-01,6.519722778910493066e-02,-1.483616750698640852e-01,1.064378836749805685e-01,-1.792786267470673212e-01,1.993051047858809266e-01,1.108038293822101311e-01,8.651995979420999683e-02,-1.469583652927503037e-01,-4.057366142856267538e-02,-8.189121397363138821e-02,2.059866298150855521e-02,-4.086115081098502799e-02,-1.718512336709596966e-01,-1.980675764393972083e-01,-3.375970217119139000e-02,-1.767482576430649266e-01,4.691948253487383119e-02,-1.750122258625798621e-01,4.655956609660634460e-02,-1.096280888375837509e-01,1.859207149302612855e-02,8.184876879831315399e-02,-8.613328754512013241e-02,1.821755441669937470e-01,-9.404187933572656644e-02,-1.140297854336117661e-01,2.194841267442079469e-01,2.169026648211644093e-01,2.069573903695484662e-01
-8.456240057889238826e-02,1.690134126135822701e-01,-1.168477422502227914e-01,1.236021682206761008e-01,1.209239551873574486e-01,-5.720762844416041326e-03,3.088967389802607655e-02,1.055720984598737117e-01,1.802253871793793039e-01,5.292160177545528199e-02,-1.404240883076972868e-01,1.051469557818308503e-01,-8.769177107440713492e-02,8.289542350848863594e-02,1.640979168225378468e-02,-6.646907234887716731e-02,2.516016213483351222e-02,-2.158115454736758004e-02,-1.888075005688948094e-01,2.105757868920032916e-02,1.810996214383383540e-01,-5.515978962119635204e-02,1.498920958369156786e-01,-2.022940729125015935e-01,1.350373003376090231e-01,-1.845000888453980636e-01,-4.350233653114193855e-02,1.075583111199834505e-02,1.626198792882112276e-01,-1.834581227506791590e-01,-1.216573142411713632e-01,1.093329081349840165e-01,-8.944191028823408884e-02,3.095091416241518151e-03,-1.207090550392129480e-01,2.116622197615842249e-01,1.418677912247904779e-02,1.602730033624576167e-01,1.690634860912347270e-01,6.078097811458901822e-02,-1.535578885864690712e-01,-1.636517254068875216e-01,1.876531821292521107e-01,1.653132677268881745e-01,2.182678179143370256e-01,-1.383183756510073803e-01,-2.064733695921675272e-01,2.091114644556849866e-01,-1.329277579855976388e-01,-1.430490102309870393e-01,-1.917624811907410187e-01,-6.496094258979544234e-02,2.029498479567160008e-01,-7.863586572905313654e-02,-1.420290979108712881e-01,2.249175875161898291e-02,-1.707465482322364780e-01,1.157039462645918435e-02,-1.978673648436270541e-02,-1.033416695673731039e-01,1.855649395948131830e-01,3.781982155173209924e-03,-4.546611738360113036e-02,-1.271233381759981629e-01
-9.469471139243065133e-03,1.585440499970712791e-01,-1.004458595633580531e-01,1.077633225218801588e-01,1.742308508812724921e-01,1.417397949320580441e-01,8.283489788659038899e-03,-1.413692382671516978e-01,-2.131266731132045247e-02,1.525992245516540058e-01,1.935032879021485464e-01,8.416494540176641670e-02,-2.136305204244830780e-01,2.051146564934083760e-02,-1.912874399326498775e-01,-9.300640601207191271e-02,-6.625749126993586702e-02,-1.139176152372577827e-01,2.270637714827295761e-01,-1.539503717583251274e-01,-4.083632749309726306e-02,1.708122819169157758e-01,-1.269261642801448042e-01,2.134359078554189659e-01,-8.846923840882549295e-02,1.206051671746650872e-01,6.859007449552653735e-02,8.081183333925001655e-02,9.875967738834614401e-03,-9.315961490934464295e-02,-1.619963409233151630e-01,-3.987650656344658012e-02,1.963485025593045552e-01,-1.050321946312106347e-01,-5.758248313714193350e-02,1.565729403941004683e-01,-6.382576893369573678e-02,5.163967352723151938e-02,-1.416171877498937082e-01,-3.584462663148009487e-02,-1.060269353583783436e-01,2.043116008229184655e-01,1.096806525713787256e-01,1.929447673582433687e-01,1.409786479342088061e-01,-1.162269000685153646e-02,-8.315601547930291659e-02,1.358344234809441553e-01,-1.281565669115291295e-01,1.989196696499328232e-01,5.807838445352867668e-02,-9.110495359703357776e-02,-3.887845185715553087e-04,4.790574244351927802e-02,1.978651785270879593e-01,1.038879752070947099e-01,1.577935122949833402e-01,2.138821137912692849e-01,2.297479437128415944e-02,2.076929917505194179e-01,1.716641301615641768e-01,1.793565239862490446e-01,1.481329533748145522e-01,-9.968445613312894305e-02
1.315249567060753078e-01,1.932381521627353493e-01,-1.818213217374370916e-01,8.267765941952114062e-02,-2.142163826734173881e-01,-1.176208823913956064e-01,9.948931942700274533e-02,3.222064264866190356e-03,1.041595712081152120e-01,7.499934269870055237e-02,8.151592667174009654e-02,-1.054920526727275293e-01,1.556620871314080001e-01,6.217244192818058290e-02,4.302326722378319729e-02,-1.129886256297127495e-01,-1.532070277706039096e-01,7.128828319283266046e-02,1.239448865220365847e-01,-6.127927214749319396e-02,1.306838623864504771e-02,9.780072893134264533e-02,2.041019934444863182e-01,-3.673168260767488424e-02,-4.461596643018733710e-02,5.981447601272367465e-02,3.151846523216592783e-02,-6.368909132938919970e-02,1.816490629337153273e-01,2.919951303269240767e-02,-1.429157926171828463e-01,8.507389414193482213e-02,-5.957576154702190312e-03,-3.047901712931387619e-02,-3.565750325583855185e-02,-7.323630141059048193e-02,-1.983388859528951720e-01,-1.013028008656056966e-01,1.680942400353554189e-01,-1.459550015867586148e-01,-1.916183597019338047e-01,-1.672175538249384696e-02,5.998983226888670445e-02,1.291538140809880553e-01,-1.242129993607774541e-01,-8.147094615530968420e-02,-1.787596343643358121e-01,1.906739574637815182e-01,1.377884015899320247e-01,7.957866441530209167e-02,2.686912032061461106e-02,-3.318179350824024265e-02,1.239678829180329706e-01,-1.303514486714495713e-01,-1.993044946002241469e-01,1.666169866170262026e-01,-4.132981493420353342e-02,-3.934045640293117735e-02,1.674015491360386354e-01,-4.319139346691387021e-02,1.883400028673181681e-01,8.093152796354056988e-02,8.553997551454640969e-02,1.510815534698288776e-01
-1.178637265029883197e-01,-1.605867847999303544e-01,1.396356416320216343e-01,-1.143949984202544540e-01,-7.888532960695962548e-02,-3.297990722026140908e-02,-1.563063199511640633e-01,6.936497456372300863e-02,6.918650993251254655e-02,-9.236213774846609159e-02,-4.208598044740972238e-02,-1.928074287539886106e-02,-9.677275904350800262e-02,1.180299928228618761e-01,1.901441528134499570e-01,5.158403115783756487e-02,1.168582355543253126e-01,5.047430431077466056e-02,-9.688676475258366227e-02,-1.120395080768213647e-01,1.815598187803837138e-01,1.630330035949511258e-01,-7.720047329194072716e-02,4.219036600123145242e-02,1.297328674398794297e-02,-1.744406927490430581e-01,-2.124803294611759055e-02,1.020869894740590728e-01,6.188518442242309237e-02,-1.056442955271920253e-01,2.702247752136107371e-03,1.527196163272949436e-01,-4.654123590305344477e-02,2.794880509614140057e-02,-6.515577756852904134e-02,1.039349013876462446e-01,1.699266678207311809e-02,-8.656710860488360526e-02,4.996237444192853927e-02,-2.003208220855265953e-01,-1.923779148192866217e-01,1.694516177975352311e-01,7.575913548793493379e-02,-1.005155374639905841e-01,2.157511541734629945e-01,1.849658388302954926e-01,5.180875390605529929e-02,-1.084409755945182630e-01,-6.617966950670325921e-02,-5.847179926323116395e-03,7.451139553529412263e-02,-2.168945429850304141e-01,4.627681811013970026e-02,-2.005072051753988005e-01,-9.743798776872919509e-02,2.089191499997573032e-01,-1.757100771070464751e-01,1.805010235825504072e-01,8.208294751667945255e-02,5.867187939322220103e-02,4.851031575872489371e-02,1.934925883766944466e-01,1.144230239853024772e-01,1.182297841056746679e-02
1.024316652686640128e-01,-1.140286944875913144e-01,1.789200351489414823e-02,1.035907023331459897e-01,-8.686378690344517817e-02,7.584493000988692946e-02,1.963024123949095624e-03,9.682847854300227763e-02,8.594791949494037797e-02,-8.596003699092165384e-02,7.737960215724543588e-03,-1.072315035571347469e-01,1.649046161690281495e-02,1.495123537767141519e-01,-1.086602996623901585e-01,7.777073720410770941e-02,2.147851133389932360e-02,1.812711224364356444e-01,-1.624687799485192707e-01,1.745136503989020704e-01,-1.601425845887003707e-01,-3.023443214796908349e-02,-1.844256520202489924e-01,1.054692512453011960e-01,-7.070144210501325133e-02,1.437297281481307587e-01,-1.799371734664053854e-02,8.066078205742406582e-02,5.713243024083494714e-02,1.717317717718502279e-01,1.437947637233417952e-01,-1.133112688370721544e-01,1.794578522295688441e-02,6.487109708663829633e-02,-8.855465770353870836e-02,-1.227907166805074363e-01,-2.101643859532752734e-01,1.603775610546054331e-01,-8.415616487918626404e-03,-8.418693495402944371e-02,2.347976574644726477e-02,1.243751252074549313e-01,1.555835253238578852e-01,2.897583424950837469e-02,-5.460456566373732279e-02,4.152538961342449458e-02,-7.840741202085410588e-02,-6.151369279837693577e-02,-7.573507921401474718e-02,1.533738908205152796e-01,1.422552924199191882e-01,1.799752677551724467e-01,1.782052033099470190e-01,1.109397071979653926e-01,-5.248970230244539431e-02,7.543311595513177426e-02,2.928935192817939698e-03,-8.190015002376944964e-02,-6.881609972537842956e-02,1.209994101753775336e-01,-5.424739485032230996e-02,2.547897736354636303e-02,1.908078855075888980e-01,-5.937767795509488189e-02
1.749168314587730977e-01,4.968221136952916811e-02,-1.465067155006405109e-01,-1.101525871358419451e-01,2.079489092644377646e-01,-2.312819068525239288e-02,-2.381005154520004011e-02,6.415229039707305569e-02,1.803875875691174635e-01,8.601495210014581394e-02,-4.943544565711222027e-02,1.353059360736621197e-01,-2.084894554312033965e-01,-4.378639956185387261e-02,-1.447738046175768012e-01,-1.714013748726106109e-02,9.733846277331067998e-02,2.823802441570466906e-02,8.673423652347628243e-02,-2.524565868343662048e-02,1.319268202334337170e-01,-2.099590523446416002e-01,1.495769702526632619e-02,1.265946816900671013e-01,7.249527371329898828e-02,-1.299366973033709294e-01,1.424423239922387729e-01,-2.084953961796640609e-01,1.206136176092098833e-01,-1.474910694601605787e-01,-1.048227919196255686e-01,-9.899386389727166113e-02,2.003355868933902051e-01,-1.298951780201228479e-01,-1.633019488879962067e-01,3.664143558189954936e-02,1.157161781590060334e-02,-2.134093743278098754e-01,-2.686454193829530476e-02,-1.062789369380342658e-01,5.082004610430573138e-02,6.157420456187605307e-02,8.816130132917361639e-02,9.036136476177325516e-02,2.196220665718606468e-01,9.037856046698590495e-02,1.870179987395497734e-01,-8.989779167179932917e-02,-1.224956101356781540e-01,-1.657543223990529807e-02,7.134936049774297240e-03,-3.712132004759772369e-02,5.363429432501959360e-02,1.228814944727869007e-01,2.026762190697289634e-01,-7.093813194272055589e-02,5.762840138167047571e-02,-1.337678359062970668e-01,-1.674711396324879142e-01,1.149322712736719349e-01,-1.752770842478259816e-01,1.857358258245609683e-01,-6.339604828018670368e-02,6.536414956146634203e-02
4.341078003324913559e-02,-1.218583812695992197e-01,1.185172477802657887e-01,1.619788315278104240e-01,-1.936359906429191424e-01,-9.041472612850511015e-02,-1.093577702038707883e-01,-1.076415609863007328e-01,-8.119940150587218186e-02,-4.963687674353375705e-03,-1.401579368094757194e-01,-2.231667347671756618e-01,1.992431261372008267e-01,-1.800928122054601122e-01,-1.724664018591736542e-02,3.520403455543829468e-02,2.143425834632655402e-01,2.437419593767793657e-01,4.038049462869649359e-02,-5.927565938019990072e-02,-6.860252854812382006e-02,-3.145747882522329647e-02,1.968664636804004775e-01,-8.613020338529547848e-02,-3.361694403878527637e-02,-1.077852741805669645e-01,1.021130699917735807e-01,1.761278963730113223e-01,-1.296833133647640746e-01,-1.139870038047051254e-01,-1.750282814529261211e-01,8.347732346944676529e-02,-1.707285027419927215e-01,-1.731491954714590997e-02,1.686147941785752849e-02,-1.040594359595205937e-01,-1.511568595047112495e-01,-6.717063461096359211e-02,-8.222159307808092621e-02,2.047886828103180068e-01,-3.857039011699005260e-02,-2.023845694438698717e-01,-2.024226215027615794e-01,1.794636777133459815e-01,-2.258293309571295926e-01,-1.026654423650927295e-01,-1.842595968200135270e-01,-1.772143230677274139e-01,1.045728841555339239e-01,-1.381324946615970599e-02,1.021742696484366775e-01,5.531452960639774569e-02,1.696621129076033296e-01,1.735615317528775847e-01,-4.105367431782291215e-02,-1.390671723128327208e-01,-1.869915646918713648e-01,1.166885116099819208e-01,-1.248749306635826284e-01,-1.697709147750639247e-01,1.027484202669346619e-01,-1.609269644849868064e-01,3.049906990716821920e-02,2.296465830041419590e-02
-9.725021852565637892e-02,-1.025255222902614338e-01,-3.314366768720719472e-03,6.964759066267429966e-02,1.136745639367314764e-01,-1.484481952262805549e-01,-7.150663196188265965e-03,-1.245999885858788472e-02,1.420461216072781974e-01,-1.875697648938215167e-01,8.481156640703275962e-02,-1.619290326289130055e-01,-1.739076520412789484e-01,-1.613347524859564397e-01,1.443128048127001739e-01,-5.948469713411808774e-02,1.197211652458971404e-01,9.611962131202639315e-02,8.436327619450693927e-02,1.755620049044175623e-01,-8.574076210556151600e-02,-5.089633856926297634e-02,3.300990774849807408e-02,6.041219631682193808e-02,-9.065762764817610064e-02,7.811557860209553117e-02,1.945176122428544374e-01,-1.502718324074657219e-01,9.338683890366829277e-02,9.907383389171162125e-02,-2.507063811678792928e-02,5.587679964090657564e-02,-1.308178835584349609e-01,-5.297851164237320221e-02,-9.716747374770717816e-02,1.769888974711668617e-01,1.595850764241076303e-01,-1.865129352975582883e-03,4.198032228060596949e-02,-1.930021412980418016e-01,5.158365215740676885e-02,1.563235463240843504e-01,1.333438128245045262e-01,-1.038357257747990758e-01,1.108295998934233084e-01,8.430682572408360054e-02,1.306082698949997123e-01,6.653654549328563705e-02,1.455701093739951990e-01,-3.577960881974740024e-03,-1.781827755764328614e-01,1.502239739508275662e-01,8.453266021857507029e-02,-2.053479518151253291e-01,9.675724467953204788e-02,1.262219788405033460e-01,3.272115985617547740e-02,-2.231298620121023590e-02,1.133269594844669298e-01,-2.063139937944323630e-03,5.337015767758097884e-02,-1.788395716235395561e-01,2.082842300301801230e-01,-1.921833831888981603e-01
5.974540433685637808e-02,8.651490504188465158e-02,-1.936576312694291979e-01,-1.876329616471745509e-01,2.621413528945288826e-02,1.735561710622094411e-01,2.078478761285898757e-01,1.327256375746798667e-01,1.645613793450040330e-01,-1.362350353195762032e-01,1.554253374372416285e-01,-1.792003414068250866e-01,-1.244749709252309239e-01,-1.710479629461256201e-01,1.044278109735436166e-01,2.697088455500181586e-02,1.484976966520739350e-01,7.857900042176035882e-02,-1.772465096403478824e-01,-2.465852925442817145e-02,-2.193629629251968027e-01,-2.040420527257745809e-01,1.457530927041883750e-01,-3.184040010117962505e-02,-2.186524260539762787e-01,-8.939310229878549841e-02,-3.687168942565754309e-02,8.437089139240542754e-03,3.603912266583831486e-02,-4.862279011950984553e-02,-1.589247826492629079e-01,-1.756315987417448043e-01,9.819221659617628772e-02,-7.553777692488817391e-03,-3.986306799393878053e-02,-3.017106069111600772e-02,-9.299446555659184044e-02,1.622260809288382510e-01,3.950242716087669359e-02,2.554522642605118812e-02,3.259418871211990087e-02,-1.128168102746182622e-01,-1.339846861800166877e-01,-6.299309871681423034e-02,-1.165793700891266937e-01,1.104695400436490720e-02,-1.562718444902678749e-01,4.858449743154208411e-02,-1.239518159560075994e-01,9.981020649102047282e-02,7.308510385007804810e-02,1.671038089324737019e-01,7.804653293994134877e-02,-9.620549152263402348e-02,1.562780952950595659e-01,1.032531928351971967e-01,-1.712822779564762143e-01,2.179637417199307148e-01,1.183444995895755886e-01,1.823070359840958388e-01,-1.019617758593742984e-01,-1.014903931592791714e-01,-8.098896140648403907e-02,4.709031090467769021e-02
8.958865225649483011e-02,-8.146452938171235003e-02,-1.498881902333290828e-01,1.174725447014522521e-02,-2.009618553464609936e-01,2.488224408947733654e-02,1.880052284718874700e-01,-1.192304401283575746e-02,1.330101334538758007e-01,-8.309480333578944666e-02,-1.175898364933092299e-01,-1.367151564097104574e-03,-6.071060029295533012e-02,1.978910139132707691e-01,-1.795749479796016346e-01,-1.474530748020227988e-01,2.403062372482550266e-02,9.234490984987951678e-02,1.109462446890737836e-01,-2.857251416720824402e-03,1.339418058193928840e-01,-1.939624561814514148e-01,1.705913354084343803e-01,-1.396109221449420568e-01,1.159036160759485679e-01,-1.228514314895447906e-01,-3.935974176113805900e-02,-7.358075683166791225e-02,-1.316303625128666666e-01,1.628915650796496084e-01,1.242937898525855456e-01,2.116856654446290509e-01,1.120743739511628756e-01,3.852377306783313221e-02,-1.508795951604662566e-01,-1.534844467234711407e-01,-1.287436497600496776e-01,-1.428196954827254950e-01,1.437653578696480861e-01,-1.139975046762962962e-01,9.876130974305107058e-02,3.719380244348709230e-02,-2.104345650710227611e-01,1.509825390075746898e-01,1.921678386607918732e-01,-6.335430021198416861e-02,-2.026070789510540093e-01,1.182122631496582560e-01,-1.131352885114134121e-01,1.231457797080707378e-01,-1.742466248764479864e-01,-1.867124483081306907e-01,1.861196410730305562e-01,2.234889956568457056e-02,1.245219969500968443e-01,5.828299971095802362e-02,-4.036676827811105928e-02,9.411235280565635741e-02,-1.072703462843106227e-02,4.755387674292275296e-02,-1.887897682234117858e-01,1.752378594936251643e-01,-1.209095024922998141e-01,8.818360582423395710e-02
-1.467655596234861970e-01,-1.305575683420013011e-01,-1.365994150947398567e-01,6.305276173904046655e-02,1.383926313703093269e-01,-1.691964689323456270e-02,1.528376512845492086e-01,-2.061597316241970124e-01,-5.123072526819925920e-02,1.248257271702787289e-04,1.986132813694483357e-01,-8.735220441765898522e-04,1.365708434468271282e-01,-1.660555382498251145e-02,2.224534950394517208e-01,1.101324456661501548e-02,-2.096749154028047790e-01,-6.527168057633084275e-02,6.384456780761443850e-02,9.523338987099486119e-02,-2.005960977448373872e-01,-7.158163922734293860e-02,-5.467971194376269883e-02,9.162742038523837007e-02,-8.799918033935001660e-02,2.005671239537527850e-01,7.227575225830017158e-02,1.482173399496539423e-01,-2.023691740415832774e-01,-2.015112255037030398e-01,2.025431494315398928e-01,-1.808544798855256652e-01,6.722519250204027352e-02,1.406058599438330114e-01,2.988300077618712136e-02,1.491963517218341528e-01,-1.912859560230187328e-01,2.072489662682572287e-01,-2.283067590657536505e-01,-9.325062525007629666e-02,2.007969319265866526e-01,5.246472978781289292e-02,-1.585266417104990166e-01,-1.238304983594827186e-01,4.168245631545348245e-02,-1.795532741600712771e-03,-1.593773051083536008e-01,1.221786314284076594e-02,5.139025901864199830e-02,1.147165336971037869e-01,-8.812192189458141478e-02,1.858975698289679346e-01,2.065611213484354891e-01,4.576717934926768233e-02,1.974670701672347206e-01,2.156061758917973137e-01,4.338983169080091323e-02,1.249708669948219192e-02,-1.927171236369786267e-01,-9.644770058759033482e-02,1.232307828246862469e-01,-1.488331297246471285e-01,-1.461413840760157623e-01,-1.199228528114086312e-01
8.313555246950947442e-02,-1.935116886056754137e-01,-6.669643297930437364e-02,8.507891559168444251e-02,1.544952333990242677e-01,-5.102968001758491357e-02,8.050671645032191071e-02,-1.387017541568765222e-01,-6.467093242556998245e-02,-8.922612744363673035e-03,-5.214885600768570662e-02,6.605723382870302973e-02,1.544019109550174296e-01,2.155927499116758461e-01,1.756342217589891841e-01,3.348023772559500957e-04,1.617834367750640434e-01,-1.584553287815651801e-01,2.132465170323747869e-02,-3.300939671942151789e-03,1.886112907780122250e-01,1.881585033425366704e-01,-2.164508604058110533e-02,8.143362896425263009e-02,-1.616412421420463097e-01,1.559267487978847067e-01,-1.839742937614529117e-01,-1.914131433579415731e-01,1.013955972918635096e-01,-2.138575697850598478e-01,-1.061241919544295975e-01,1.398928415892749522e-01,1.367163088002963101e-01,-1.328585314846591203e-01,-4.006654221797264354e-02,1.160894571235718264e-01,-5.073856428582020767e-02,1.817372161431761168e-01,4.749414965520242643e-02,4.608670348841915898e-02,-1.797848899163359826e-01,1.546322390145818682e-01,-1.013607129816767871e-01,2.162768737823093923e-01,-1.382929288668145185e-01,1.914967739139462333e-01,-1.127545916227993411e-02,-1.248845548668771899e-01,1.079829514667551976e-01,2.215284122594695093e-01,1.066441266971107915e-01,1.076062564731389559e-01,1.636429648615248672e-02,-1.617370683971379453e-01,6.062297367813188759e-02,-5.790681917760266695e-02,7.952385905852772663e-02,-8.791577769493769123e-02,3.786882795993420231e-02,-1.267730587327623171e-01,-1.779903533446023089e-01,-1.540761354889841617e-01,-8.908669830580853710e-02,-1.709152926346450829e-01
-1.928268580634126539e-01,-9.159391798488000780e-02,-2.532339227208880821e-03,-9.803291926857569949e-02,-1.843777875038902780e-01,1.759220826231943646e-01,-8.278074265488657990e-02,1.935153271866379421e-01,-4.528189463080455751e-02,6.623114364375127551e-03,-1.262870422976608009e-01,-8.779175854342556595e-02,1.998729199742826923e-01,-2.251255079537134995e-01,1.280121690453408512e-01,-1.933437065066191674e-04,-1.386634088095014816e-01,2.007625407642545656e-01,-2.303218577714244431e-01,-3.718413943157676538e-02,-8.567807676663571903e-02,-1.188534475390978645e-01,-1.176464485186071718e-01,-1.728201453270583332e-01,1.544218171177353383e-01,5.396296615122583157e-02,-9.398497581199850848e-02,1.948337450760387335e-01,-1.325094500292806343e-01,-1.185396676115917924e-01,1.739566569361557236e-01,5.098506825366327239e-02,-1.968347770174221079e-01,1.240381273509814364e-01,1.309668770386597791e-01,-9.341797689818771844e-02,-1.102243766717024842e-01,-1.485791064434466638e-02,1.323247313734779440e-01,1.766878995561580734e-01,2.260064392071685080e-01,-1.509880958573096010e-01,5.340702011607379590e-02,7.529465608782172359e-02,4.964286271486501728e-02,-6.634717738957530975e-02,-4.778676697716421895e-02,2.907700781988182062e-02,-6.314507446682449121e-02,1.334453117507813924e-01,1.033353206030357824e-01,1.485086830816271797e-01,8.086579232175958309e-02,-1.654210952381283406e-01,2.046558745215974751e-01,-9.745947437179132422e-02,1.260806639033966170e-01,-3.674864951193154705e-02,-9.990665778769677874e-02,-1.832445487391761926e-02,-1.896622728202723707e-01,-2.143131647392289008e-01,1.039466844655754507e-01,-3.526591029613038164e-02
6.554695032294624579e-02,-1.898918725646055183e-01,2.540020543598812963e-02,-1.081186691248916809e-01,6.392683980161838198e-02,1.414851146106607324e-02,-1.853019418620013570e-01,-6.278417720311581240e-02,1.591968906929673022e-01,6.817830072681282938e-02,1.837119746851734528e-02,1.722761524948631662e-01,1.780606899752130157e-01,5.507464701265480517e-02,1.636991606802767896e-01,-7.125884928505486771e-03,1.383253866345134087e-01,1.415649468597478533e-01,-8.495600872536565595e-02,1.940952500709681450e-01,1.014176355248478795e-01,-1.626211078991065540e-01,1.472986652898027327e-01,2.685536332212428573e-02,1.112742514065122174e-01,8.037467757238929422e-02,2.064902892407302626e-01,-1.275458687710186445e-01,-1.914189120909526864e-01,1.341364628387418101e-01,6.545636609683674889e-02,-4.635851800212355961e-02,-1.896337526913975946e-01,1.688622789045539918e-01,1.625719438301285735e-01,1.215642160530359256e-01,1.645708041564456214e-01,7.919232634744051424e-02,3.473191030116119793e-02,-1.099026594408125841e-02,2.972447331960490283e-02,2.143468425181677683e-01,-1.078408139587710840e-01,-1.817305905562546231e-01,-1.547339341917342292e-01,-1.043991585963995050e-02,1.826125448190286660e-01,1.055068265796702265e-01,7.930902815358734093e-02,-8.523887778804542514e-02,-4.595810550022731700e-02,1.511903111245369580e-01,-6.079121074443280537e-02,1.772298697005607049e-01,1.099408349377004740e-02,-1.326603153370727872e-01,1.100706838865815468e-01,5.481216951186638348e-02,-1.392610340105021882e-01,3.328649317704614891e-02,2.086758088226211838e-01,-7.460978662766937219e-02,1.704215511003087657e-02,1.790819516402250566e-01
1.604600391988089958e-01,3.297032750928238082e-02,1.821560480041168606e-01,-1.187458728950612219e-01,-4.403481719622883567e-02,-1.594790383201856454e-01,-1.215855961742065214e-02,1.569636692199186390e-01,-1.623426165636741164e-02,-2.861171315471959867e-02,-5.460144796288811386e-02,6.095601504618184535e-02,-2.021303066746148458e-01,-1.016000769719309221e-01,-5.440618144021937275e-02,-9.842068536196875439e-02,-7.967493738625046340e-02,1.053046023049008205e-02,-1.749200708705048735e-01,1.674980779062501812e-01,-1.425693288173267848e-01,6.121799087134773693e-02,5.206190816746313066e-02,2.103989353814615104e-01,2.990878664185192548e-02,-1.756749865951768297e-01,-1.566682193476467977e-01,-4.075235066654551291e-02,-9.799145017844473893e-02,-1.737701830334060227e-01,-2.040492714902490123e-01,1.519623623632320071e-02,-7.491128162118873557e-02,7.379352797894607463e-02,1.632433056454017095e-01,-2.050846234018494363e-01,1.301548644727424653e-01,1.171109522537762682e-01,-1.034419742284710536e-01,-1.047060914806324655e-01,-1.770614135947017054e-01,-1.458100201831220299e-01,-1.304642603303627635e-01,-7.519807299381998933e-02,-1.478413410145113238e-01,9.110003420100659666e-02,-1.564606364536132999e-01,-5.462935299120932897e-02,1.734142855664062566e-01,-7.257132063948473766e-02,-5.087431509121061873e-02,-3.034227782560820069e-02,2.993314594959300273e-02,1.037723356989041779e-01,-2.650318250434002994e-03,-1.711895284190945721e-01,-1.662220464926346120e-01,-1.257757262754455596e-01,9.595850490623995810e-02,1.429019285552553531e-01,7.648579672180468025e-02,-1.352258810849993609e-01,-1.928860160725020811e-01,1.732964195749810976e-01
-1.544209852257322491e-01,-1.935138291398323940e-01,-3.264103423249478837e-03,8.036537978140842475e-02,-1.843600352409088261e-01,1.232274873564225132e-01,1.525165481193944683e-01,-5.412446182375663800e-02,2.037347886172468647e-01,2.970319863988919382e-02,-6.919875296421347521e-02,-8.990442061022181630e-03,-1.141543900938616317e-02,1.554504792278098291e-01,-8.491152094913985426e-02,1.529286690281950745e-01,-1.404289023935374192e-01,4.354149106963561833e-02,-4.810399948049906560e-02,-7.439974444993548153e-02,1.821318949628678296e-01,6.356014830093474621e-02,8.967167905598903699e-02,3.770346730148647213e-03,-1.123752528249175875e-01,1.830390785260542774e-01,-1.256210826061760766e-01,1.944165812422286310e-01,-6.973484462272924733e-02,6.053370479220488570e-02,-6.037083377566196396e-02,1.018579045438546132e-01,1.808554333247612556e-02,-1.469522559645950466e-01,-7.853112880108421845e-02,-2.121280129200715237e-01,1.229601039071491209e-01,-2.037996375722257170e-01,2.057042363033188548e-01,-1.346598444193469746e-01,6.762745517864396372e-02,1.652819934416453473e-01,9.382486263525379247e-03,1.133529465185794533e-02,-2.048166741123917112e-01,1.959710036657042742e-01,-1.577910002769341291e-01,-9.518335497864238715e-02,1.019836553175153815e-01,-1.174451825502186991e-01,1.850861839131995312e-02,-1.095523659668457689e-01,-1.075471063649396410e-02,6.101017661373993317e-02,-3.046440073775489449e-02,-4.116078634150143606e-02,7.884127857236716830e-02,-8.730449227329524498e-02,-1.382248266929676783e-01,1.986032373073126078e-01,-5.631541629935705312e-02,-1.562552042696405408e-01,1.317573055167069462e-01,-2.009990508299539791e-01
9.483977990839609351e-02,-1.600441368403359155e-01,-1.862103862193266735e-01,2.174548244330916716e-02,-1.989619423825723238e-02,6.303507027753771363e-02,8.513443629500425103e-02,1.487441920070481094e-01,7.401865742220270494e-02,1.584450313582953448e-02,9.552715789114189782e-02,1.446285703021127633e-01,-2.267213192600375793e-01,-1.556232390697352003e-02,-1.133634926662017810e-02,-6.355777723903805777e-03,1.029702972138007155e-01,8.482424615697232995e-02,-1.836927867221057331e-01,1.342724510862343401e-01,-3.816247638025518224e-02,-1.901948204796760078e-01,-1.542554682400057720e-01,-1.796830609917135779e-01,1.038282230613914725e-01,2.283119522354534747e-01,1.503941511052261926e-01,-2.068936809219320272e-01,-1.119103422396335035e-02,2.062663982134874396e-01,-1.651777537224871362e-01,2.373100576716733606e-02,-1.863247975746020746e-01,-1.630400376181400379e-01,1.286387397935648824e-01,-1.149658841901372297e-01,1.173191713674116565e-01,4.267271433457084373e-02,4.004326507195724028e-02,-1.702178355689656641e-01,-1.973236216464062109e-01,-9.063576001853650144e-02,-2.316905943601002896e-02,1.694035209080932136e-01,-1.786114874811128295e-01,1.724403424131688845e-01,-6.508778046977985177e-02,-1.440124243067432419e-01,1.147924780463601552e-01,-4.989301744921370574e-02,-1.830783467233535466e-01,1.304037130326012872e-01,-1.561309617701472918e-01,1.516910793407376945e-01,-7.455482859889595026e-02,3.169842685357532330e-02,-8.599406919116199532e-02,-1.967261063914813035e-01,1.368104417516567139e-01,1.013679988194740866e-01,-1.474943057293320037e-01,-1.333931630833759818e-01,-1.688087944516462324e-01,3.452263734736469442e-02
1.704569355462286495e-01,4.310823096005086258e-02,1.190369377938210599e-01,1.753979330290330318e-01,8.972087253594072942e-02,-1.119236982360328203e-01,-1.796291896672183586e-01,-7.311083310799919299e-02,-5.660860714315886499e-02,9.242106938639810254e-02,1.948236544645884916e-01,1.905947893753804634e-01,-1.948296444504783731e-01,1.219904626478447024e-01,-1.850999602571876679e-01,8.287988973112150881e-02,1.648192266353367130e-01,1.863479664546822123e-01,1.990171262901005156e-01,-1.112909858871556912e-01,-1.076069875167112166e-01,-1.841947743389486525e-01,5.765604342865209009e-02,1.902360978837605854e-01,-1.047988014116181255e-01,-1.258400111685660794e-01,-1.794825612917821112e-01,5.119864429854513455e-02,7.763630298310444933e-02,1.319026011570766099e-01,-2.191349534286945178e-01,-2.206217249201207486e-01,-1.763440788971989415e-01,-1.259352224910283979e-01,-7.362487202729536828e-02,-1.224783088114084206e-01,1.525406065816082568e-01,-1.536748178996252545e-01,-9.909751534801712614e-02,-1.474373469101592782e-01,7.883740214627178722e-02,1.900311223113626824e-01,-9.656570722872831469e-02,4.909281588785286733e-03,5.484355374501571900e-02,-1.524214159301173210e-01,-4.726115919279471472e-02,-1.600663054401061103e-01,-2.424620141679643265e-02,5.588064224516364059e-02,1.336080762304378555e-01,1.368877083325469035e-01,9.058445071933562964e-02,1.494108134207904337e-01,7.428822212581584483e-02,-1.115611021808901038e-01,-6.869997884617899848e-04,-1.276776323479569819e-01,1.686983638917849415e-01,-1.858169219904858560e-01,7.504859673441613421e-02,-1.391172227691843677e-01,1.377985400355393741e-01,-7.152738604660206084e-03
-1.802233891850261727e-01,-8.271093878630692703e-03,-1.486781030743259679e-01,-9.020916094529107809e-02,6.778430875233194819e-02,-1.926728153861088921e-01,-2.029342067213794620e-01,4.819596300624721247e-02,1.901928066551771684e-02,1.439563067495221171e-02,-3.914916386140665505e-02,-1.739554536190746070e-01,-1.156182313021718033e-01,5.697623549314292934e-02,-5.014083941330135796e-02,-2.011598843905434697e-01,-1.490623726723627196e-01,-4.345756595729526051e-02,6.718046831077077730e-02,-1.277035894215108325e-01,9.372358721897944278e-02,1.018782700318225376e-01,1.868474752812067374e-01,1.251150018918948115e-01,-1.787524960907025673e-01,-2.920277193186401193e-02,1.339977577898352271e-02,1.692275167569981184e-02,1.588205517877807893e-01,-9.442243949973029571e-02,-5.612039594337475679e-02,1.374289453689777896e-01,1.822491171705955398e-02,1.979825955896452605e-01,4.633227276043113546e-02,-4.612116535614783908e-02,1.700870309504959876e-01,-1.342870527396831382e-01,3.349004489869739781e-02,-1.206053257535722734e-01,-1.249796305386818296e-01,2.184395107399237090e-01,1.915625759651823912e-01,8.369144433241727798e-02,-1.449391350565829711e-02,-1.466750525312649767e-01,-1.235465458128220395e-01,-2.042109764598276367e-01,-5.790020476453056064e-02,-1.402373255509760663e-01,1.582639098525651100e-01,1.555474645872167438e-01,-2.036224177722207040e-01,1.097597194746449956e-01,1.847876315115590251e-01,3.861689855640557806e-02,-8.523498250518041219e-02,9.524780972060709755e-03,-1.810590930480202587e-01,-2.145193643645802728e-01,-2.900081711824336467e-02,-1.701615977646593614e-01,6.982346773917540161e-02,-1.667065605619088842e-01
1.117952134430244826e-01,8.181748660184724742e-02,-5.137830497982714961e-02,-2.739660963142024480e-02,-1.144905522087538430e-01,8.433508269456947704e-02,-1.466933260931988503e-01,-5.024274814352609059e-02,3.653263148396168614e-02,1.046457842321904114e-01,6.468802819162272622e-02,1.562609531183534461e-01,-1.106701878986565135e-01,9.507287821673679473e-02,-1.463332741976984819e-01,-1.212488719573964063e-01,1.017719538728446144e-01,1.488763902437074405e-01,-9.096840905871808255e-03,-9.953336108116631054e-02,1.379908795090503404e-01,4.334548947259574819e-02,-1.790762289411873542e-01,-1.055960540456774704e-01,-9.756424105450528517e-02,2.061499135142689232e-01,4.773556059678887853e-02,-1.516283736224645178e-02,-1.924976402055766367e-01,-1.024078601821400702e-01,-1.856744100885857340e-01,-2.043948902890118935e-01,-1.033382010280780167e-01,-1.019290725556422361e-01,-1.568039745461821122e-01,-1.542140517277975909e-01,-9.309743082776338052e-02,-1.435268549125760795e-01,5.993592343813650830e-02,-6.231523046698689977e-02,-5.326431595954577575e-02,1.097717201722528957e-01,1.491321720164931752e-01,-2.455939303698100387e-02,3.533462519146398501e-02,3.417153157467769931e-02,-1.290224389410155326e-01,-1.084054963833294694e-01,1.590432356531115143e-01,6.147142110955323285e-02,2.124290011589963223e-01,-7.271609927701054576e-02,-1.522945127436093615e-01,-2.100426290798951545e-01,1.528677353587612198e-01,8.476842766860460954e-02,1.340184528388607410e-01,-7.100626466437229278e-02,4.752218497659721486e-02,-5.293447184225125862e-02,1.929969949490221159e-01,-1.308025998835880555e-01,3.091120217744155324e-02,-1.773199392779400280e-02
1.178114613503142005e-01,1.617472286070695542e-01,-1.974492233048144862e-01,5.117318417503099320e-02,-9.222868446709649171e-02,-1.244481946399917244e-01,2.018521283854265158e-01,1.304235271979892752e-01,2.043117180439849023e-01,8.634547721287444411e-02,-1.522400684321151554e-01,-1.025549289063442705e-02,-2.445069961063054461e-03,1.040807146327818872e-01,1.649095510348262128e-01,1.263772516151648595e-01,2.287789238011615767e-03,2.150212442126614096e-02,-1.000860905003685825e-01,1.615745826024279075e-01,1.874051299406956916e-01,1.989043443415786372e-01,-1.829735712853265972e-01,-5.759832467274137585e-02,2.119011820517783529e-01,-1.498538140797610885e-01,-4.933972353792349247e-02,1.895070163369236560e-01,1.556463638480693468e-01,-2.030386968497827627e-01,-2.013218889648523691e-01,5.452729713496193287e-02,1.634026726762709270e-01,2.515715311709906463e-02,-1.453189561606057778e-01,2.117163536080220454e-01,-1.612581363499641929e-02,-1.644891917210868360e-01,-6.014374074175886375e-02,-1.245719621105896152e-01,2.095237316774213321e-01,2.686026843632809136e-02,-5.196198062484171792e-02,1.500831755494325681e-01,1.942064974868560334e-01,-5.697262875467819926e-02,-3.010963988669977318e-02,-1.070901399475286536e-01,1.528618561881255888e-01,-1.485846846634915897e-01,-7.233872393667656331e-02,1.532139927331858942e-01,-5.865483862148034716e-02,-7.584287005551015870e-02,9.000135560558500392e-02,3.715676367117774076e-02,-4.893643543678834890e-02,1.678735848765816607e-01,1.763333720621369505e-01,-1.753990043899682771e-01,-1.305891816359825985e-01,1.573545788173045246e-01,1.202021867307775382e-01,1.340965577234517758e-01
2.373639636256978311e-02,-2.067420827445241860e-01,-1.088723138138874280e-01,-2.738787006823489856e-02,4.959580756804438800e-02,1.234752491864556882e-03,1.645903397593325990e-01,1.785058238239956019e-01,-4.718034811769929865e-02,1.209776543270477817e-02,1.405534628340678049e-01,-1.493254205644932997e-01,-1.482796153848607856e-01,-1.356114621197913594e-01,2.504012475535144847e-02,4.992758074225729648e-02,-8.084978951797266999e-02,-1.810753536379344775e-01,1.211462480755997884e-01,-8.908087666091542289e-02,-1.399936087023669895e-01,-1.497503740883286694e-01,-5.604291082013239389e-02,1.870639871741144877e-01,8.399040044093590562e-02,1.207638158339443546e-01,7.244037977313830257e-02,-1.250803239742918349e-01,-3.908686519654702707e-02,2.138697297438030553e-01,2.135827389162764031e-02,5.982583902001717413e-02,-1.326722683011851145e-01,1.649616970851198183e-01,4.299573539389171806e-02,1.356596122522688574e-01,6.917875038013190231e-03,2.051704581138333594e-01,1.421361624178588690e-01,9.862930201856687229e-02,1.830619410525460566e-01,-3.413161055927189241e-02,1.408905010998902085e-01,-1.133781820086347258e-01,-1.103021331467374383e-01,1.881515506707030216e-01,1.059309791803792616e-01,-1.395547407737071366e-01,-8.986942248660462207e-02,5.279086576715299323e-02,7.680597673458883223e-02,-1.444081530093691869e-02,1.188181726628462220e-01,1.033538228999019565e-01,2.470440399555218491e-01,-1.655913049295667516e-01,8.096732631005788827e-02,7.623008541919847059e-02,1.254824628603217751e-01,1.558712016486528962e-01,1.069338787119670092e-01,1.536299336300791518e-01,2.282423421001646743e-03,-9.695727432106121535e-02
-9.607184194231861707e-02,3.475680241226405259e-02,1.115773999458389426e-01,2.291734053868109133e-01,-1.494222015889077049e-01,1.326779077032151088e-01,2.189234005089007173e-01,-4.278185338013113653e-02,-4.410794444646913559e-02,2.332909192393040898e-01,-1.769102284838980355e-01,-1.513153004341956098e-01,-1.312444751840768364e-01,-2.746338489028605015e-02,1.384175814328210130e-01,1.520297644279533511e-01,1.109654255720096683e-01,9.987635038976525048e-02,1.682665807314801809e-01,-7.457636328788860847e-02,-1.221118463638041635e-01,-1.148855775393399919e-01,-1.337723288776252739e-01,2.085127846463565027e-01,-2.016063147413870230e-02,5.403522808005255251e-02,1.410936224673191818e-02,2.293606731663263079e-02,-8.350781855310293600e-02,1.360413256490196621e-01,1.529323638810720608e-02,-6.199802643422704790e-02,1.202392055120215936e-01,-6.657708313361099250e-02,-7.111756215941499037e-02,1.063544450658450990e-01,1.678476131256048665e-01,7.030431231064411535e-02,-1.260276077226374081e-01,1.581039178470558249e-01,4.071466228113619634e-02,1.199256078609434728e-01,6.401543689003266757e-02,-1.871512791112892871e-01,-4.300653806609387730e-02,-1.735976995807707590e-01,4.734100437821717189e-02,1.744041144200778048e-02,5.185035525340241092e-03,4.676027182388712428e-02,8.357228060775288847e-02,-1.858015453262064076e-01,2.325916578794125916e-02,4.123626823700811406e-02,1.062644808217427655e-01,8.241089670337950479e-02,1.220001556530965897e-01,-1.416287019337784669e-01,-1.078121208846652239e-03,6.048459142885899420e-02,5.651867563368474096e-02,1.640397933700082911e-01,-1.564422889987129861e-01,-5.717314850579540558e-02
-1.627298197660681234e-01,-7.877724811171338271e-02,-1.790638056298703984e-01,-1.244364083706057597e-02,6.280277052254608361e-02,-1.253946130251601954e-01,-1.309055227983453029e-01,3.060295639767108070e-02,-2.139225520634211453e-01,1.161935853624435078e-01,-4.542925320897621411e-02,1.989759401875553224e-01,3.028054647105549863e-02,1.619929330065739970e-01,8.503121043183327343e-02,4.669448992537968135e-02,1.406656640938019898e-01,1.281130830651387442e-01,1.783192883085772326e-02,2.652351327333976605e-02,-1.359916848069383510e-01,5.667836763302783187e-02,-1.033526521091059497e-01,-5.175671323568584864e-02,-1.788196480551391965e-02,-6.351227865191989841e-02,-1.530335015113297170e-01,-9.355443154774023204e-03,1.857942084559612295e-01,-1.683119966851411367e-02,-1.221091679578484301e-01,5.381039537464094719e-02,8.779644065195207903e-02,8.851927182774774194e-02,-1.792819841763736155e-01,2.566162215968038202e-02,1.918951758439057520e-01,-3.960726850946390265e-02,-9.763539248838956630e-02,2.949380690452550052e-02,1.894769706738773096e-01,-7.465010191285718910e-02,6.759627330037881743e-02,-7.362578680589947078e-02,-8.684696323350765690e-02,1.333183939561735087e-01,-2.874221239971576011e-02,-2.947900918887694233e-02,1.208781915964577403e-01,-5.936247888869892325e-02,-3.363553158219332456e-02,-2.022651784524744645e-01,4.645034295159132520e-02,1.406384955805202452e-01,-7.255940742701005863e-02,-1.839932203833852531e-01,9.688407848337118877e-02,-3.759800122825647517e-02,1.796403914811381952e-01,-1.712399040845672127e-01,-1.420376102411264885e-01,1.478112030593050907e-01,-5.978454838856937792e-02,1.193205064954123706e-01
8.792373350572310620e-02,-1.362376590940068688e-01,-2.250254662008991380e-01,-1.915973479348049083e-02,2.459741255010701455e-02,-2.292489289554075216e-01,-9.912089357859574235e-02,1.384146837825781786e-03,-2.186685564023424788e-01,1.828723942999533336e-01,-1.725318534533649972e-01,2.131305743500332139e-01,-1.866775654038665411e-01,-1.291129628493377368e-01,2.048607429055871176e-01,1.411156575861864382e-01,-6.286693389009831434e-02,1.737696323246699648e-01,2.755564355952924704e-02,2.170486211122319986e-01,-8.361533749700074403e-02,1.945246450835090291e-01,-2.841083056410014657e-02,1.363702224173708732e-01,9.301189819705701911e-02,4.457293317907799063e-02,4.350946444994367029e-02,-2.233706993714416108e-03,-1.098225157936638247e-01,-1.633843404218522366e-01,2.201268354951171624e-01,-9.617062117546226752e-02,1.467265927794338676e-01,-3.900406479680476601e-02,-6.166262291869097079e-02,-6.049353309606114726e-02,-3.340976367318516937e-02,-1.459704274326354898e-02,-1.359128758027190395e-02,-1.955005373139661051e-01,1.220307156467408394e-01,-6.766765316920896056e-02,-1.008113391749376198e-01,1.914832990536699531e-01,-1.939985027597980471e-01,1.633961320116104066e-01,-1.538463513105443048e-01,-1.014405295624018315e-02,-1.734494754253825682e-02,1.576338508839240649e-01,1.317113176555662346e-01,-2.014956424630198750e-02,-1.633337787855095591e-01,5.313854931981738111e-02,-1.137979922213937928e-01,1.021091505223652995e-01,-9.536436758930078028e-02,-2.483932287398184918e-02,-1.625835774888638174e-01,-7.260549871187237103e-02,-5.142040885057656135e-02,-8.624694685668740646e-02,6.432473280715460262e-02,6.103240513397770184e-02
-8.573528236364655331e-02,-2.172336471756701470e-02,1.554787149440337302e-01,5.887063384825542978e-02,6.750397200614455251e-02,-2.138655357665501799e-01,-3.370585403438633443e-02,-1.071183317402680385e-01,6.031158414175039062e-02,4.809383770584901158e-02,-7.363226085828807055e-02,3.108228551685813038e-02,5.763509051181944787e-02,1.366472503802605709e-01,1.755492630645690277e-01,-7.899690259149468041e-02,1.875578513393839214e-02,-1.075365182276375869e-01,1.079340288829308591e-03,-2.125452538205704067e-01,1.568059213581914427e-02,-2.001738747510263261e-01,4.748251833433601160e-02,1.443031314854013175e-02,-8.888311232129124384e-02,3.400811089278089200e-02,-1.339319273249291453e-01,-1.550867036691817580e-01,-1.421144506037378130e-01,-1.528084750039517548e-01,1.114805640437910167e-01,-5.166047959099976522e-02,-1.494189572654738285e-01,1.169446138474694585e-01,1.071416972177713922e-01,-1.942198449641078239e-01,1.334742636463253362e-01,7.750662456264811873e-02,-1.744799238613201353e-01,4.165044329541522927e-02,-2.054409358946003850e-01,-1.821909716479575836e-01,5.562251352517925962e-02,1.985680401324266819e-01,-9.889665219019841413e-02,1.344598867137110909e-01,-1.916311523405723749e-01,-9.449782190014315367e-03,-1.741537669725842785e-01,-6.613070343973988241e-02,3.580068962375122787e-02,-6.830783922180412582e-02,-1.176815163161023109e-01,1.496377906328953400e-01,6.660968240465127421e-02,1.005645593562294327e-01,-9.805715431866714182e-02,-9.907286630959356855e-02,-1.443516974243431172e-01,1.187174134548922844e-01,3.961689614547095339e-02,6.150699591776181280e-02,-1.638091725487911265e-02,9.732390331896907665e-02
7.274981760267405784e-02,-2.285662654858313519e-02,1.247629049686239666e-01,4.039738335099963412e-02,-8.463090607936599175e-02,2.223710024162033061e-02,-1.045266707127504302e-01,-3.752526558571644272e-02,1.793149621839652472e-02,2.030890992420234659e-02,1.782146500557164892e-01,3.339254198355265379e-02,-2.227843404579573083e-01,1.678527356030121431e-01,-2.161903867173687807e-02,1.326818651325178122e-01,-1.288187789788083626e-01,2.072132839173335406e-01,-1.417902245267907424e-01,-2.135241254801775457e-01,2.109190725826441681e-01,-2.424142955158144208e-02,4.732773670268517613e-02,1.910776287918668492e-01,-1.827127266869123523e-01,2.175962485135637670e-01,-4.543374815845686171e-02,-2.018739142054272462e-02,-1.423677191873501044e-02,-7.329585911076379190e-02,-1.829033778572530522e-01,4.667835391862330124e-02,-1.005132170661983126e-01,7.002341534152684011e-02,-8.050415768220010870e-02,-4.822380877450392622e-02,2.156257002395066680e-01,2.948285727897977104e-02,1.189293861940730022e-02,4.919447315927005793e-02,2.106209862464345633e-02,-9.022110887687985470e-02,1.501973149458300967e-03,3.032062253794604728e-02,4.836778997168339998e-03,-8.971256108382473504e-02,-1.370472452202381626e-02,5.847960667604064182e-03,-5.213939066247379878e-02,1.531237445107466455e-01,-1.541251191291012901e-01,-3.299350117100314367e-02,-5.499597514030330619e-02,-1.537629682979663459e-01,-9.235635027610607228e-02,1.744203572731854446e-01,6.518283325198115374e-02,7.386184571101614416e-02,-1.779072187281037498e-01,-1.372465754907912228e-01,1.249668674518138040e-01,2.033512381503179700e-01,1.832206274240340826e-01,-1.024151006652958967e-01
-2.062055096506696977e-04,-2.172467166791949289e-01,-9.733815368585380101e-02,-1.882029309163570918e-01,-1.306044974044392737e-01,1.926927087008974693e-01,-9.242388156076430938e-02,-1.923278108155614674e-01,2.301677951265259092e-01,-2.670567160772179816e-01,-1.657836627813502883e-01,1.721777818298579621e-01,1.031237444516455715e-02,-1.660906056889074889e-02,-1.484507676224268991e-01,-5.199782549765998713e-02,-1.224026974727000505e-01,-1.215044641550003524e-01,-1.151834589727463720e-01,2.280819122627142717e-02,-1.740972317722426499e-01,-1.012270209966262408e-01,9.036181745002271146e-04,1.155447787343971827e-01,1.460945579373859049e-01,-1.659932509999302586e-01,-4.209428218269970629e-02,5.324503531236974944e-03,-1.926101762134602990e-01,-9.219174899164866988e-02,-1.061748820332758005e-02,1.729828583690785904e-01,-1.799493079045642319e-01,-8.889400687041332239e-02,-1.994784510696080981e-01,-2.217968820838119373e-02,-6.518378771667174276e-02,8.160012480599913853e-02,-2.405734436655571906e-01,-2.132697625156188270e-01,-5.867355858979206307e-02,-9.745871467926766479e-03,-1.299547024332114130e-02,1.779700715005262668e-01,-1.151399081507595429e-01,1.708369924904529491e-01,-1.651712235430574660e-01,1.331510822476497380e-01,1.192302814425539870e-01,-6.360874647478019853e-03,-3.009176797210993525e-03,2.062899127917637854e-01,8.203513254388609954e-02,-7.993826328784009450e-02,5.459346862150457613e-02,9.588787746795644773e-02,-8.918379146404063762e-02,1.318189468197666914e-01,-1.577096532272335150e-01,-1.094906675046226074e-01,8.792684013301133028e-03,1.144173198152003412e-01,1.759419740623465178e-01,-1.207437537624217322e-01
-4.847148350411813883e-02,9.702984672669022481e-02,-1.582818960151137488e-01,1.774969558253177704e-01,-1.446474293068077122e-01,1.089971368953676356e-01,5.410618579083920077e-02,-2.085262359418995348e-01,-2.064604701762431105e-01,7.713806066530358441e-02,-1.227579393308694117e-01,7.825062379260352974e-03,-9.694237391338064724e-02,1.754344998185760063e-01,1.799319467434601638e-01,4.245460103938164878e-03,6.702515401455697280e-04,-7.705815129325739588e-02,1.656173947897392196e-01,-4.037560903382631655e-02,4.828356315500095808e-02,1.698969510644676717e-01,1.235060001754573339e-01,9.762009430423594647e-02,-1.266277903236257552e-01,-7.137715587570941933e-02,8.414718492314673948e-02,2.660042734909827731e-05,8.701276523220623227e-02,-4.539650026271218469e-02,1.300714654010171889e-01,1.151327916800045786e-01,1.477429627629008313e-01,7.605104103240253877e-02,-1.283050852656272556e-01,4.859502462970780728e-02,1.594747548575971285e-01,1.911085852166989063e-01,1.225137201524488240e-01,1.729783655548295940e-01,-5.649495671720540513e-02,-8.766334846478265885e-02,-1.288490824612168184e-01,8.286109255391918560e-02,-2.145748954984837836e-02,-1.629168854523576071e-01,5.034463037794519036e-02,1.541353632627109616e-01,1.791534331258522739e-01,1.035721400444256785e-01,3.560011187396802668e-02,1.371436007137698254e-01,1.507580571248332835e-01,1.900477010161284730e-01,1.265443643078575653e-01,4.285552032114364057e-02,1.465276629369696992e-01,-6.159235379180548475e-02,4.938576162065193287e-02,1.217353279427331632e-02,7.367532336379387092e-02,3.274943787554022295e-02,5.154164109621764411e-02,1.729991348662728301e-01
1.400612156378405748e-01,-1.865154207567093492e-01,-1.348359348775024155e-02,4.182949842041001204e-02,-9.535678799285768337e-02,-1.942470574749051437e-01,1.620629575863617722e-02,-9.104789346742253597e-02,1.556765861535158724e-02,4.393776568552015815e-02,1.572095768876016486e-01,1.692662468899336914e-01,3.860640528566408602e-02,-5.859933297556836618e-02,-1.342651526281985475e-01,1.126952674240636471e-01,-1.596035632417908412e-01,-2.132769740864380939e-02,1.951774281111489373e-01,1.614097310515293093e-01,-9.502702612909373625e-02,-1.700311247261531156e-01,-1.540853790627695064e-01,1.460081490225096923e-01,-1.673123444425750339e-01,-9.370073499757045066e-02,1.219893943075953391e-01,3.700915016154926462e-02,1.935035175079639347e-01,-8.201824640956557888e-02,-2.491562035764133959e-03,-1.818169658641251296e-01,1.718970718701594846e-01,-1.339244115110981570e-01,-1.474600330817794624e-01,-1.656596496485196468e-01,-1.056396871308992597e-01,-1.987816672087917846e-01,-1.394396713333095339e-01,-7.214977986864173909e-02,1.365769637584496599e-01,-2.014390724117097742e-01,4.403259711002992238e-02,2.127788662865214564e-01,1.334093520046066295e-01,2.893875235059985545e-03,-2.020351984904462384e-01,1.043169771974422205e-01,-3.452752252736786959e-02,1.740537473718474226e-01,8.281374442179335882e-02,1.219709375721404615e-01,1.022615773354311197e-01,1.843920474787278663e-01,1.669994203250819709e-01,1.991887518779879573e-01,-8.672721086434911908e-02,1.196003855562537410e-01,5.433955625328686090e-02,3.724241694141356557e-02,1.151176677914181462e-01,-1.719956268894419216e-01,1.382630399288008738e-01,-6.135111341351977450e-03
1.849753074246873463e-01,-1.112598284252449277e-01,-1.603826538241333310e-01,-5.062653124082885925e-02,1.560474735301948558e-02,-1.717961191429600853e-01,1.469772063668021433e-01,1.262910015591833524e-01,-1.210527875120975955e-01,-1.508599816352375889e-01,-1.054064152977115809e-01,1.846310291337693033e-01,-9.474301372829123380e-02,-9.144490435759999869e-02,6.831162200448753774e-02,5.626585681461308830e-02,1.936341830774715445e-01,1.755961512948583242e-03,9.846056328254208789e-02,4.997484207775883258e-03,-1.378565637658330789e-01,-1.395152319579860967e-01,-1.154519658946432797e-01,-6.127187072164461817e-02,8.793373672914600592e-02,2.037757795891669277e-01,-2.434150969164545694e-02,3.220845628123789051e-02,1.278412628635139381e-01,-7.808186085979280933e-02,-8.551644068621815087e-02,-1.037364049152539325e-01,1.175338762486933392e-02,3.128676580594691448e-02,-2.079929806784169832e-01,-1.588639134677565234e-01,-1.412007712089662914e-01,5.127039146817150700e-02,1.566325158375991844e-01,-2.092199273826649691e-02,-1.257989848711689451e-01,-5.939459262026365594e-02,-9.120656200414012371e-02,2.322840461737364637e-02,-2.049156028189389467e-01,4.946324318207511589e-02,-6.746484275513803253e-03,-3.327567224336897694e-02,1.771525485228529762e-01,-1.511325411449784273e-01,3.177995104443902957e-02,-1.580165234619953785e-01,1.074628408563725601e-01,1.138723108630207981e-01,1.403711844540266318e-01,1.902909664669377166e-01,-9.929093515551840055e-02,9.109484013020102688e-02,-1.731851299607197470e-01,1.016715059679760280e-01,1.610691198389851975e-02,1.239500084026338295e-01,-3.129247963992561749e-02,4.869018556156778921e-02
1.125195292594663443e-01,1.648047922519973174e-01,-1.665007476825561272e-01,5.751255898293178986e-02,5.893609676762082139e-02,8.341457151684943073e-04,3.262742074415055180e-03,1.832791564215179581e-01,1.063102777246902747e-01,-4.621346185422015029e-02,2.138989017812350513e-01,-1.053721874945897641e-01,3.720672568633669186e-02,2.005802900532722977e-01,6.771923592168939410e-02,-1.334399799527971053e-01,5.317672539528882358e-02,3.321700349291279624e-04,-9.963226997935765647e-03,5.693997406065610944e-02,-1.828733454618725607e-01,2.077662428615828782e-01,-2.446817052170079804e-02,-4.563158128764178978e-02,-5.864138196495023020e-02,5.975741961291172223e-03,-8.596321311427375378e-02,1.861789623426771956e-01,1.551070233087231409e-01,-1.158809353526727981e-01,5.059279125915996239e-02,-2.175797366703647595e-01,-2.240538227211923139e-03,-1.671189185046940417e-01,9.697876810344514820e-02,9.174419663412662629e-02,-9.706503551246513373e-02,1.010717782698645067e-01,-1.441048255187138694e-01,-1.777135947797858495e-01,2.415228193068166829e-02,-1.071353972919982384e-01,-5.719093855767119067e-02,1.795801294499206960e-02,-1.274901242240192578e-01,-1.927481117000146293e-01,-6.733713774003641239e-02,-2.156911192387802323e-01,1.232833824580480409e-01,-1.898193950767988747e-01,1.506575026663532768e-02,1.116014939032722725e-01,1.574446499051211645e-01,6.298412567887627656e-02,-8.648769235595704652e-02,9.346575189160821751e-02,-4.986694451156000601e-02,-7.825483551473667865e-02,1.224648365274192373e-02,-4.192292465082315955e-02,-3.477906998559315323e-03,-2.066751542904477212e-01,1.171593980876166341e-01,8.976963680085024710e-02
-2.114810625609372108e-01,4.990929544167373860e-02,-1.693720902405081996e-01,-1.945103303864129107e-02,8.102316296846850951e-03,-4.794899909987574566e-02,5.285053332248602215e-02,-2.205920611543746301e-01,-2.121199537674838820e-01,1.603417000000855255e-02,-5.457521326683733437e-02,1.476113039462315611e-02,-1.237584035916894643e-01,-1.533315833942747175e-01,1.069243780990734999e-01,-9.321577289942638289e-02,-4.058014701417624048e-02,-1.542663690725866177e-01,-2.218348308765117627e-01,-1.027527628551606204e-01,4.818044178788998856e-03,-3.236256058162836902e-02,1.841277886208715353e-01,-1.335236548141770230e-01,2.034149088633769586e-01,2.543887134173310194e-02,-6.759182060819661497e-02,2.086096769518203664e-01,1.080716761296185713e-01,-1.102484585320724630e-01,-1.545591279576707111e-01,-1.283883983935633633e-01,-1.393466960306678215e-01,-2.025894114003998821e-03,1.416975959662176293e-02,1.140010956843345441e-01,-1.287734809721570103e-02,-1.777529741013587905e-01,-1.494842511055766432e-01,1.523105553182463878e-01,1.179528385105036437e-01,-5.866502753981155810e-02,1.663421123452978323e-01,1.684870105382797745e-01,-4.010453410330232921e-02,8.914320156366034587e-03,-1.728716218578878749e-01,-1.238478929867018741e-01,-1.488565402130909709e-01,2.037794761244868247e-03,1.358419964157536186e-01,1.832554114146445201e-01,-1.029161531368576465e-01,-1.045937063876040962e-01,-1.608183630826748867e-01,-1.533116927463065438e-01,2.155108056570315678e-01,-1.393271249014381707e-01,-1.269443350126261971e-01,-5.934792460261632124e-02,7.514471366840089206e-02,-1.879536467023449342e-01,3.592413492083411375e-02,1.145988670570946277e-01
