4.928798196712062818e-02,-2.292041365259406827e-01,-1.942417332393238036e-02,7.611049559129189068e-02,1.879598536985292723e-01,-9.085842461718653118e-02,-1.573595413440608271e-01,-2.384440317265882486e-02,1.984503309035385021e-01,-1.044716914965840293e-01,-2.051232299272916781e-01,4.392916092175652015e-02,6.559903827940131993e-02,1.347262915035088715e-01,-9.547636161323631854e-02,1.767786117006047153e-01,1.275384527553495295e-01,-5.564687565941477121e-02,3.756091858588758714e-02,1.564113815487118420e-01,-1.167667713861565981e-01,-4.508235697593953456e-02,8.186839543826961163e-02,-4.158068017290975082e-02,1.061189494844090586e-01,-7.763409654361118351e-02,-1.419626783419592198e-01,1.871893599789104523e-01,7.908222228922165420e-02,1.432540364524180765e-01,-2.323934892839333785e-02,2.052552119957392895e-01,3.310633363985868854e-02,1.661270671568085000e-01,-2.453415107078867063e-03,-1.831676382478223397e-01,2.295350973943578732e-02,-6.733748663782382349e-02,-2.207626380239008715e-02,-1.484940903228631481e-01,-6.433730905488933838e-02,2.035367371647589241e-01,1.410897590123664225e-01,-5.771651323227029035e-02,-1.912335988254151853e-02,-3.523991573429599566e-02,2.112426733432522519e-01,-6.129357053071858574e-02,-8.551052444012688381e-02,-1.014111637609880212e-01,1.242995348799327132e-01,2.167333366530226346e-01,4.197760524205387811e-02,1.068368398828851568e-01,-6.595163910412402131e-02,7.202149397143312037e-02,1.855615111312430843e-01,-2.302767197467635030e-01,-1.662379128084439661e-01,1.000212535861107893e-01,1.084569630206441287e-01,-1.127614779014411289e-01,1.893332118260922514e-01,1.642991844686323144e-01
5.795515956453078238e-02,-7.112741656261717393e-02,-2.010463628453633134e-01,-1.917123655225788648e-02,2.134336001412765194e-01,-6.032060335052733500e-03,-2.262202764993339558e-03,1.225569928413550586e-01,7.585690993264229513e-03,-1.621975370060633748e-01,6.079911792944454885e-02,-1.093326386940208089e-01,-1.233299246401263621e-01,1.804572315624132506e-02,-1.481644517688422424e-01,5.760771973175773247e-02,9.093184521980451906e-02,-8.561612585844835532e-02,1.613099387817748184e-02,-3.630781300106324799e-02,-7.030572046794907048e-02,1.015615887975635234e-01,6.736944312100671961e-02,1.276275203626781873e-01,2.734292243944547521e-02,-1.642979093719056927e-01,-9.156520561875883951e-03,1.704018452569971628e-02,3.907516608836290178e-02,-1.529417121236796295e-01,2.119348892222464864e-01,6.602336865586976022e-02,1.493434883575259220e-01,1.302999203761250578e-02,-9.516354367358273447e-03,8.632311761791257310e-02,1.779791007713594775e-01,-2.354953829638802842e-01,7.806290824084551050e-02,7.622417403213915810e-02,-1.110712003485634647e-01,-1.017170363370681618e-01,-1.264779291916175441e-01,1.249024397512096124e-01,-5.234326172998350103e-03,2.117672160835901984e-01,-5.659293127327560263e-02,-1.511726395377792909e-01,-1.349633126796518645e-01,1.187014498437699017e-01,8.364802520436996625e-02,3.507596837791460836e-02,1.913384737416238823e-01,1.056658906825638927e-01,-6.608402619234415853e-02,1.194363348355945292e-01,-1.842969675760348647e-01,-1.880859860553367735e-01,1.754431724879118026e-01,-1.209752307159543822e-01,-1.440800355364104356e-02,1.325771173086606469e-01,-1.820473020642260631e-01,3.884562912122628553e-02
4.173609412598824897e-02,1.466025347802698553e-01,-4.688192721908390065e-02,-2.339764861357466197e-01,-1.631989860818747196e-01,-5.434504752989696014e-02,-1.203940664069191452e-01,3.125653494095907009e-02,2.040943570488007452e-02,-1.321964726279810098e-01,-1.068150983235965565e-02,-1.788760923914252399e-01,1.165175904163387177e-01,-1.165702507102403113e-01,7.733855664041213059e-03,-1.056441321474693301e-01,7.065172232764821425e-02,9.965282973087885576e-02,1.302305477235289333e-01,-9.943497269246009962e-02,2.433175881548195196e-01,-2.242194186907975340e-01,2.089365863590424421e-01,-1.267450576392740169e-01,2.799306042524490334e-01,-1.306960910880992366e-01,3.664635670783823306e-03,3.994594575350780136e-02,1.778161593318621225e-01,5.056740443150849890e-02,1.074891128519910449e-01,-8.504435432276366558e-02,1.346032904533588093e-01,9.249386207064434762e-02,1.814212158286861720e-01,2.070522856339525875e-01,6.623980396454032249e-02,8.077663742482597831e-02,9.645306385857570219e-02,1.161810323725148975e-01,-1.362342964426311309e-01,-5.663991591621187621e-02,-9.630920977344904765e-02,-1.246908813797641402e-01,-1.696304898713635601e-01,-4.739406396212291622e-02,8.623594152152055936e-02,-7.580769468720092996e-02,-4.515100328713764211e-02,1.889660536478497133e-01,1.119343893696122666e-01,-2.252186982736252840e-01,1.266090295712688496e-01,-1.563800806678329047e-01,-1.662951389020045634e-01,1.300412773265924582e-01,2.301262512264631854e-01,1.068333411594869775e-01,2.229130450432690591e-01,-1.364071086353526030e-01,-6.022598867584916249e-02,-2.094412521169891975e-02,-2.022362458560830745e-01,-1.937963979863524255e-01
-2.434801422653488229e-02,1.471098593282687550e-01,-1.304345841384971783e-01,-4.861630687181543731e-02,1.523836445252766958e-01,-6.478717753096017995e-02,-1.415504409889852544e-01,-8.328241761582417038e-03,-2.003761086424810378e-01,8.747900894686133633e-02,8.172450784397945756e-02,5.160359037860298877e-03,-5.900497245815405911e-02,4.015902688373896440e-02,1.569711258690250355e-01,-1.080785956787915364e-01,-1.391634385690298514e-01,7.405854010308553399e-03,-1.100993961554133094e-01,-1.188002914268728588e-01,5.181885057932097971e-02,-6.441211505228630618e-02,1.908902850023772579e-01,1.878341157332617528e-01,-7.897417109942123092e-02,1.563589611504192511e-01,-9.232811958392025953e-02,-8.411918228786985363e-02,-9.131518093836658856e-02,9.012020785676966295e-02,1.840041071195103461e-01,-2.142281176471267645e-01,-1.063312095695073678e-01,-2.206344119130433934e-01,1.252713206640417853e-01,2.151471893821280679e-01,-1.425852261832266099e-01,-3.153551677923011227e-03,5.488405264989199700e-02,-1.276466316421135949e-01,-1.309747130898513967e-01,-5.459692256756831091e-02,-1.667809193171424231e-01,-4.541265428460836834e-02,-7.391357955893129716e-02,1.047848306354029480e-01,1.617471236610645846e-01,1.756225785255994404e-02,-3.386783222272825560e-03,1.719407157764744065e-01,3.236086172288786533e-02,-1.327947560586651421e-01,-1.009538682863170694e-01,3.339195939371803618e-02,2.012887563422320059e-01,4.056050508221001327e-02,-6.205879052839377921e-03,-2.236446715850768929e-01,1.462553157580289420e-01,1.421767636352033737e-01,6.934787597178919405e-02,-1.819320929305364987e-01,-1.200608366009686123e-01,-3.725098976530857951e-03
1.481145308082096601e-01,4.965541517101829810e-02,8.420578402503965665e-03,2.117172811282308775e-01,8.236705903493540815e-02,-1.967764514064699599e-01,1.397323561959194493e-01,9.323966221068429039e-02,-2.485284350879810589e-01,-2.572399516089217686e-01,3.087812446771482852e-02,1.323806319472638771e-01,1.923577057556363490e-01,1.525900273844910671e-01,1.598481575417390332e-01,1.985687981243494382e-01,2.268813871048532549e-01,-1.384856007337495754e-01,-1.490492983566490612e-02,1.244868077441138310e-01,2.090998344405494980e-01,-1.972825462917875833e-02,-7.789349925117236562e-02,3.979453252441655697e-05,-1.803701940608390397e-01,-2.093830472140606747e-01,1.187651939583187766e-01,1.974767551633215268e-01,-1.979559309023085911e-01,3.050138432465693272e-02,-5.546310049595581937e-02,6.055519166192530750e-02,-1.380265507132862404e-02,1.109265227970940987e-01,1.827459262533900897e-01,-1.261514083048322910e-01,-1.562862633498282583e-01,-2.544219828945982753e-01,-4.585004783031570996e-02,1.336477081786834886e-01,-1.517932251545451583e-01,-1.031378283565010656e-01,-2.001552085340893572e-01,-1.442138923286886698e-01,5.959140947499620006e-02,-5.337346690491781565e-02,-6.842312710778739385e-03,3.404418802712834424e-02,1.650272456646984798e-01,2.191947068856011926e-01,-1.244315583806755582e-01,2.216827372141954855e-01,8.243701729660708744e-02,-1.899228571956150247e-01,1.616295401750165311e-02,-9.271696043295889200e-02,-2.391330302794159313e-01,7.249128843906299524e-02,1.278922809292925011e-01,-8.778114630204798818e-02,-1.092175621487501969e-01,1.365141224142025211e-01,-1.361587667553055547e-01,-5.445486109154197563e-02
-1.500746822282265081e-01,9.525692088236917265e-02,1.624331754141413731e-01,1.159219296690932599e-01,1.193394779575353420e-01,1.235923662275421192e-01,-1.646348750918385784e-01,1.084724563481295062e-01,9.079982479792296501e-02,7.199352497572726606e-02,1.425377972883890010e-01,9.373503857364549885e-02,2.034386946551940412e-01,-4.397595066771839423e-02,1.617340475508979580e-01,1.363763923807891909e-01,1.292193358049029406e-01,-9.273203770297551440e-02,9.497479733011926495e-02,-1.337074351690634502e-02,-1.437596504496996552e-01,-7.224537311267577311e-02,-7.166837760561350912e-02,-2.239186838814299363e-01,-2.772051316429640089e-01,-7.717131088747693213e-02,-6.088309043134829124e-03,4.398647754462142040e-02,1.707171747088950808e-01,-3.793127198859994054e-02,1.185057829397443974e-01,-2.674231991877819986e-02,-2.019506061054810730e-01,-1.347850253136816390e-01,-1.366524333699012383e-01,-1.006527620664435241e-01,5.316245827110939459e-02,1.106847936920782316e-01,-4.797366011551133791e-02,-1.300099552642524359e-01,-8.008387808006352249e-02,-3.615326196809578313e-02,-1.265983171305924970e-01,-2.347629094420411455e-02,-1.653149556049938740e-01,1.691612958605310246e-01,-1.857241242842202766e-01,-1.654525592445537652e-01,4.934532818417883271e-02,2.383689882864214460e-01,1.311808812701762972e-01,-6.488750210914942529e-02,1.792824666411380885e-01,-2.151835405821726499e-01,-2.783208348385973405e-02,1.575706747662123652e-01,-3.157848397048962918e-01,-6.382775300311815947e-02,-1.839652741303488270e-01,1.396042466591667086e-01,9.102601753418429475e-02,-2.262521330072076176e-01,-7.875474347480748705e-02,1.375885904282711514e-01
-7.427942638930067065e-02,-9.992415341828618514e-02,5.151176132554706466e-02,-2.600617028930090474e-02,3.097743880940034486e-02,1.628087929828924418e-01,-7.207828010157024679e-02,-1.347837186044876200e-02,-1.108017406830070078e-01,1.850985264106416173e-01,1.375030013692340458e-01,2.182245001245427252e-01,-4.001228309964439955e-02,-1.898157001718752124e-01,1.288539721155759210e-01,4.055950617740443354e-02,2.412201550056693455e-01,-2.083628099476454443e-01,-3.296190702389585787e-03,1.456107376959629718e-02,-7.211419633233917548e-02,-5.476829946264126503e-02,2.114650611368203703e-01,-1.840346670347125513e-01,7.910840400029822694e-02,-1.197739672807032613e-01,-5.783767522394825389e-02,-1.746868710154379223e-01,1.166412631905448666e-01,-2.089256420406556541e-02,1.284003544889056880e-01,-1.394688060394529971e-01,9.802216775255990361e-03,1.435757344183679896e-01,-7.466250041169079921e-02,2.211892216819247581e-01,1.269197441660650238e-01,2.032460452101520487e-01,-1.054351495553854934e-01,1.955117452743800055e-01,-4.931525785719512861e-02,-5.491867502152214010e-03,7.278310753575407965e-02,-1.270067007527707625e-01,-1.445225122918573080e-01,1.577751833757059519e-01,2.119916562471029498e-01,5.279814933599352028e-02,1.852075969393592592e-01,1.880312393253613101e-01,8.528456033250038371e-02,-1.354931033365873450e-01,-2.108307534851081022e-01,1.689925881429874726e-03,-1.266397027300318959e-02,5.906899325976525117e-02,-2.916473627509907560e-02,-1.838108080491925034e-01,-1.477157749341206638e-01,-7.810221175558917928e-02,-1.376286674552885947e-01,-1.607719032445267260e-01,-8.343170895689198951e-02,2.166033885284730509e-01
-1.472158425345268355e-02,1.165508010865752564e-01,-1.357934891924967580e-01,9.419458711450785782e-02,1.127796265067952941e-01,-5.453892951462595978e-02,-1.769888663879288782e-01,1.129765274900072503e-01,4.214260828326256425e-02,8.671036828243290639e-02,-2.203178563482997010e-01,1.676781183510500095e-01,8.471754016162383327e-02,-6.294469490852082350e-02,-1.599325857233599713e-01,-1.397713164071416880e-01,9.844306217900911093e-02,-1.379608609729268132e-01,2.475057401579451311e-01,7.545796157005152383e-02,3.111593152689099209e-02,-1.364747792254962511e-01,9.725882735500719634e-02,1.058269885759121343e-01,-1.396881311693911332e-01,-2.064474887319768179e-02,1.206341774687067631e-01,7.203068213625551941e-02,-1.158699216809871632e-02,8.949555022386432301e-02,5.038614590523873837e-02,1.979771307962688021e-01,-2.059667107925119700e-01,-1.191515663457489993e-01,2.696894021300800040e-02,2.115603451478654529e-01,4.614957136818091665e-02,1.359746034597177598e-02,6.288542972438468381e-02,1.154413029110038652e-01,1.735980186474699871e-01,-1.220434706340739334e-01,-1.911875170353918851e-01,-1.545305572681257289e-01,4.997750919452331048e-02,9.752706377536807247e-02,-4.392479714394339346e-02,4.152659274062851791e-02,1.004263345929300999e-01,1.541191344944070618e-01,-7.808872845570401233e-02,-3.399663626564092961e-02,5.755476013519571221e-02,1.475226092743136819e-01,1.791351786423797665e-01,-7.215376441497045601e-02,-1.376453999586899346e-01,-1.565075491198638646e-01,-8.904232287596153261e-02,-1.157996501115766547e-01,-1.471633264685421882e-01,-1.679763004139607843e-02,-2.026552353283558594e-01,7.438694166645512529e-02
1.498183412272326709e-01,1.918770947144818884e-01,1.006271973733294245e-01,1.870156019890165111e-01,-1.727607460208945289e-01,2.131177416410179673e-02,5.529769638883511723e-02,9.362704706474582472e-02,-1.031223392245193826e-01,2.125394214838749463e-01,1.261176904937725933e-02,3.943400465112067294e-02,3.087694363541700765e-02,-3.297170540432376590e-02,1.714429604556504672e-01,1.937893017541000573e-01,1.072474226474261494e-01,-1.225619434212914943e-01,4.974107325660640649e-02,1.559860861306461115e-02,-1.815410132077980299e-01,5.219006073479996732e-02,2.086383475604043913e-01,1.035157457203695758e-01,7.712667623277769113e-02,-1.948524942242279567e-01,-1.984254223364545766e-01,-8.859479949550154443e-02,-7.337028111770947658e-02,2.107702187316957410e-01,-1.509575402777690034e-01,1.686955550741398302e-01,1.933906041237220819e-01,1.791111913908512709e-01,-1.553189336288769151e-01,-2.074347448830961838e-01,1.113320844798361825e-01,-1.151712410485567079e-01,1.164757219890571321e-01,1.454280956418860793e-01,4.089396350569180633e-02,-1.441177996433503326e-02,-1.299436488607135232e-01,1.826739052720470213e-01,-1.237231930089528614e-01,4.222424229512778369e-03,-9.172127663495831598e-03,-2.016256869175226951e-01,-1.716774714558343407e-01,-8.437691702714096575e-02,-1.323493501894517088e-01,-2.009291046524450397e-01,1.571761129185353933e-01,1.099573939283784857e-01,4.671630295513490294e-02,2.216915198473883297e-01,1.070702730667727059e-01,1.111991247766495050e-01,-9.510149704724979447e-02,1.124464545934528714e-01,-1.134973149705756634e-01,-4.901677949611017715e-02,-7.664751985162979175e-02,-6.817557606783054835e-02
5.999444707778503472e-02,-1.238269477938658131e-01,-1.308710308121265042e-01,-1.533897351099779149e-01,1.254287039325328312e-01,1.028520709169791353e-01,1.564421727371716753e-01,1.803608717270608133e-02,8.155243615369753285e-02,-1.352889773046432043e-01,-2.908161400258634788e-01,-1.219046511660375337e-01,3.329387689596375460e-02,-6.133789556016775585e-02,2.664298093454191621e-02,1.238675940946303983e-01,8.189664969671616584e-03,1.506432370924918052e-01,-2.224002670064911813e-01,1.179713166043425687e-01,1.412156307772346742e-01,-1.999117500478347353e-01,3.524727141556504434e-02,2.293015205448329097e-01,5.667690247740692078e-02,-7.780968288689349421e-02,-2.198431590646190148e-01,1.938264311288016295e-01,4.853316693841544516e-02,4.934092606609993825e-02,1.485333027428696606e-01,9.095240521502842568e-02,-1.886995393182032688e-01,-1.602019336732382615e-01,1.620659191347662842e-01,-1.064196501478443108e-01,-1.733769382198729891e-01,-1.437987693730820860e-01,7.909127739703063209e-02,1.598374161900511237e-01,1.088495277158040009e-01,-4.926910601768563075e-02,-2.456965036936867575e-01,-1.396106363768473968e-01,-8.308748115244342369e-02,-2.083076039688527559e-01,-2.179189809378870857e-01,2.069941444882685867e-03,1.747697000688242797e-01,1.468650807738791086e-01,-1.554383641498689461e-01,1.458756152805326667e-01,-1.833864206729987067e-01,2.504994680116786054e-01,8.588243543891897758e-02,1.835864005788238607e-01,-1.973986024234529457e-01,5.969732811144790041e-02,1.916365595577344261e-01,3.775744698590177695e-02,1.028381071263591712e-01,7.240126773567288898e-02,-3.693286693828888578e-02,-3.094481832664605983e-02
1.082299597267659536e-01,1.349413816992107717e-01,-9.679247161926216036e-02,1.986258024573781533e-01,5.259714869983150853e-02,4.326233178056403811e-02,-2.614068917824555194e-02,3.314809834239467595e-02,-1.007904280853795520e-01,3.407018850252526571e-02,-2.197159953670912436e-01,-1.333594320138491440e-01,5.299549233024914222e-03,7.396966458235344766e-02,-6.104445917678986977e-02,-1.760024738518689291e-01,-1.610028533692827168e-01,1.543393730633135230e-01,2.452595364941138889e-01,-1.387900081941358388e-01,-1.254850786258737347e-02,1.907693640474033003e-01,1.152852235680120775e-02,-1.490780058541577580e-01,1.349364409845876522e-01,5.096269201406953241e-03,7.669551856506973131e-02,1.098786773445568493e-01,2.290882601073215841e-01,9.703157959950627076e-02,9.329965390610593656e-02,-5.629644604871390789e-02,3.143406748932961459e-02,9.493836903631045279e-03,2.707245754108854319e-02,-1.720210559144051410e-01,7.423852272726494395e-02,1.767834379772210140e-01,3.756568555401597342e-02,2.823564879591721703e-03,-1.082946114426178719e-01,1.416809072713982876e-01,5.626638014580034181e-02,-1.849288112499337666e-01,-5.938128639250785795e-02,7.140135332098321297e-02,-1.536490646833119367e-01,-2.187534014747096189e-01,1.231634635742242800e-01,8.306778250022400778e-02,-1.525010088813266995e-01,2.821953810526297776e-02,-1.356920576879754037e-01,-5.009833863115103689e-03,1.411479516587340055e-01,-5.173728176582344934e-02,2.933775552192018354e-01,5.024292571743688152e-02,-7.115777040191553771e-02,4.016157088422037114e-02,6.908902104937024446e-02,-9.866099023070590279e-02,1.605877580727619117e-02,-8.154990704017542336e-02
-2.065663177470906942e-01,1.612535808755760913e-01,2.028397426305962592e-02,8.185927404525004947e-02,1.972938946822430928e-01,6.539809405761516647e-02,-1.715513302697879716e-01,4.250270203477673515e-03,1.210783832196291737e-01,-1.823153962653720483e-01,1.341435352656457636e-01,-2.706363269574498798e-01,3.777710748689015741e-02,6.269832385844961720e-02,5.223415007388906850e-02,9.915432508195763314e-03,1.236646908724258753e-01,1.510428792359186090e-01,-1.058092095191815463e-01,2.284923216527056655e-01,-1.313669073473069937e-01,6.286550180448516323e-02,-1.214993583574956564e-02,-1.131281410099667373e-01,-4.943417423343544198e-02,7.462207594406487787e-02,-4.065369509551983174e-02,2.060472896197937942e-01,-7.148207599279234048e-02,-2.051258846428342386e-01,1.878927964608571866e-01,-1.384320488993761589e-01,4.134096435831415700e-02,2.226262404731055855e-01,-1.683202354692658886e-03,2.046282492574546530e-01,-2.160570837614070594e-01,7.089546671965843427e-02,-1.609332051009247366e-01,1.758034195455002446e-01,-4.788778334491695932e-02,2.022675216770931372e-01,-1.493517281900802463e-01,2.005024194814226599e-02,-1.382523171266893669e-01,-9.179005804062162835e-03,3.437480794278367086e-02,1.058698917945128867e-02,8.498182004235980969e-02,-2.451415894241714202e-02,9.097851725749657448e-02,-5.997312951330000669e-02,1.438891639268459477e-01,-6.891932948580903329e-02,-7.323292991290257514e-02,-1.030381977897386614e-01,-5.741377647141850810e-02,-6.980012665011931655e-03,1.049587513105260106e-01,-1.096830719342968413e-01,-5.376286260995345040e-02,-5.152769506677591649e-02,-2.893430809882146029e-02,1.024012801444341980e-01
2.361964994003926122e-01,2.188935646766117238e-01,8.758433339851487420e-02,-9.282421186089660770e-02,7.449912313076419157e-02,1.625106316236220871e-01,9.582420403070286696e-02,1.060658260400434427e-01,2.152055578626233534e-01,1.205126430422609890e-01,-2.057235409187631314e-01,2.078674018607673257e-01,-2.395452265456787522e-01,-9.862989447124866083e-02,-5.741441236596302178e-02,-1.332264422811726690e-01,-7.410746379582149046e-02,1.861358962145924223e-01,-8.933099378560405146e-02,-2.287102593967575703e-01,-2.951947235105278552e-02,-1.574743731109242706e-01,-1.974538290429892016e-03,-1.718431828546755913e-01,-1.095359309869361752e-01,1.937521061940588873e-01,1.688795251233629335e-01,1.876325101076626589e-01,-4.944403016110560101e-02,2.441432287497006803e-01,6.701420861782822480e-02,-4.026978490970521685e-02,1.670953047364539812e-01,5.000485504949091220e-02,-1.375070242908915663e-01,-1.953329256007215187e-01,-1.646687131815718352e-01,-6.478998133061554532e-02,1.250094204176357138e-01,4.004047663059134149e-02,1.241222967842001840e-01,-1.885241364322363111e-01,1.416693227254157972e-01,-1.130257852379564498e-01,7.067434913226204596e-02,-1.065619166532035533e-01,-5.002015368218942076e-02,-1.568120572873510643e-01,1.825420692979007609e-01,-1.778467743248649535e-01,1.600620682628547953e-02,-1.987838056899600137e-01,1.412245798282623643e-01,7.265573153828930320e-02,-5.663025017369534980e-02,1.804620288060902397e-02,-2.739884349378208725e-02,1.343330426188029392e-01,2.004503544707403051e-01,-5.525036174889038504e-02,9.094780449913353326e-02,-1.138164040510497022e-01,-4.717379139347561978e-02,-1.091844251939006749e-01
5.957364123316775256e-02,1.923765672540410088e-01,-1.708549734357923955e-01,-2.019746338422373222e-01,1.177334701502710662e-01,-1.443264226065506250e-01,-6.235295824704805562e-02,2.069690109868697891e-02,-1.481607579731487878e-02,1.528465768698133442e-01,1.069280137062518649e-01,-7.683742606598409353e-02,-2.358883468585870891e-01,-6.793720039214010131e-02,2.719018421835558627e-02,3.784418766458064881e-02,1.563349753863881308e-01,-1.218107288207850025e-01,-3.520593866798904514e-02,1.241940764340569575e-01,7.451512648434450992e-02,-1.142011118688078392e-01,1.584857531256511909e-01,-1.396266987150636130e-01,2.020939777823396177e-01,-1.619884741001979822e-01,-4.583255896665505008e-02,2.458555931411460574e-02,8.323591393218766898e-02,2.020824964892900533e-01,2.082399747689519520e-01,-9.707396877711153838e-02,-2.126775870664768531e-01,4.485683496526290254e-02,4.661238917360240736e-02,1.194310014309446777e-01,-8.375716175864236779e-02,1.287682828890831521e-01,-5.520700489678868894e-02,-1.524256299029337347e-01,6.747691212391700166e-02,-8.677874895955492440e-02,2.207843282209265567e-01,-1.134551529636146500e-01,-4.478432053260598261e-02,-1.207573086784885646e-01,-5.991346229933208062e-02,1.302361194479464621e-02,4.119914169554603212e-02,1.437998198080567280e-01,1.075029620144939413e-01,-1.651026944596024615e-01,1.038334761396387529e-01,1.036290476046552445e-01,4.056757463929896480e-03,-2.984030300645870715e-02,1.464999818402017706e-01,2.528484004636615337e-02,8.509664462019986275e-02,-1.740038605437933122e-02,1.843920524768808966e-01,7.539104000699874131e-02,-8.780036834556360914e-02,1.621534077859128065e-01
-1.726142474226763646e-01,4.649571658234487315e-02,1.573316887402015640e-01,-6.590658683803804485e-02,-9.313848020962393892e-02,-2.220668871611865269e-01,-5.402997078077406007e-02,2.307477351656914699e-01,1.827022417099600227e-01,-2.623965327613514680e-03,6.774209333547390188e-02,3.220012318626903208e-02,1.641294947381665981e-01,-1.969755536030651233e-01,-5.598217540436564721e-02,-1.877230299138224201e-01,-6.731401555781929558e-02,1.467803200426497923e-01,-3.856082791036506002e-02,1.198643529657545531e-01,-4.694714916492799192e-03,1.403139371910467337e-01,-1.354240950249659403e-01,-2.151140996628740990e-02,1.000126939230472217e-01,1.567979362205699223e-01,-7.452154529681423445e-02,5.011955996776957384e-02,-3.313224655141010916e-02,1.592092433256704631e-01,-2.799562178309838913e-03,1.892069715538501062e-01,-1.271183603305393872e-01,-2.129065417231327806e-01,3.280420728105541694e-02,-1.938499786034079686e-01,-1.011007076432832302e-01,4.915311925201527876e-02,-1.594664345736263589e-01,8.265067571405529390e-02,-1.957829381243566397e-02,-1.265520934223311744e-01,1.009600770198400554e-01,-6.370472941816014700e-02,-1.776313399037690866e-01,-3.342986725002768805e-02,2.937726741145432665e-03,-2.356463270777204785e-02,-1.566313429483373321e-01,-1.606704979824594426e-01,2.479921882607957762e-01,1.727283889220786184e-02,2.500798472759889479e-02,-1.998970030409999987e-01,3.979481771115465742e-03,-1.662623709376911396e-01,2.944573254714415514e-02,-2.149447233110994282e-01,1.971534882052365933e-01,-5.697083098732787926e-03,-1.397631705754969617e-02,-1.060397416565247858e-01,-2.089455509663122323e-01,-1.842560574881802193e-01
3.210793732157976588e-02,-2.059830894010946933e-01,2.039356425250279381e-01,-2.027210589025671139e-01,2.090177569227461840e-01,1.854275082391463325e-01,-1.976929890927441869e-01,1.861982021091414512e-03,1.000421904645477367e-01,6.945177337441065836e-03,3.322763817371920947e-02,6.019982494561411379e-02,-1.911569891891122253e-01,1.188817528364056603e-01,-8.899900064592774357e-03,-1.623713782450306523e-02,-7.234383996209367562e-02,-1.305904184743278129e-01,-1.649731553958142805e-01,-1.246410457934383487e-01,1.176037731051679525e-01,1.530331091779967290e-01,-1.171682605288786178e-01,5.058789219206796806e-02,-1.845997081125552441e-01,1.522122988580830796e-02,1.909869513845669593e-03,-1.665293167975153560e-02,-9.849385377336145053e-02,-8.100047459087063306e-02,-1.477560971392043133e-04,-4.147767175689728858e-02,7.785879850037783975e-03,-8.506357148760071429e-02,-1.745366896301830117e-01,1.954635000056984540e-01,-5.633527628981550156e-02,2.304993999516192771e-01,-1.538820371973710112e-02,1.616982691231585445e-01,-2.201583067138164207e-01,2.053589807777727039e-01,1.087230802129060120e-01,1.839061015405511479e-01,3.558614779183138371e-02,1.099440307860138494e-01,1.503824566433638321e-01,1.874097447402208183e-01,1.218251121810594723e-01,9.967789151080967691e-02,-1.059209048235574269e-01,-3.226212217866774451e-02,-2.570300896845054139e-01,-1.162202458287402845e-01,1.495990315712817931e-01,-2.108861833888759363e-01,-5.937536653802169551e-02,-7.489821910052095466e-02,-7.160386243315315646e-02,-7.315737326714301381e-02,3.814366827209895311e-02,1.172721183514458393e-01,9.492181385233712521e-02,2.342702440977924849e-01
-3.650414273657708042e-02,-1.661106118269890242e-01,5.458640114009782190e-02,-1.177013599110614435e-02,-4.261601107870251204e-02,-1.064013825510266437e-01,-5.596624610038281045e-02,1.664512550140115621e-01,-1.889942315992867161e-01,7.320548061705729748e-02,1.086469752683087708e-01,1.048590563764379147e-01,-2.111254814667668511e-01,-2.056299964379557921e-01,-5.394101718333311341e-02,-8.849493216442029520e-02,7.598141164798911940e-02,7.659829719990719765e-02,1.748890519146367450e-01,-7.051406667417331464e-02,1.282687451076580665e-01,-2.974321325103227234e-02,-2.229630051285691195e-01,-2.789657262455382675e-02,1.457729950926186790e-01,-2.107529690359938868e-01,-1.720036023344110598e-01,-4.619527523691230146e-03,1.866773217741237445e-01,-1.964965987294790273e-01,3.345602689108252009e-02,4.658063130498266147e-02,-2.095373020512990292e-01,1.373544404035464128e-01,5.731864970773960233e-02,1.433865534491099783e-02,-2.021294650626559442e-02,-4.968879126100979315e-02,-1.344488039873088514e-01,-1.895421239748583953e-01,-8.200370314297969476e-02,-1.027393413537928818e-01,1.497430725373194438e-01,4.455866141168648292e-02,2.264837285221039387e-01,1.024425505572707784e-01,1.353256328656474994e-01,-1.758957460781539889e-02,-5.512620260555645135e-02,7.110372460975737663e-02,2.017022035316684836e-01,-1.149394075627330897e-01,-1.063226905449993626e-01,-2.056825844252071767e-01,-8.017949476293323441e-02,-1.986811676705501351e-01,8.792837560713979983e-02,1.908483910234697045e-01,5.899601266636331914e-02,4.513735513162205060e-03,4.142642494318502649e-02,-3.577905558503231831e-02,1.958238836463427612e-01,-1.239356653410355891e-01
-1.189395102897640999e-01,8.504747394305088581e-02,-4.979751303242780855e-03,-8.199876894670848904e-02,-2.594816843759183492e-02,7.370470366358732039e-02,-1.425480393577173953e-02,-1.458257171263004359e-01,1.021636818622838894e-01,-1.716340727564803215e-01,1.647480262957157493e-01,-1.656358154112466674e-01,-2.028475583771082724e-01,-1.861890982753029722e-02,-3.900572494977926769e-02,-1.645248103766248360e-01,-2.095907557530686804e-01,-4.601051603884617758e-02,9.458961439651551728e-02,-1.783497779457861587e-01,-1.287798135347076670e-02,2.938482938597727218e-02,1.970327077322346909e-01,-1.190569454143428213e-01,-1.906896959235427624e-01,-1.292768096678014178e-01,-3.046094441833478716e-02,9.107785774995671990e-02,1.480989544831070592e-01,-1.210926643345937442e-01,9.950993331194331326e-02,1.169492929055299252e-01,1.987646252136089919e-01,-1.527503194394478347e-01,-1.361173068870449032e-01,1.624959828154513564e-01,1.736884813538789041e-01,2.595804686126631372e-02,-1.471172633708014155e-01,-7.313518040621039273e-02,3.029809076098251633e-02,6.432227720393504655e-02,3.819621508125774917e-02,-1.297164423336275574e-01,1.143138609607497747e-01,1.009075989847449568e-02,1.591811881782207450e-01,-1.608791124766692227e-01,-8.382499285949424062e-02,-6.177601107875167058e-02,-2.145917504177199675e-01,-8.179191395572228684e-02,1.188608690573969978e-01,8.772172377302692170e-02,7.064295483620305904e-02,-6.291503190261872602e-02,1.168897264808175102e-01,1.287957608096976236e-01,-1.858015080288216714e-01,9.357028876084085012e-02,9.454078388730469129e-02,-1.812890974374802289e-01,-2.703996186212378680e-02,-1.765868702821566105e-01
1.566512416199390967e-01,1.009366843583283935e-01,-1.921954912459231668e-01,1.817783574482149112e-01,-1.190025228146237984e-01,4.354665832940311787e-02,1.831638098674345100e-02,-1.839149668612307109e-01,1.705966616513233114e-01,-1.353059252738163798e-01,6.676724263064962028e-02,2.525749992947889152e-03,-1.789918053199275050e-01,2.075630595633011777e-01,4.333840170733906983e-04,1.350699772474485971e-01,4.457526551342878840e-02,-8.011168184490558009e-02,-9.757579623844615802e-02,1.116123151494646110e-02,-2.343113492978325316e-02,-6.440977927443568285e-02,-1.588217585967839907e-01,1.407403593800645725e-01,-1.338267946569188238e-01,1.181785048004887345e-01,-1.367344244514345775e-01,-1.191893942551114777e-01,9.072717830603289901e-02,1.873416713866133676e-01,-9.004477443262796921e-02,1.126582152040007251e-01,-1.417459705867666342e-01,1.104920202737046664e-01,5.017553610795683072e-02,7.068809739394976699e-02,-3.221336746191990480e-02,1.939451044370506527e-01,-6.057692233897652703e-04,4.432080095667537828e-02,5.337965952934570907e-02,9.856386542552114660e-02,-6.153006526509829238e-02,-7.985612263382500797e-02,-1.547115132415630701e-01,4.003501219910546305e-02,-1.269273373418154938e-01,-1.742556134632462783e-01,-2.031295405358526374e-01,7.928255152359110769e-02,-1.131843106502414265e-01,7.495680828961291675e-02,-7.507681855147411640e-03,1.887508771188096957e-01,7.350824359560996502e-02,-1.604256967111739596e-01,-2.086365511110547799e-01,-8.810616380526209435e-02,-2.232435319171277299e-01,7.555641524582488999e-02,1.296459901208440180e-01,5.238298398556028024e-02,2.086651462929638989e-01,-2.558583400719460083e-02
1.312546821134236985e-01,-2.286592999079567756e-01,-1.105073438597271168e-01,-1.656080382488770708e-01,-2.675918120425311783e-02,1.738556590252930412e-01,1.381260515074120843e-01,1.996450820451155586e-02,-1.566371649048787229e-01,-2.195100983092864999e-01,4.677062336836577267e-02,9.835646587622148829e-02,6.783827803936955114e-02,1.817079695246326676e-01,1.045087967577794374e-01,-2.105989560763758817e-01,2.045093611950179191e-01,1.158825064348863315e-01,9.617683237375179717e-02,-1.213546967613362559e-01,-2.672096855434355142e-02,-2.808039492527044777e-03,-2.026635507171724859e-01,-1.378841535485251513e-01,-1.945440668959705632e-01,-1.556748262811885053e-01,4.364395397603702126e-02,1.136485601473977702e-01,-9.726821854901454567e-02,1.333999743592038101e-01,-1.962465757961993906e-01,-3.030524755004036092e-02,2.306719105177738524e-02,-1.234900749156736949e-01,1.056595914769598854e-01,6.440230855409696809e-02,-5.638848820502261050e-02,-2.056712272133511266e-01,1.535887546359402667e-01,-1.074528601287425417e-01,-8.982482163952411336e-02,3.302537058801242181e-02,2.743367327986783941e-02,1.932374427254348326e-01,6.596708304174667137e-02,-2.204454874029359787e-02,1.202698722443511789e-03,1.154471727827177663e-01,-2.033660552110695963e-01,-3.461394811241708808e-02,5.919038728489712381e-02,-8.092653760880577640e-02,1.100837283268134154e-01,-1.006047228322784481e-01,-1.932089677907360414e-01,-1.297161728544331261e-01,-9.456955599402809554e-02,6.065595787095712232e-02,1.111075677061860723e-01,5.759402910169265227e-02,-1.183747022476826088e-01,3.667152428429906741e-02,1.303011120721367377e-01,-2.005034194838320738e-01
-2.475147367245568789e-02,5.130357336633977611e-02,-1.585723095412455985e-01,1.124597392952961933e-01,8.631912712874580118e-02,1.124905284096270747e-01,-8.036013154955082283e-02,-1.105428199544710582e-01,-7.390690832748036954e-02,5.750332850800322221e-02,9.449380385838811180e-02,-2.544279131765438406e-01,-1.662271814859481514e-02,-3.946047557838790187e-02,6.952365228067421132e-02,1.529863591151798263e-01,1.842299241409043331e-01,-3.623077027128338012e-02,-1.009684213610735487e-01,6.000665184544894809e-02,3.843787874415479505e-02,-7.462842862859253579e-02,1.087632318299461137e-01,2.315057131109513403e-02,-1.623022169518001656e-01,1.415293339064018219e-01,6.213683294902349469e-02,5.048921225667649115e-02,1.053778043532462572e-01,-1.774055291897037590e-01,-1.297348777407385800e-01,-6.800794817882813148e-02,4.727245250667063553e-02,1.356089912447753509e-01,1.890501104734409674e-02,-4.840713862105186505e-02,2.038438010021620117e-01,1.840031219026483644e-01,-5.328737606713715783e-03,1.826938575714062152e-01,-2.226811915468117631e-01,-1.651678790720003953e-01,-1.513526561240533808e-01,4.651382588161920989e-02,4.745569642559318430e-02,3.040891236230689257e-02,2.139035362685457742e-01,2.047740230661986016e-02,-2.086371918210075116e-01,-8.974574051843564604e-02,1.260977575419473980e-02,4.511548945554220286e-02,1.056538809145938507e-01,-2.512582931886465920e-02,-5.330421271861403992e-02,-1.723584006856806183e-01,7.938823416740328764e-02,-2.240442252927616895e-01,-9.827415275877331158e-02,1.235337539373962540e-01,1.333903660712479067e-01,-8.380640459315814861e-02,-1.434690649372597493e-01,2.320217280029143389e-02
-5.557331395076578473e-02,2.299236755004320509e-01,9.278287711425853290e-02,-1.660912536380858284e-01,-1.177789223034886867e-01,2.151345539317162381e-01,-1.462117014259865511e-01,4.963023545735625180e-02,1.826241794321223633e-01,3.698816054128298975e-02,-5.373114533780799090e-02,3.975588498574483126e-02,-1.150015050029855740e-01,5.370941311763675896e-02,2.406806956416621124e-01,8.848309643006038727e-02,9.638670993669119780e-02,-1.792765317917750789e-01,-1.734985091455930883e-01,-1.373172848650724420e-01,-1.451274933411164092e-01,7.235731880138633609e-02,-1.859784882680983742e-01,2.689671051639355367e-02,-2.904453443418932631e-03,1.571238550672983680e-01,7.881500589030600301e-02,-1.758536893448960359e-01,-1.349217157923941479e-01,-2.232970629096102388e-02,-2.123577579825757788e-01,1.083380086626336697e-01,-1.882093080583782108e-01,-1.572880893343105713e-01,-1.727676701308597795e-01,1.369904765083623105e-03,-3.936291135641613315e-02,-1.451039438329733144e-01,-9.566821819958659656e-02,1.810884921983184001e-02,6.805116096812622965e-03,-3.632721323803314584e-02,-1.825479621716393774e-01,8.314081455291348621e-02,-1.373034888938167164e-01,1.897224676720430520e-02,1.067871528529387437e-01,2.120328453944697253e-02,1.722247088225851430e-01,5.004741329598412503e-02,-9.373578993533607240e-02,-2.624373077515235533e-02,-1.953511191354402599e-01,-2.743097080544644462e-02,-4.486092810112719820e-02,-7.437912575609110372e-03,1.329625782867204509e-01,8.489836768994983573e-02,2.090195823482737802e-01,1.853288272697707975e-02,9.632293388908469423e-02,2.227383389686210524e-01,-1.669329275927125822e-01,-4.575114599035318662e-03
2.722556369522262029e-02,2.535497583260024751e-03,-1.988714208792410620e-01,7.695885375669234141e-02,1.998611514879489459e-01,1.677349474936893625e-01,9.262778349581116122e-02,-9.840623355918211301e-02,-4.781896813347626118e-02,5.006095064327277522e-02,1.107885084722822905e-01,-1.991448270985432534e-01,2.083594544325194642e-01,-1.896990092108927495e-01,-3.006517882498423166e-02,-3.427142309288169070e-02,9.337561837845952117e-02,2.085593088514416452e-02,-8.471205656808751538e-02,-1.445994960851522126e-01,1.183814722683811799e-01,9.015714885909535681e-02,1.723887816874530854e-01,-1.053814762967737184e-01,-1.667215484979171769e-01,-1.203302597012334413e-01,2.024311619578117449e-02,-3.125078527426389252e-02,1.227135173294008341e-02,-7.224745774480634264e-02,1.732046497096270676e-01,1.180358291544447019e-02,-6.660967988809557427e-02,1.278822217946672668e-01,7.250016949523682697e-02,-1.331383355553279746e-01,-4.063448917729984428e-02,-1.247184751938868463e-01,-8.687724541203005468e-02,1.976377656397215465e-01,-1.894416179395269906e-01,-1.613399247970906392e-01,1.166759339215520941e-01,3.461929824338117172e-03,-6.732687654534663668e-02,-3.283283457216527867e-02,-7.462564827513932901e-03,3.992473487253059804e-03,8.350479261050473834e-02,1.267322850878382090e-01,-2.177802364566586851e-02,1.939797838520214146e-01,1.011001576674157021e-01,7.975037417789590521e-02,1.971749087002774847e-01,7.180808192441878735e-02,-1.609261405412925477e-02,-1.532591841628042351e-01,-1.040605283886167076e-01,1.849793351805854510e-02,1.394668534653089320e-01,-1.691930980715246058e-01,5.039916861446804702e-02,1.829839194455188389e-01
3.290063808098914883e-02,3.670368011760210408e-02,1.322694544250000992e-01,-1.571715524632582017e-01,-1.351829578113632191e-01,-1.704756523273741886e-01,9.428406185680321405e-02,1.818327365614338109e-01,-5.194711440894044657e-02,2.748413999149671577e-02,-1.327506098399387213e-01,-1.222142176065791896e-01,-3.006447209732964962e-02,-4.705535808920979085e-02,2.617050866045931429e-02,-1.128700117670974890e-01,8.722687057472944261e-02,-1.363041796832405563e-03,-3.714222704919748624e-02,-1.768194323448923078e-01,-1.761908754708572944e-01,-1.284665448334622595e-01,1.681581661149935958e-01,-1.437647509105172139e-01,-2.043743620608511613e-01,5.973322246083107023e-02,-1.071205178650053297e-01,1.779469265927584587e-01,-2.029560762901664039e-01,-1.510123010085319684e-01,-1.391572437125586092e-01,5.893259730897746490e-02,1.798518329718560571e-01,1.563026104902995317e-01,-9.926400576892803473e-02,1.152328032998610197e-01,1.518740932628474261e-01,-4.297922129121493906e-02,-5.888877788739244057e-02,4.937541146975539530e-03,5.175606012710039228e-02,1.717719805477414818e-01,7.056456401644799203e-02,1.931479002545015422e-01,-4.023453813263104528e-02,-1.756116038555587816e-02,1.258838182302151609e-01,-1.682460533213088194e-01,1.937304432464720672e-01,-1.128560481088924650e-01,3.223608916493762855e-02,6.156610948644789319e-03,1.748106250301377229e-01,-2.034141267592087104e-02,-2.287683555225420926e-02,-4.655935880993507248e-02,-1.384947751023759277e-01,3.801976880559635591e-02,5.496140993318406748e-02,1.634408137420650109e-01,-1.169548525843329967e-01,2.170323501416669687e-01,-2.318106904777064801e-03,9.431250237134065906e-02
1.200520370081922111e-01,1.255937182271833208e-01,1.162005198436097918e-02,-2.218647875230010114e-01,-1.074739103106231580e-01,2.345693062635643145e-01,6.772954810615587976e-03,1.448149140568213700e-01,-2.541850575704072968e-02,-9.879830334682879189e-02,-2.048775422094213927e-01,-5.611967430919052868e-02,2.000737741932206160e-01,-4.031773797386661168e-02,-2.712342384649640836e-02,-2.999857507409943794e-02,7.068662704547480635e-02,1.066162302602011724e-01,1.392361475020248707e-01,2.045381968701716346e-01,-6.877995148190862995e-02,5.371494435429212400e-02,-1.236133517408853216e-01,2.365858924217180970e-01,2.131217649922400870e-01,-1.633742306147564771e-01,1.869815082680854057e-01,-6.438006335121712088e-03,-8.863234172967499047e-02,-4.170191807150873398e-02,5.458926721805244103e-02,-5.422706977175494047e-02,-9.974886589143139304e-02,-1.424981126083390837e-01,4.786875913282481743e-02,2.640680589828019176e-02,-1.310336816655905401e-01,-7.215296468133829133e-02,-1.789623443392650282e-01,1.854306510295478383e-01,4.552718630461606575e-02,-3.841869842493105675e-02,9.699540483257917955e-02,1.136232613052427093e-01,-1.105533209397155103e-01,1.687573310088296419e-01,1.182500666670601710e-03,-4.972650027415499919e-05,-2.073535836586919978e-01,-1.374745202466569468e-03,-1.789493829725720409e-01,2.315960220294308591e-01,-1.750723837261339011e-01,-1.048664055290083816e-02,-1.080269946285468546e-01,2.115289945077432898e-01,-2.088541570808312778e-02,1.245735604402308100e-01,1.712091824337314827e-01,-1.640992909490704976e-01,-1.314351194433440728e-01,1.194333999858589318e-01,1.672742028409139048e-01,-8.539457062604563498e-02
-8.835040533609167523e-02,-1.413999166318499756e-01,-1.070559907020013773e-01,-4.899942290584795995e-02,-7.181730796058172217e-02,-8.626505908191001160e-02,-4.201555785639158463e-02,6.573275614313445550e-03,1.186452682290469046e-01,1.254068198440259074e-01,1.422654515447609180e-01,1.252203141648260964e-01,-2.453442773268456681e-02,-5.746145505066236475e-02,1.776652143814858309e-01,-1.472780237515669277e-01,2.171743458307711094e-01,1.904063819402834756e-01,-3.644211667080035633e-02,1.055442780843558054e-01,6.313070543961922867e-03,-1.450950465583219183e-02,-1.639790574282188329e-01,-1.286518577331527413e-01,1.073426234322533840e-01,-2.530172731431578059e-01,-1.685741601607374240e-01,1.281313160912511406e-01,1.927991955444946781e-01,5.621769235771893053e-02,1.808866295438983085e-01,-1.041152440372317411e-01,-3.782580323709450881e-02,-1.420845399445065660e-01,1.896793718891975622e-01,-1.940461895946018755e-01,1.254015066482034590e-01,1.163516947752248898e-01,-2.036430823810233270e-01,1.392098161561126576e-02,-1.441708498465334443e-01,2.036268151931246717e-01,-8.293362729962185098e-02,1.460733979623045076e-01,-3.700574703912890007e-02,-1.434426688307612052e-01,-1.249562168903352449e-01,1.443081811997302608e-02,-2.218956892028812744e-01,1.712670653430712897e-01,4.833840342536824958e-02,2.250844242681037666e-01,-1.352056450480112193e-01,-1.280967558046175979e-02,-2.124374290312336655e-01,-2.211351416868887476e-01,-1.860898829821100442e-01,-2.189774735162882957e-01,1.937410760389210729e-01,-1.455699744415240304e-01,1.259221489427138074e-01,-2.063367300733621734e-01,-7.354806371656594233e-02,-7.498064640017659821e-02
-1.249549645796783626e-01,5.117772615430742078e-02,6.931350892600769698e-02,-2.014130642515126191e-01,-2.242020023451949881e-02,-7.092585768701172022e-02,6.512819839012727596e-02,9.139628759609083608e-02,1.052591152736709751e-01,-1.502348270789683193e-01,-9.825194811655947602e-02,-1.904104220643731971e-01,-2.010669765546169996e-01,-8.909510768440079276e-02,-9.161353051589286867e-02,-1.204878026684711445e-01,2.029683903490288877e-01,-2.029397687616767421e-01,1.877280046726382268e-01,-8.964006309923167048e-03,-1.002583153114166292e-01,-1.831118054501507941e-01,-1.273937956630847856e-01,2.053589133206434048e-01,-2.704409788793701169e-02,1.495681676974709440e-01,-1.088714293524309373e-01,5.587322405683882443e-02,-1.120186716560664028e-02,8.379594317298929076e-03,-1.807749502257574858e-01,-1.561333134507662257e-01,-2.126666638242070417e-01,-1.952203566786402111e-01,-1.986222419879862533e-01,-1.397913930408047900e-01,2.906837234872051978e-02,1.156206556690930060e-02,-1.160797196765536443e-01,-2.117503556732083236e-01,-1.608423327682138027e-01,2.888695074607970995e-02,1.227397174777955374e-01,-1.744138504211331375e-01,1.677843284121270928e-01,-9.434427895686466059e-02,1.688775834827818678e-02,8.474372533078460001e-02,-8.960280065225038892e-02,-1.470088375619695194e-02,-3.500059514380022760e-03,1.625577243124636528e-01,4.157822698110891224e-02,1.374324013578386294e-01,-9.747339330735146912e-02,-9.156064912633211927e-02,-1.847612686466718335e-01,1.265751432277931465e-01,1.595627417874975473e-01,-1.736310772192077856e-01,9.768810968805180517e-02,-1.522762098846653922e-01,1.035249534087316348e-01,9.196868345469404182e-02
-1.023814249403735138e-01,4.941274886841320879e-02,-1.769737337130034283e-01,9.252412543670743283e-02,-6.286641649425832312e-02,-1.505026202316758210e-01,1.010475655193744521e-01,1.093850106230677931e-02,9.547806892570127879e-02,1.457636496919482993e-01,-5.077028959023124205e-02,-2.243704639417923585e-01,2.170595240471497045e-01,1.420646262105156599e-01,-5.624143041358249662e-02,1.139275351985756246e-01,-2.167425426878943073e-01,-1.988953299932719743e-01,-1.289000452427038201e-01,-1.961543416571069620e-01,1.741785411873951750e-01,-6.642858809836102441e-02,-1.137344552452284746e-01,9.033432560484344620e-02,3.683759649778986511e-02,6.312303779804160492e-03,1.664318356572141444e-01,1.751773459397397148e-01,-1.861539673213916668e-01,-1.403318063152228790e-01,5.471535612450448456e-03,6.284891173983926660e-02,1.668225089538323824e-01,1.104157801256351046e-01,1.107333201601743214e-02,1.725617653268083362e-01,2.397155882308022457e-01,3.413261419157811311e-02,1.204416618365558994e-01,1.558148089726036911e-01,-2.107216948373182019e-01,5.617811982175870134e-02,1.033453844439767288e-01,-1.058439469353568835e-01,-8.412914161833315307e-02,-2.225281565214342894e-01,-2.098044843434049567e-01,-6.663033236538726256e-02,6.333530379700444413e-02,-2.045781907369057795e-01,-5.197969096508336939e-02,1.924894081568791770e-01,1.452445018501824225e-01,-7.842234565331572538e-02,-1.558069437355321107e-01,-1.301509973459726022e-01,7.895723309147913149e-02,-1.557095986232553686e-01,1.918186617348159317e-01,8.683440184565154041e-02,1.953695347661696391e-01,-1.593966818870905244e-01,-1.616562239337696882e-01,1.984972322808227496e-01
-5.837896570994389328e-02,-1.367123334934268186e-01,-1.608512062345283100e-01,-3.670278666999189643e-02,-2.643245008063599064e-02,-2.880277400178252178e-02,1.094857901245703813e-01,-1.787086606405721145e-01,7.450241047988301335e-02,-2.092382606360861375e-01,-3.465207355100404646e-02,1.160705933952435737e-01,-8.051404322318435336e-02,-1.986462427105462336e-01,-1.915917849718852192e-02,-1.612011734511016592e-01,-2.925568458611238487e-02,1.694548106872381943e-01,6.510308076112973803e-03,-1.052934225934210738e-01,-1.292166576690673696e-01,-3.767547180526791689e-02,1.396896438804435536e-01,1.871962559628756184e-01,1.145494777149297788e-01,-1.390486689923358388e-01,1.456582103308518283e-01,1.736769617737354277e-01,1.046072112258341347e-01,-1.497280676289778067e-01,1.773588464364994621e-01,-2.188384446153296969e-01,-1.089694301228511797e-01,-9.475591261997904496e-03,5.669751995003628753e-02,1.055758660180243641e-01,5.484844091416182094e-02,1.688789543192281972e-01,1.575265745636923453e-01,1.761665923503419329e-01,-9.246852872672317938e-03,-1.875643705479443091e-01,3.223309276112098359e-02,8.704912901284110258e-03,-1.903958959143297602e-01,-8.247344698703470978e-02,-3.658048356107188037e-02,1.931662192800947253e-01,-1.933224604186505879e-01,-9.540672262456879882e-02,8.131221994209353321e-02,6.640565341622493845e-02,-1.812089602237345332e-01,1.238869782358832244e-01,4.433496953990680167e-02,4.115413293791230637e-02,-1.078869613477427131e-01,-1.091311187750430706e-01,4.278068341375668854e-02,-2.058497413268887966e-01,1.585376530889246183e-01,-1.190497653669086581e-01,1.933949960147338110e-01,-9.852929676919543189e-02
1.615045725187679027e-01,-8.645532340499442747e-02,1.001200391893078273e-01,-4.413759770868161403e-02,1.190874743543206271e-01,-1.051374148105589518e-01,-1.920033603387331644e-01,-1.185567487948118170e-01,-3.655591718929810524e-02,-1.034080707024465362e-01,2.529265258411921707e-02,-2.376463453360172506e-01,2.111578028265291840e-01,-1.709120226027616429e-01,1.509035848981762351e-01,-1.371801135072430421e-02,-1.198126596929595528e-01,1.829168731884631416e-01,1.191008796924641483e-01,-1.302839780258067126e-01,-7.974300730007817528e-02,6.586247269862949283e-02,-8.775191126514635467e-03,-1.764865892255080282e-01,3.934039104987962360e-02,-4.413451143988960518e-02,8.515091587771819737e-02,9.074017198627501793e-03,-1.706228446914690167e-01,1.579112205495303567e-01,4.467623384090155247e-02,1.321495827705179427e-01,1.599773147328265310e-01,-9.588875728742582427e-02,3.389251475546845027e-02,-9.962660140079188098e-02,8.082721655608841871e-02,-1.481121510710813882e-01,-7.965830038438469207e-02,1.664685385380077209e-01,1.014777614027693037e-01,2.361709548466696049e-02,-1.943924590881143943e-01,7.763715892234492044e-02,1.505676677629397553e-01,1.074116135201164668e-01,7.514266094461474754e-02,1.693733625336104123e-02,1.556707659355973383e-01,-6.429893854809480558e-02,1.031353668110345373e-01,9.607293169886510498e-02,-9.321591639789404693e-02,-7.804044069442812870e-02,1.870466108319011611e-01,1.320711810022691668e-01,-1.720259142405232144e-01,3.219789459377327134e-02,1.051600887579334093e-02,1.105775264231448618e-01,-1.107716966361397930e-02,-1.139691322884712477e-01,1.308010475152179553e-01,-1.394493714996588862e-01
1.796673407860647220e-01,-2.423149185137337958e-01,-2.597850724529904634e-02,-8.286823182181345115e-02,1.816253441946315550e-01,1.290477579432553756e-01,-4.719844251701172527e-02,-7.169075942446967442e-02,-1.621502498774146910e-03,-8.024625017017146533e-02,9.693410378095693170e-02,-1.805778981166550204e-03,-3.896105819813028975e-02,7.080492147562629512e-02,-7.963410206358398358e-02,8.410158683271277968e-02,1.723768679568140338e-01,2.830000948914814657e-02,3.475938218350061587e-02,-6.555901707037220527e-02,-2.913985048296678371e-01,7.523504086428792204e-02,7.650452882232564034e-02,9.402087997822800025e-02,1.783314874859307508e-01,-1.755741979703278610e-01,1.207521596037854500e-01,6.133091536486874606e-02,-1.462023678340085842e-01,-2.697098973991730528e-02,9.537405727930815813e-02,-2.599253304623822328e-02,6.833559925225832221e-02,1.129831879758694257e-01,1.010828520407596326e-01,-1.658373274305207090e-01,1.359013907888769468e-01,-2.041185127068860516e-01,-1.423986749146431141e-01,6.419073276506861991e-02,1.569993472471136464e-01,-4.242697111362742080e-02,-8.922288195944358402e-02,1.032444529446688714e-01,-1.079487946562628919e-01,3.538261852710056915e-02,6.433937295190969574e-02,-1.098881620425392475e-01,-3.778012794220613618e-03,9.806953789713690472e-02,-5.122064555190826429e-02,1.613993460701809157e-01,-8.465423553069235940e-02,8.479912795196138664e-02,5.280472530440627477e-02,1.929533697127710778e-01,-7.458167756832710660e-02,4.790233632033482486e-02,5.232062132382132857e-02,-1.930586098336722345e-01,-1.039040269826747298e-01,1.587530209466326420e-02,1.561311811068488431e-01,1.984604047641189695e-01
-1.359374503142073976e-01,-9.756210406952504910e-02,4.306360488699451788e-02,9.063050565052595264e-02,-8.512938858090099425e-02,-1.378669675790017146e-01,-9.904348682476789290e-02,3.418144409561855307e-02,-1.464848769089414082e-01,-3.692413515961538717e-02,1.247546963763632444e-01,1.614615750025830410e-01,1.089817134273988741e-01,-2.913956420859966159e-02,1.293047299444909093e-01,-1.559099553180605668e-01,-9.851223307868241241e-02,-5.406132563844099487e-02,5.662860242116392329e-02,1.244151690988839001e-02,1.771620331064473752e-01,1.223519002477762713e-01,-2.075752613230928967e-01,-1.153831153133435539e-01,5.004566645557812637e-02,2.562674183044794801e-02,1.871041784986711143e-01,1.493449763826998171e-02,-5.294338483271698870e-02,1.535110907060251162e-01,-1.736612549154457619e-01,1.648764278185007454e-02,-5.441592676319492727e-02,-1.908805410133337654e-01,-1.129710791132356729e-01,1.220484860585621667e-01,1.328205961831515070e-01,-5.456774767494034645e-02,2.113430322066194023e-01,-8.242276309687409167e-03,1.366748368276292924e-01,-1.882652067281573860e-01,-1.162254925631965863e-01,-1.695382845098457325e-01,2.944503924468524353e-02,-1.898121191693281085e-01,-1.633253081982103949e-01,-6.655643606647088095e-02,-6.907530062555226891e-02,1.451406068289335174e-02,1.530774696775079602e-01,2.192965279612290597e-01,2.204916459207565682e-01,8.100143502693962771e-02,3.362567253563665537e-02,2.032011597513913234e-02,6.686622572336567427e-02,-9.180098202441941066e-03,2.047952286970592672e-01,-8.349618554427530592e-02,-9.046069264610649696e-03,-1.436733873630176572e-01,-1.568941866173508282e-01,-2.380763198203037639e-02
-1.330924773655496780e-02,4.523015178414423187e-02,2.218242305369842460e-01,-3.602614099499289874e-02,9.486998377976391117e-02,1.008908440722258854e-01,1.289653178689439406e-01,1.312063345876919584e-01,9.742755740500243233e-02,-2.468505246603454675e-02,8.834687432857367406e-02,-8.255167500996002383e-03,-8.988294000489362168e-02,-1.614440529942231528e-01,1.582306937201511110e-01,1.692009715238838585e-01,4.330967175989700740e-02,1.212402879374028797e-01,6.249278020437261383e-02,4.217329088892179945e-02,-7.159999668649842663e-02,-1.108494076463947126e-01,4.664251044398038532e-02,1.850547273894176392e-02,2.236578210059542438e-01,1.637946545991395345e-02,7.072217810343965627e-02,1.340442813445132941e-01,7.238432420782761612e-02,-1.768818552867945648e-01,2.289229144014723327e-01,-9.520147972996434796e-03,1.412917240785064588e-01,1.618919502290579460e-01,-3.280079532215347121e-02,-1.216676534372779228e-01,-2.424343321242166394e-01,5.311118460457082968e-02,-1.737377548248480730e-01,3.276885194730667916e-02,1.201878568172316808e-01,-2.127432958230703053e-01,-9.823051728971560204e-02,-1.134022612237732403e-01,-2.417580264586277616e-02,-4.513045677638963249e-02,7.632763439101053482e-02,-1.215418281751931562e-02,-2.177105030102817751e-01,-1.990509105210403872e-03,-1.334812058713805427e-01,-7.020007367940252208e-02,-2.118522522784135192e-02,2.642074287780778186e-02,-1.497005770847483763e-01,1.454814662185513474e-01,1.404315683328382913e-01,4.101188027437081135e-02,1.095307631665472653e-01,1.599838658827330284e-01,1.054858888951576701e-01,1.518917705886946856e-01,1.751143471452571154e-01,2.685006890098715626e-01
-1.932082856641830770e-01,-1.557067169930209105e-01,2.142561707832519591e-01,7.753647026568122325e-02,2.097704752829765706e-01,1.542789499757761251e-01,1.034608258500781253e-01,2.277432079047100322e-01,7.713894043264914180e-02,-1.109523510895182724e-01,-1.682931280466875013e-01,-1.770842780389639270e-02,-2.798172349919677074e-02,1.369554255037145341e-01,-1.017551726687346558e-01,1.404018523034514521e-01,1.180042872408508248e-01,4.434648384642646268e-02,1.026833593117750798e-01,-1.462669964445164617e-01,-2.087369771644548566e-01,-6.342975520571172976e-02,-1.123276607935270576e-03,4.062490715609638758e-02,-5.549699195986969313e-02,-4.128122427421190843e-02,-2.574244248337548835e-01,-1.691031857857234200e-01,1.959778423781818879e-01,1.097632255216514779e-01,-1.647661565209354584e-01,4.357117508186108407e-02,7.751692130891345289e-02,-3.729594063260704279e-02,-1.142271026636602904e-01,1.567782071172260372e-01,-2.534036041084284374e-01,-1.448750076054764434e-03,1.111489210208764233e-01,-1.317847707572956106e-01,-1.239848967196052060e-02,1.032405869144803782e-03,6.651457980331472453e-02,4.213106303957712961e-02,1.092175101511419083e-01,-6.595735552300603655e-02,-2.092983437584180484e-01,-1.585453814946437001e-01,-4.485328239572419773e-02,-1.551093237825524607e-01,-1.864810979368121679e-01,-1.936112634870769678e-01,1.072576999432660466e-01,1.488627087602104604e-01,3.538503896099882279e-02,-1.034274333795336398e-01,1.009578417002321704e-01,-7.684409937865712727e-03,-5.108133129866908317e-02,-1.390769863328858089e-02,1.793345958538132279e-01,-6.918338488553725518e-02,2.084443765000868753e-01,1.568354681566063238e-02
-1.642310204806204377e-01,-1.744028092091594317e-01,-1.650204917676569016e-01,-1.666919125880232944e-01,2.154518051181804894e-01,-2.473315669005444750e-01,3.438690106444274031e-02,-6.461349969784596636e-02,-2.190701331429557308e-01,9.678754514922802143e-02,2.554704356793087716e-01,9.507352855562221927e-02,1.429892780632176785e-01,-1.841802385710057388e-01,8.302316623923736150e-02,1.281895492027122774e-01,2.034375242166356623e-01,1.136522326627593671e-01,-6.728348916372664523e-02,5.626800994960871882e-02,-1.170290869455155869e-01,2.350063517346992481e-01,1.612839716432591941e-01,1.084154738401957169e-01,-2.234230780374872605e-01,-7.687842723995996774e-02,7.288106983986783471e-02,-2.831512386588446173e-01,4.109306559465793901e-02,1.407229403561568171e-01,-1.525506500109342078e-01,1.624255711648587008e-01,1.937298918396763991e-01,-1.655494461191747424e-01,-1.985116793793727935e-02,7.222105829952760181e-02,-1.364237226141052084e-01,1.685231838195464238e-01,-4.936843464557424260e-02,1.431588209406749190e-01,-5.308123188678570692e-02,2.063991586245644480e-02,-8.038407038852603270e-02,-1.260194939292931526e-01,-2.757436974578011957e-02,-5.762695717304767290e-02,1.422833159228667488e-01,-4.663127264641278059e-03,-1.115244883765006967e-01,-1.036932390763447703e-01,-1.920524020131089415e-01,3.061491705122190016e-02,2.429598718347850406e-01,3.220994211910727101e-02,-1.825659874508505642e-01,2.831945098484866044e-02,-2.540357957579556514e-01,1.270889470703035762e-01,3.281169271477314686e-02,1.386266629433319242e-01,2.067100027833849440e-01,1.393269931902271948e-02,-1.854320107787990612e-01,1.909969359178303461e-01
-2.203556305003952498e-01,-8.008821540478753068e-03,2.244996712059563471e-01,-2.615080539291140746e-02,1.446655250908851671e-02,-6.985369593387721725e-03,-7.141357252749969131e-02,-1.951519065672405184e-01,5.444375017929824201e-02,-7.381921555327439211e-02,-4.233014537624352897e-02,1.996665044274538725e-01,2.096648418655211177e-01,-1.817416351262369778e-01,-2.357163471369256094e-02,8.381224545658665093e-02,6.815234237043663046e-02,-8.153994897693746247e-02,1.978998986803855165e-01,-2.156292235240462873e-01,-2.187882691982266092e-01,-2.162159312217551144e-01,4.276311546716873857e-02,1.686117760051118464e-01,-4.187481110568289089e-02,9.332196992871637231e-02,-7.667370292293662626e-02,5.784339555166456703e-02,-2.118536442260964547e-01,-1.217214471169708045e-01,1.773722371228269035e-01,1.678331056835760116e-01,-7.536191370938247203e-02,-2.010197970271048185e-01,4.212433927759529073e-02,-7.833654191249045384e-02,1.437813821901372524e-01,-1.247769648349882077e-01,-1.590057345011834378e-01,1.275936975362762515e-01,-2.013380078986933830e-01,4.391383963250212324e-02,2.615792200456457661e-01,1.709292515157717542e-03,1.179420330194799194e-01,-2.000619448289297775e-01,1.746451454348806331e-01,-1.264432610460533291e-01,-4.983189716109149431e-02,-8.599499809475172341e-02,8.285280350780939440e-02,1.643553449077189144e-01,-8.281623417709708945e-02,-2.072471313432172058e-01,-1.692259466088381625e-01,-2.074090486363994734e-01,9.461031999022738448e-02,1.284141358632883700e-01,7.202459475306620049e-04,6.660301337984018966e-02,-1.353094853267447217e-01,-6.683435173275138752e-02,1.746033256253898269e-02,2.518963927231682859e-02
1.064553269884999098e-01,1.314446152997841288e-01,6.946621256959136306e-03,-9.225241827813061846e-02,1.598093692943100275e-01,1.755874657184686161e-01,-1.446708062277723417e-01,-2.211864605244889467e-02,-1.803861198342182615e-01,1.815944191126626084e-01,-1.670136576417910468e-01,2.281280110183281015e-02,1.602387685492714930e-01,-4.437882995279716913e-02,1.197917593870166109e-01,-1.214668495681852853e-02,1.820787963178935320e-01,1.802881494353630321e-01,6.878955378306224333e-02,1.551653349717928843e-01,1.373247862390100382e-01,-5.711862407678880427e-02,8.209567696896874489e-03,5.373028528560063301e-04,-1.778507939874222066e-01,7.387428818641773864e-02,-1.820594334007186732e-01,1.487968519866000872e-01,-1.882817617288592704e-01,-1.289578683054239394e-01,-1.581789935633055588e-01,7.479579902787303336e-02,-7.142364725924664481e-02,-1.050270197932542393e-01,4.340677572047163535e-02,-1.789244419983706258e-01,-1.927175610057697275e-01,1.730266211344844429e-01,1.008286286978142265e-01,-7.279741861639227318e-02,-1.507825249128131040e-01,-1.617291611558841491e-01,-5.564756700459803224e-02,-4.658739471585742614e-02,-1.516974959571149584e-01,1.752403369259608323e-01,8.237185039047396906e-02,5.719358892858789761e-02,-4.348836222504105786e-02,2.069581077116714740e-01,-1.467043769866087921e-01,-1.671763918190436182e-01,1.728642366922510942e-01,1.786109129125700024e-01,9.178049287391853994e-02,-2.962982901321816256e-02,1.250217472489541237e-01,-1.821408206790684770e-01,-1.596574590421112050e-01,-8.523958288497625324e-02,1.026384545522864705e-01,9.299449020606738447e-02,-4.547921953165508235e-02,1.958832273680547464e-01
-1.125527968167926718e-01,7.604679274386853816e-02,5.831364251404697052e-02,-6.184289903252177673e-02,5.681768210569065891e-02,2.205264498578568544e-01,6.059408674504429548e-02,1.286194169695499823e-01,1.906163598744147272e-02,5.932740908133914137e-03,-1.743854258254504130e-01,-9.042829474057861167e-03,8.677260776686191932e-03,1.992673033307741093e-01,-1.664703152296208577e-01,1.581321282356725477e-01,-9.000098236693086784e-02,-4.371200961849845690e-02,1.253109879829231443e-01,-1.475008841012023231e-01,-2.097701861834628534e-01,-1.282989306973995880e-01,-5.377029747588720626e-02,2.298118954408445713e-01,2.259787894922945378e-02,-1.921449280380132518e-01,1.251699948356311543e-01,6.315577186624865558e-02,1.666074566111753683e-02,2.308748075776092742e-02,2.158087454509638112e-02,-8.775555989183674022e-02,-1.516712390841546410e-01,-3.169637048767643545e-02,-7.845225233169553225e-02,7.898210117324809543e-02,1.041101052810916583e-02,2.029971833403048653e-01,1.251578395553212819e-01,1.801097435552242998e-01,-7.250901063248814393e-02,-1.030376808039400321e-01,-7.434920421296500881e-02,5.808343171639999275e-02,4.938146074287567272e-02,-1.072907915101711518e-01,-6.542702225966366691e-02,-1.462449938028551923e-02,1.807665246382911817e-01,1.047014675391790689e-02,-5.712764729577447104e-02,-1.346137033140196171e-01,-4.679120893571197398e-02,-1.301414673892607732e-01,-2.061963202244057880e-01,2.539522091752149935e-01,-8.876344260956701981e-02,1.505494231858163223e-01,1.090797937287990571e-01,1.586332593914839828e-01,5.694153408355565743e-02,1.364484273264449377e-01,1.130391123729273910e-02,1.711354335767319990e-01
-1.683925762335385934e-01,1.192102606298041795e-01,-1.909545036104836613e-01,9.983557120109314009e-02,-1.376787735827747772e-01,-1.728407261088829583e-01,-6.737652483417090436e-03,-7.895356078891414831e-02,1.574771290627589859e-01,-3.935816293916238884e-02,-1.598948135169454832e-01,-3.957614793079435728e-02,2.884478249856022372e-02,1.929030244249701487e-01,1.659929414476008502e-01,-1.511402463137243024e-01,1.826741362391323328e-02,-8.994583860632136829e-02,1.865232299515106051e-01,-9.335607059670614910e-03,-1.634500961874708891e-02,1.411546970500526625e-02,-4.524137128519944984e-02,-1.112345645565341462e-01,1.370666517273576024e-01,5.894478225708297409e-02,7.791583145958991263e-02,1.619669850110004305e-01,7.468424652634142458e-02,-3.737602056180772819e-02,-9.047822408845886122e-02,1.199334126621077606e-01,5.709297663419425628e-02,-1.147520670979874508e-01,4.130558649047693515e-02,-4.512820220416222800e-02,-9.099749688479404422e-03,2.031550066266166188e-01,1.324803155945997526e-02,1.764962189922214819e-01,1.698541702067625780e-01,1.562507840198062714e-01,9.685245896748850836e-02,-1.211023323409144981e-01,-4.968070205268401707e-02,-1.354343610996803192e-02,3.021143681286076257e-02,1.971936112208716452e-01,-1.125958171351179038e-01,-3.863967768372579548e-02,1.604128408535874795e-01,-1.812881897798635511e-01,-2.021292492401679797e-01,-9.267542087753727342e-02,3.522391598285741499e-02,-8.712112639727991048e-02,1.781340665739087059e-01,1.774343689041467664e-01,-1.110300962363688221e-02,1.106665207987890670e-01,-1.690823563128399099e-01,1.946655223616998720e-01,-1.346815766888024013e-01,1.130874883003298442e-01
-7.202433781470521379e-02,8.905553035155715225e-02,-5.768209804087003761e-02,-8.776818057534244155e-02,8.128078695324891800e-02,1.056858454412167581e-01,-2.048093529226383824e-01,5.686212732260353259e-02,-1.381576600613033112e-01,-1.020072872804840269e-01,-8.119964760771276185e-03,1.357147366488238305e-01,-1.923013991467995357e-02,-5.641397788204357416e-02,-7.020307992445092016e-02,3.180517126969349424e-03,1.149383993183203667e-01,-1.111831388736800180e-01,4.868967048165656446e-03,-2.354713678195215903e-02,2.887031624010806541e-02,-9.828471385903965463e-02,-1.299152571259447886e-01,-1.564106916194975549e-01,-1.058657593592404744e-01,2.133327619003935471e-01,8.515045302996132603e-02,-3.213146419894594846e-02,1.421334222463122854e-01,6.323715856077623265e-02,7.532520579438473085e-02,-1.267979425494601964e-01,-2.037747299974115855e-02,-3.212401671877984644e-02,-1.014163672616160972e-01,-9.575048607614400353e-02,-9.537945204884394970e-03,-1.984860234777760524e-01,3.034010315727014850e-02,3.351413332732548073e-02,8.596936751280212508e-02,6.517083012390548213e-02,-1.303214748684539404e-01,9.766650209519672776e-02,2.088760950619142076e-01,-6.576546640837296898e-02,1.290136923654084111e-01,-1.657093246876674975e-01,-2.162464197531937041e-02,-1.552871980208059832e-01,1.046081778986731048e-01,-1.861357903579283213e-01,1.532788642824063283e-02,-1.353645125195190591e-01,1.954781449808954963e-01,1.268632513074145068e-02,1.239273301212406864e-01,2.043259149885290893e-01,1.474414829893917478e-01,-6.468019421573338590e-02,-1.561732309055203658e-03,1.287956593091127422e-01,-1.811005347388704723e-01,-5.962414810819038902e-02
2.765342216404555464e-01,7.238551154511423114e-02,1.385887409036495044e-01,6.468228158947780804e-02,-6.952200738695102356e-02,5.764428429888316524e-02,1.565377942551840762e-01,2.154516979554119485e-02,1.488031354802579198e-01,8.905106739210284783e-02,-1.264862440305951907e-01,-8.541675846798491012e-02,-1.933390742700938914e-01,1.627387660358086893e-02,-2.598401398029940301e-01,7.888007454103528049e-02,-1.482769863557533985e-01,1.156596170292718048e-03,4.678957444309379127e-02,1.783239984166059555e-01,1.796440183713249872e-01,-3.748963678282595663e-02,1.780021934001562445e-01,-5.202241235589436658e-02,-1.287923616892049927e-01,1.776822715784113771e-01,-8.888844292325734364e-02,-1.211334620567575959e-01,-8.301725165412331131e-02,-1.141444481764121444e-01,-1.883236576787023636e-02,-1.700184018322729029e-01,-8.559467953063382151e-02,-1.049873561221638663e-01,-1.887465941592030572e-01,-9.482161429129343233e-02,1.707366529819139001e-01,-9.995410188060797896e-02,2.105715327154576155e-01,2.494676341995802002e-02,-1.955712061183096928e-01,4.805563045858479883e-03,-2.230990245863833862e-02,8.293169828204395577e-02,1.237983937640234761e-01,3.775427955031255417e-02,4.977877015629723900e-02,-2.024597357364535388e-01,-4.804491044378200043e-02,-8.056361847404285362e-03,-1.740195229322196446e-01,-1.127249230596162888e-01,-1.972526681345073973e-01,-1.288831267593119612e-01,5.813520642893253709e-02,1.753860540802902324e-01,2.073459956530828430e-01,-8.400223891591804271e-02,-6.096291375064875895e-02,-5.722918854799090987e-02,9.820504189752445393e-03,1.852544995674232364e-01,-1.014848650228207388e-01,-1.346810821018710747e-01
-6.226911555978121432e-02,5.272896953185259722e-02,7.356443862118411392e-02,1.440998302912299411e-01,-1.558617319919977928e-01,8.021552685758327750e-02,-1.063377748182467025e-01,-1.364463238271456380e-01,-6.427657442992432135e-02,-1.020280183558943538e-01,-1.286350345653569649e-01,8.829509885010251857e-02,-1.984542651269940172e-01,-1.962869268934221700e-01,-2.075165685929555304e-01,-8.930844978488870073e-03,9.742035380559729840e-02,1.359883307972778801e-02,-1.753057518166002138e-01,2.070361682551821649e-03,1.563959833527997501e-01,-6.234425016894656890e-02,1.866180275933266852e-01,-5.523613553568912371e-02,1.151567507172453486e-01,-4.338123431437344163e-02,6.212899037046733242e-02,-6.201710097883916112e-02,4.440449844078352831e-02,-1.331055692324014522e-02,4.358325926547051456e-03,-9.286349830914192305e-02,1.740783354727576115e-01,5.167232365897622692e-02,1.444907649668799310e-01,-1.643317536827618441e-01,1.984973053617198127e-02,-1.847824119188527792e-01,-1.225187020696395235e-01,-5.625056173827261419e-02,1.349965502103146475e-01,1.368662540818135209e-01,6.138845380982854011e-02,4.961747697619729031e-02,-2.465681070923603918e-02,1.906654391100178481e-01,1.267298285653709611e-01,1.278449934920895814e-01,1.791860827965973402e-01,-7.688645749241619642e-02,-1.643233517274332312e-01,-2.112606348094739350e-02,5.033143353560221023e-02,1.259988956152097717e-01,2.077789513184299663e-01,-1.340403085720789089e-01,1.220731941484272665e-01,-2.133050612745972519e-01,-8.980123485827723462e-02,1.958303970387537118e-01,1.852914449351807380e-01,-3.418400645632659052e-02,-2.117295303725381106e-01,-2.069173969531111767e-01
-1.199945609752251369e-01,-2.468750712555364546e-01,-1.692862273066522705e-01,1.735687392666237228e-01,-1.071883148461708207e-01,-1.434987232293128134e-01,2.995792033229938145e-02,2.802103023762414144e-02,5.101958762763858513e-02,-1.692179816355696836e-02,4.434251864036018592e-02,1.345428375432937418e-01,-6.440246414698376498e-02,-2.983387923075322273e-02,-1.118107985218412814e-01,-5.565204757019368703e-02,2.837251980088925096e-01,1.248248696800004394e-02,1.380163599398632479e-01,7.547415797388944136e-02,-5.494434892555646877e-02,-8.594354392852690538e-02,1.064848027333214764e-01,-9.592504048213933154e-02,6.194172737690293445e-02,8.585487439159232570e-02,-1.733595124023662171e-01,6.793305638401299362e-02,2.214414130210453913e-01,-1.825377104250194005e-01,1.552123382960513276e-01,5.640878379666709047e-02,-5.600588952732535319e-03,3.113105103104617938e-02,2.408099940488962754e-01,-2.382731392251368485e-01,-1.496042717908603881e-01,1.318474406950750633e-01,1.140957169669522958e-01,6.536135180999734506e-02,2.248374277007604560e-01,6.364119174541961466e-02,1.290532597074712240e-01,-1.035729892267123198e-01,8.925820466947041731e-02,1.640557852185433596e-01,7.388035363998263216e-02,7.849305651848637044e-02,-2.455191924207090690e-02,3.005957037854059197e-02,1.660539084731990911e-01,2.223012472730830080e-02,-1.582585995762331998e-01,1.399917476406239286e-02,2.177039759608614400e-01,-1.959331028090579296e-01,1.572868354031982108e-01,3.338902474446868440e-02,-1.968450729140641398e-01,-1.177103102104196455e-02,6.750195861956341525e-02,-1.724128511670261488e-01,-7.214623306264862646e-02,2.694718681374905778e-01
-5.430159114373205032e-02,9.230414859066098099e-02,-1.138388553800869923e-01,9.561505961694277689e-02,2.012746159871979801e-01,-3.099981149217988577e-02,-1.137729050066720211e-02,-2.544039837408752780e-02,1.220797774084053794e-01,1.223419718703182557e-01,4.181157627385025111e-02,-2.085427942731449824e-01,-1.615085506229119450e-01,-1.479815353937778133e-01,2.361450155616339960e-02,-1.058005354866580761e-01,-7.884373672484457085e-02,1.482262110340979433e-01,2.153500977693095508e-01,1.008774517903703212e-02,9.179181084367339649e-02,1.630227457155382711e-02,1.297079545830868708e-01,6.338696534622365042e-02,1.377138446348543099e-01,-5.739455871312576507e-02,2.642134022119267678e-02,-1.349111759750642181e-01,-1.831386824395853929e-01,-1.374998791980705792e-01,8.259074818938659523e-02,-7.196035549803473513e-03,-5.077032357730205253e-02,1.329915342762004182e-01,-3.156905855351414825e-02,-1.217066584533942064e-01,-8.131902152277881157e-02,1.336331617162530572e-01,-7.290873330335249924e-02,9.620599211533083228e-02,7.217784444579961912e-04,-1.078326662867962471e-01,5.332311675487695635e-02,1.020226515590563765e-01,4.201302308887389786e-02,-7.402765048797856767e-03,1.645137310849370538e-01,-2.540726547296434656e-01,7.373267497867797525e-03,1.832675450633499958e-01,-2.186225121584579045e-01,-6.564378333564080056e-03,2.163797093822710516e-01,6.004941148074638239e-03,-1.895730554113935207e-01,6.228846919144023081e-02,8.552061513959902106e-02,-6.268948065255350310e-02,1.455269828937992560e-01,-6.468475115123573094e-02,6.234018195673229901e-02,-6.767876334515628145e-02,3.388312373976080233e-02,2.141767687486339014e-02
8.362305650587051331e-02,1.376738006786843438e-01,1.809018108258954038e-01,1.745947311676007002e-02,-1.738308190498839834e-01,1.685110382520478012e-01,-7.757563297264349900e-02,4.080186289777378711e-02,-1.608298235172257173e-01,1.644876623205081267e-01,3.255543453990975694e-02,1.603026241177985256e-01,7.512398562045407603e-03,-1.778548111180791869e-01,-4.033846794913922840e-02,1.154021536817644994e-01,-1.880066361486892879e-01,-2.967019638814547694e-02,2.739711566759240810e-02,-1.056597396775240116e-01,-3.552743503178078938e-02,7.967508565030387291e-02,2.445723984625470734e-02,1.434956314338409478e-01,1.092378699696452543e-01,1.519785700009624874e-01,-1.982935449676721251e-01,1.763870166653669080e-01,-5.453805781230956079e-02,2.053951067994300994e-01,1.540183069768280566e-01,7.006728763683434114e-02,5.164753951289344919e-02,6.077643264998588285e-02,6.743318171744460549e-03,1.595044500900577034e-01,-1.630121164397169420e-01,4.727471384514551900e-02,1.153812900870049563e-01,-2.011590788265150628e-02,-8.136974074217018238e-02,-1.594873968384283025e-01,-9.262293599030142766e-02,1.048786287398713185e-01,1.308080180399736614e-01,-1.878325848931065578e-01,-1.303175061063538247e-02,-1.038738490867179530e-02,1.530248098978866378e-01,-1.495322398111621764e-01,-1.122622444515521539e-01,-1.400654929420371841e-01,-5.263614082694585694e-02,1.395546206363194042e-01,1.176966560016878410e-01,7.143789148320563165e-02,-1.030223796434715233e-01,-3.436237826144480229e-02,1.650497613680566578e-01,-2.311587952735143503e-01,2.058367605023122271e-01,-9.274020263454442470e-02,2.375325743787260260e-02,1.138766263565962056e-01
5.192094635843594319e-02,1.749862170831732455e-01,1.196925272781805202e-02,-3.211163108446879466e-01,-2.114295565144336253e-01,1.749263115648025391e-01,2.331502969796171720e-01,-2.294486754254638772e-01,1.822936353734231907e-01,-1.041073269679705232e-01,7.701731842223003000e-03,-1.883844933438535429e-01,-1.164080577058358296e-01,1.378224397273393742e-01,-2.574387204199105050e-01,1.888368676325638540e-01,-1.033184859102321759e-02,4.640155882094453704e-02,8.183839328090214763e-03,3.467451912402909342e-02,3.191069723724827834e-02,-2.030335571081457180e-01,-7.987388354805503854e-02,1.531641858776777720e-01,-4.887544791774297778e-03,-1.920138546752724606e-01,-1.614910931876334995e-03,2.000170884736547638e-01,-2.075205441063017464e-01,-1.096540274010683602e-01,1.206562618173929874e-01,1.525242362961464759e-01,2.553647123813484673e-02,-2.631505897679156311e-02,-1.798990738511964671e-01,1.454176200667113283e-01,2.692893283918740277e-01,1.621031522886633991e-01,1.781388058295565735e-01,1.229434208078004770e-01,-6.788454638435047206e-02,-3.954584146052503302e-02,4.485314779563788490e-02,1.716566515528308579e-01,-8.505930643245557254e-02,-2.193852991258830598e-01,-1.044369984646325439e-02,-1.715050770503435684e-01,1.681458996205495784e-02,-1.375702541231502707e-01,-2.264654533818624971e-01,6.514121539104819614e-02,-8.180572443641469238e-02,1.516672567422465423e-02,8.025444244024060314e-02,1.454702841492430676e-01,2.191329138073090654e-01,1.291364486534577194e-01,2.005009571396418055e-01,1.211647259414579125e-01,1.107077411998133448e-01,3.218864797954860968e-02,2.005858044293463982e-01,-1.791856783324263791e-01
5.406526051168478869e-02,-2.427112314986999697e-02,9.703033836760778519e-02,1.057337918313217412e-01,7.206925469947553231e-02,-1.632028037272620358e-01,-2.929307028922784051e-02,-9.400348400627646372e-02,1.814038039874155683e-01,-1.525655312145738629e-01,1.876852075286898347e-01,1.968959573014360809e-01,1.855742144755571088e-01,-9.693400171581495472e-02,2.272876885421325766e-01,-2.893195459050385693e-02,-1.135193403212456514e-01,1.549793627662133799e-01,-4.642411062769295771e-02,-1.240315280854376589e-01,-2.024127714103289843e-01,-1.549650281293344090e-01,-2.916210538488786530e-01,-1.220601429011271277e-01,-2.336502128491512731e-01,-1.325878922488269440e-01,1.118334752336846566e-01,2.766535508627245010e-02,1.696622418011301536e-01,-1.626715536968988685e-01,1.419960829190011486e-01,6.050246670052561448e-02,5.532681172925758839e-02,5.920535638286093111e-02,-1.634224064695912262e-02,-2.252476647202009130e-01,-7.263960338370561987e-02,4.811754984719095879e-02,-1.101461488676779565e-01,-1.461822423889244105e-01,-1.719545374400645865e-01,4.407699377305045185e-02,-1.270065308385359415e-01,7.573772060442675313e-02,-2.778957966273579248e-03,6.840427790348496684e-02,-2.093128222657011095e-01,3.265466197007460547e-02,1.458219546213957163e-01,1.399765463438862600e-01,9.090075853419057883e-02,1.971155802951090052e-01,1.416783235654238415e-01,1.557183516383013611e-01,4.843390996694819234e-02,-1.455949263962968698e-01,9.292649400342813115e-02,-1.760480804012664879e-01,-2.096225678172497775e-01,1.575709098257218610e-01,-4.477509474200548623e-02,-8.086088940271089764e-02,1.763254168148832013e-01,-2.816155793482852943e-01
1.777224453203198329e-01,-2.238055499147316718e-01,-1.833385918351565225e-01,-6.200145800430771625e-02,1.110573786279432512e-01,-6.427395528501483922e-04,-2.068131522212265649e-01,-1.271507454386775274e-02,2.626715891102403971e-02,1.458611419184241975e-01,-9.520169160252983653e-02,1.788703831174305869e-01,5.771119508701030854e-02,-1.744101125192234480e-01,2.123652851841023037e-01,7.709884782376610901e-02,-3.992698826708793863e-02,1.683482289487286399e-01,-2.220684279656376658e-01,-9.501447220628876644e-02,1.579549191754114623e-01,-1.678140183098453531e-01,1.452512805656852313e-01,-9.481017051741677526e-02,-1.664173852075996607e-02,-1.678030641899317943e-01,-2.175459198371572089e-01,-7.808241306219473876e-02,3.678121711221470080e-02,-1.074787019686989503e-01,-2.401664352764348170e-02,-5.100919534137754452e-02,1.567684142522805246e-01,5.479533267333506347e-02,2.306265156921130377e-01,-1.334852261613079794e-01,-4.907696171799245249e-02,-2.248343877294095017e-01,-1.934366609669608550e-01,-1.821379589425567991e-01,-1.582077325323060502e-01,5.277521077197243685e-03,1.147671127511635386e-01,-1.381197846943870156e-01,1.872470032762230396e-01,-2.037350655469910010e-01,1.814124508784960288e-01,-1.941605089644523885e-01,1.101715255238205904e-01,-2.586623944114091467e-02,2.013385285557026672e-01,-4.490668046299411270e-02,-1.279211192547020925e-01,-1.405709067855872296e-01,-9.544005466810218108e-02,-6.337385984204968459e-02,-4.667858588106675588e-02,1.296422929262287527e-01,5.328246326004478645e-03,-7.047404512024328660e-02,1.014536232416917982e-01,2.012666287559888856e-01,-1.293014871015472078e-01,-1.847703636221651596e-02
1.430641069759993889e-01,1.793312423326277188e-02,7.650698591404665738e-02,-1.093826217158186953e-01,1.496888563125632898e-01,-1.895334406162842156e-01,-2.167648799674256055e-01,-1.690874881401850938e-01,-3.306692692249237758e-02,2.316524474820706725e-01,-1.408732874436280369e-01,-2.778432792561868342e-02,-9.341019103617906327e-02,9.561365030172573609e-02,1.238574909540308272e-01,-1.949325490480532108e-01,1.586032820887157135e-01,-5.735413152874499487e-02,-1.505670674965809419e-01,1.182559691416331105e-01,-8.278954415700741365e-02,3.975503137099722917e-02,-1.673438323127271199e-01,-9.296476370465145411e-02,-7.321563654759996598e-02,1.644580486474836178e-01,1.299070852690032418e-01,-1.568501867300592725e-02,2.118022719782919061e-01,-1.358314084004728639e-01,-7.019456787734192071e-02,-1.917094380312844293e-01,-7.467034564483875439e-03,2.149267305280367357e-01,-1.718508804677296997e-01,3.112348057139274413e-02,7.587146361600541344e-02,1.246759053801219930e-01,-8.474884440403958330e-02,-6.631902718660409243e-03,1.113059967311896409e-01,-2.150244999977991289e-01,-2.313314729688527582e-01,4.450010098830486927e-02,-6.555801293107134387e-02,1.385201786439811678e-01,1.371050167362183325e-01,3.912963989100412543e-02,-1.322477576102299712e-01,7.544980614223789628e-02,8.321943297480305368e-02,-6.469844201744008594e-02,1.264118176462393495e-01,2.220406692023028927e-01,1.651548308169865920e-01,1.041594698573437422e-01,-7.654986138686423192e-02,1.212684501320971664e-01,5.551083630557630127e-02,-2.551739292876528502e-03,1.135247429681325859e-01,-9.690371657669019645e-02,-9.714348193045486968e-02,-1.039032410859354466e-01
6.653148349675084032e-04,-6.431216416997689866e-02,-2.044771871854084710e-01,9.066319672613676328e-02,-1.861857089508747176e-01,3.668691250959094791e-02,-1.725028117183148302e-01,-1.134899381840601268e-01,-1.086448360290022536e-01,-1.008810245296224914e-02,-8.083189906183414764e-02,1.710075926613277009e-01,-3.157470283196652655e-02,2.002695754761695812e-01,2.342990073859023067e-02,-1.250673597083453159e-01,1.423979475594639166e-01,-1.107907869749974322e-01,-9.111961209399284389e-02,1.201233880185754999e-01,1.956205885699464353e-01,-1.003750490459865835e-01,2.005589802564563540e-01,-1.782310525174775340e-01,-4.666162514001533090e-02,1.017104215048631327e-01,1.188720036019085546e-01,2.086703277728105543e-01,-2.776460413165967797e-02,-1.344922067139895094e-01,-2.019534506635618509e-01,6.915743412962109191e-03,1.457383920242450170e-01,1.455003101356772688e-01,1.115768975808106855e-01,7.169480516371962153e-02,-1.334170604144353234e-01,-9.656965138503678658e-02,1.808997755986210820e-03,3.552124078333075696e-02,-1.514345440540987298e-01,-1.046024641090293472e-01,9.477397827238906447e-02,1.849614897513168210e-01,1.047721610029850141e-02,8.268758213973598226e-02,1.471623875094473510e-01,1.181851877696402271e-02,2.316913899030274837e-01,-1.448086680153927441e-01,-6.957676148857724896e-02,1.125926173550323151e-01,-8.020639087554048974e-02,1.362743111847606603e-01,3.803106137091345068e-02,-1.147102826857240507e-02,-1.720438761450252263e-01,-5.497577657851406181e-03,3.964890545928686366e-02,-1.587043911810127050e-01,-1.077743566511565054e-01,2.027686642297963915e-01,-6.249449655394080649e-02,-3.470179889335227308e-02
-1.240522599319548031e-01,1.747956035814367606e-02,-1.896778836507250765e-01,1.030469532699269525e-01,5.393648212523360908e-03,1.588176137161217971e-01,-8.098910420123592302e-02,-9.742144434579684542e-02,1.179361989959860080e-01,-3.508934289326473555e-01,-1.803580493025707943e-01,-7.970852200041737834e-02,-1.069816310185828789e-01,1.268357408863723945e-01,2.339801205366088821e-01,1.649416615360863037e-01,1.196115808910127101e-02,2.484403781917430415e-02,9.082641352907994126e-02,-4.833835958742304512e-02,5.370393709346425737e-02,-1.828649547733362524e-01,-1.375180306082496307e-01,-8.311490339350768863e-02,-1.366670227104378743e-01,-1.821861835897507220e-01,-2.156117670002586917e-01,-1.043356927438440634e-01,-9.363544929736442035e-02,-1.301333989480753794e-01,-1.529422379104408425e-01,-9.947310952857217614e-02,1.713760598611105412e-01,1.248990082496388293e-01,-1.810314847639208635e-01,1.173816941074022763e-01,-5.316495122463403555e-02,1.969804084754062101e-01,6.740283460307992802e-02,-1.264030969892951939e-01,7.677491328348957922e-02,1.470374865136573894e-01,-2.278383913752290157e-01,-2.172770839254173081e-01,7.297544165211218570e-02,-1.294953841577977105e-01,2.377627568546038517e-01,1.823864681815510203e-01,8.229899468675447999e-03,-5.602788000315758049e-02,-1.620376376211264957e-01,3.236641026925865527e-01,9.210721649138101097e-02,-8.315530249367019885e-03,-1.866534697936704512e-02,-2.168288713171390159e-01,-3.525657548394688090e-02,1.084485372653976598e-01,1.225794976012801324e-01,-5.397954252562365413e-02,-9.529306404131850095e-02,5.369151484059925261e-02,-1.838491352400609402e-01,-2.117613248824624372e-01
2.236851159901868946e-02,-1.724494201568857188e-01,-2.061363849495107536e-01,1.985282455612508712e-01,-1.743111191893492729e-01,5.264715840748641212e-02,1.125499106472480082e-01,2.924881797810054834e-02,-1.059136188982274934e-01,-1.279673469379428996e-01,2.043810456582961510e-01,-1.883890526129702314e-01,1.625064751521588802e-01,-1.528749557100923528e-01,5.853809412649694371e-02,-1.337159567273829563e-01,-1.603647211272193895e-01,1.074555972684346078e-01,1.305248956504123370e-01,7.884359605129653836e-02,1.323456034055131569e-01,-1.914720996992531066e-01,5.199182204395327161e-02,-1.083245320874395012e-01,-5.765347672318139188e-02,9.274847272028423351e-02,1.802419756297781450e-01,-1.933937722277342397e-01,-1.772666962192722406e-01,1.242568516080717611e-01,-1.451119815435212568e-01,-1.152250846608190993e-01,-5.037333274481288481e-02,5.086603696357177434e-02,-1.914609736669421192e-01,1.791540090747193448e-01,-1.407599256458941239e-01,1.050834266108832682e-01,8.329919493983108103e-02,1.588574237466536809e-01,9.215611540616240605e-02,-2.203770428117075575e-01,2.065649372851420182e-02,-1.349545407155959831e-01,-1.750113396406197952e-01,-1.508300069172259228e-01,-1.944911930152653234e-01,1.771678178527559544e-01,-1.132820757350153223e-01,-2.313824578977311669e-02,1.833194500604562738e-01,7.278764847666940874e-02,1.046491404091186433e-01,1.127835200206199623e-01,1.878872577398268406e-01,1.989877140072359718e-01,-1.749326283284698136e-01,-1.871904795090092166e-01,-6.964903573386568847e-02,-1.674639939028426533e-02,1.245436030561150459e-01,3.612872948276323048e-02,-8.919388473749305379e-02,-1.217278184645825406e-01
2.033123265621265829e-01,1.164191680249841848e-01,1.177788867920146441e-02,6.325012713633385020e-02,-1.566467835757142379e-01,-1.561861315002859296e-01,-4.750554966625654407e-02,6.648398458755661045e-02,-8.583231732297857963e-03,1.438264319070970132e-01,1.632731407721953742e-01,-1.139569313561572678e-01,9.968604107940716441e-02,1.045284966614753175e-01,8.080165529714662676e-02,1.786553748676701636e-01,2.159178301662832977e-01,1.341650175397382516e-01,1.061411188683613477e-01,-6.489248685830254978e-03,-1.650930155265583066e-01,1.970440141549787902e-02,1.764504461080483588e-01,1.331812017768418399e-01,-1.933481362147248250e-01,-2.647034389965692916e-02,1.685719486510667275e-01,-2.083686578838329639e-01,-2.812784779708663030e-02,-7.983063944305038989e-03,9.442379512310164480e-02,1.184952462258189315e-01,1.319161240092744103e-01,1.149660547239741565e-01,-1.942989503424164821e-01,1.297113877244064906e-01,-1.183250611480731601e-01,6.358677474190099765e-02,8.769873144285034172e-02,9.631985906168363462e-03,-6.610838280476309670e-02,-1.954146314853131561e-01,-1.568669992851779924e-02,1.907301939035583871e-01,-1.774710894188519239e-01,-2.132170959806445332e-01,5.870068814167168220e-02,-1.589556775636180308e-01,-1.221598990108663518e-01,1.683873720791831952e-01,1.852325907025416038e-02,1.905872026067166325e-01,1.203818685326509402e-01,1.034131041871142742e-01,-3.648212750650051822e-02,5.480780188059995728e-02,1.660815389801112152e-01,-1.610584051398251948e-01,9.132467681591210917e-02,-9.822308995697680289e-02,-7.735547644370997789e-02,-1.910014641187598727e-01,2.137569944317754544e-01,-1.424077661492168523e-01
2.777764386653919920e-02,-1.422443682953115351e-01,-2.925747915978289815e-02,1.249128498075001842e-01,3.769370940909061440e-02,-5.875743624824068465e-03,-1.228929496053871549e-02,-2.110420131087162032e-01,-1.502754493141745806e-01,-6.124351566554622067e-02,7.120225019784412468e-02,-6.354949230435519292e-02,-5.629331485523896700e-02,1.482032031035447964e-02,1.031794800421591829e-01,8.599478339151349349e-02,-1.797336555277207967e-02,9.769025425521528361e-02,-1.660523244564197642e-01,2.797115409079520831e-01,-1.099173036473498760e-01,-1.979760513575627157e-01,9.394212180840953719e-02,1.116995020039910219e-01,-1.241852322717683227e-01,1.810517714437764325e-01,-5.811820061167020934e-02,-1.910002167405994503e-02,-1.605649993747368942e-01,-1.984097336435022008e-01,1.472913642436420034e-01,-1.375124139183115102e-01,-5.887556095734254244e-03,-9.105276802961331795e-03,-4.835850249031841547e-02,7.839394896318274686e-02,6.604730871996940256e-02,-1.353733273382759505e-01,-2.416327832111840046e-01,1.411286412997062867e-01,7.982331549221109712e-02,-3.610294584111767291e-02,-1.202504380712046510e-02,-1.353236411837154540e-01,-9.188022901867851089e-02,-1.403463555257939421e-01,-1.584337799438493566e-01,-2.106815524334221951e-02,-2.034552244873961968e-01,-7.918526212891467686e-02,1.732651740642904004e-01,5.086874196943986376e-02,-1.190880712571273925e-01,3.009448204622637915e-02,7.308182946078223274e-02,4.307136884676814742e-02,6.833928887164125721e-02,1.682072028132345909e-01,-8.343089693696209563e-03,-1.081372343029927685e-01,5.313070929793504982e-02,-1.056372172956200339e-01,-8.919443404416460552e-02,1.032107311993287202e-01
-7.397859653466354324e-02,6.142495354240534028e-03,7.227677706354641851e-02,-9.021109109161699890e-02,-1.791384718389217312e-01,1.440940433465125181e-01,1.712931116482170266e-02,-1.982686842261555671e-01,-1.307595641210097526e-01,-1.241215765862201947e-01,5.531794433911031011e-02,-1.794127959821783524e-01,3.144650387826869453e-02,-2.388611424629043592e-02,2.300753853287559880e-01,9.027566919620515912e-03,-5.276255871638445283e-02,1.871227855048583910e-01,-1.347277296732987406e-01,2.923288413808216007e-03,-4.553874997136726777e-02,-1.906985918928715829e-01,-8.489198121487606663e-02,2.275839488508667185e-01,-1.822544194504350512e-01,-1.780843248468870765e-01,-1.423385763474158128e-01,-2.607896564134601358e-01,-9.130649228289580699e-02,-1.304834097900107182e-01,-2.805455955734359463e-02,-2.046913862109464022e-01,2.138163740374428301e-02,-1.116969027573704865e-01,1.667074837349830918e-01,-9.510320094142120373e-02,1.978146210616402723e-01,1.821510411795666806e-01,4.126913752820941805e-02,-5.585255304933090664e-02,-1.604504269651500226e-01,9.274762204724185111e-02,-1.304943607334764222e-01,-8.347147806250070079e-02,-5.448737627656891763e-02,1.318302610143725628e-01,-1.870927476453105032e-01,2.291022703947297456e-01,-1.046408286097314233e-01,4.467959786391014626e-02,-1.854701553924796020e-01,-1.251205734341032105e-01,8.326238441575554983e-02,-4.603743167814373927e-02,-2.088438885288028402e-01,-1.771138936223674021e-01,-1.633020795567854677e-01,-8.537824960083507941e-02,7.362960941092143441e-02,6.771352136126214394e-02,-5.534667167335147187e-02,1.005055337258357190e-01,-9.071979637325908175e-02,-1.076396539793530588e-01
-1.581288941010153548e-01,-3.342865945356065377e-02,-6.656787128723569424e-02,1.772916687426830118e-01,5.827090833557354438e-02,4.417815956859354881e-02,-1.812713320240145198e-01,-1.758043686271818784e-01,1.585080081423669573e-01,3.348502423129647021e-02,1.002839464943003217e-01,-1.942527424781865381e-02,1.350784149069153561e-01,1.094238896787330662e-02,1.253758461568459937e-01,1.398771079734443257e-01,8.748072152752199571e-02,-8.894047191497507499e-02,-6.996721220403574748e-02,5.658084745108804547e-02,-7.884677006573392877e-02,1.444605544060387214e-01,1.473907847693200768e-01,-3.900911556336651709e-02,3.864069881716789695e-02,2.047164109909093976e-01,-1.679380887730437810e-01,1.684223006603779646e-02,1.543734858179810765e-01,-7.913776164336661090e-02,3.200334648452973080e-02,-1.163189580366276454e-01,1.610058839223895977e-01,1.185731169680565994e-01,1.023075946103169653e-01,-7.870429941125119122e-02,-7.292042022137559809e-02,2.177659211305238429e-01,-2.268993579960542628e-01,7.500336539374131972e-02,1.927934646687721743e-01,6.681389104538724977e-02,-1.868822028213134590e-01,1.148695222180823490e-02,1.965455023616652086e-01,-1.004555998051614440e-01,-4.158268334518574333e-02,8.511228098389328478e-02,1.979546467367390150e-01,-1.126969828271409124e-01,-1.846645939178050144e-01,1.793471000895621725e-01,-9.752745287288148990e-02,6.377334405347767632e-03,1.711313734773020345e-01,-1.221990080155520991e-02,-1.793145881869238623e-01,-1.931019404784677373e-01,9.867318188040764826e-02,2.583618725805121932e-02,-1.565858581585630460e-01,1.982838150324974236e-01,-7.512635313345915333e-02,3.179893371748414993e-02
-1.646617447404338241e-01,-1.515517562625234016e-01,3.171559682938607239e-02,-3.447584925050278803e-02,-6.942619967304403117e-02,2.285200917118302422e-01,-1.233893177608583608e-01,4.986958114682990550e-02,-6.469029079321535203e-02,3.013961952256615645e-02,1.451130893021743140e-01,1.073001274107569097e-01,-1.545639196329771092e-01,-1.595313575533786332e-01,1.894650462586166539e-01,-1.843864683706767649e-01,-1.123261336803023369e-01,1.740693226841139030e-01,7.629483707977433027e-02,-1.702634773692770498e-01,-7.027573651764547347e-02,4.747750422612478927e-02,1.961184807630815541e-01,2.536187498258898887e-01,-1.311730154349173005e-01,4.105342235579025750e-02,-1.307821955152437855e-02,5.359824475323643478e-02,1.981366367434270193e-01,1.744540774294546515e-01,2.833868721459716772e-02,-4.768670652692062750e-02,1.191671085492093836e-02,1.170217284066421976e-01,8.896754063107614741e-02,-1.794851123316067165e-01,2.111998518569263225e-02,-7.088254599692647706e-02,-2.485055746154915535e-01,-1.273435685302682918e-01,-5.237523091467760628e-02,8.753711373517411576e-02,-1.632104516892449175e-01,-1.354345538146010663e-01,-6.102821364862978659e-02,3.876770054405156984e-02,-1.791189793457245716e-02,4.475109595892582531e-02,-1.392706827698100003e-01,-1.917132339152777254e-01,5.481470866267500880e-02,2.033276330154557832e-01,6.697192291551558319e-02,1.342710987999465588e-01,-5.716002674005518647e-02,-1.876213615493189935e-01,6.827457295112726587e-02,1.390928945878397993e-01,1.183478230510305769e-02,-1.183478315677665982e-01,-1.753348241072575087e-01,3.394218045398374878e-02,6.981685713875762644e-02,8.628614345996166168e-02
-1.549373580708451048e-01,-9.061882470986450111e-02,-9.644802197386541376e-02,2.076535659712301293e-02,2.201370670963358894e-02,-1.690406917719457780e-01,1.697838934844894676e-01,-3.833407019830307322e-02,-1.098542511827991230e-01,-1.031206047973903389e-01,-7.588240370954450753e-02,-1.847626305689739901e-01,-4.542997986171364022e-02,-4.993204290189057898e-02,-1.253463835679854421e-01,-1.115879042830742740e-01,1.463144137943954079e-02,1.574584831471428636e-01,1.388606332287246059e-01,1.130145313517370020e-01,9.977631245146012517e-02,-1.636215005257536381e-01,-1.462289647519303681e-01,1.874591436834318892e-01,-2.014390365668198846e-01,-1.307006154267579268e-01,1.671610863330337260e-01,-1.379335678283139799e-01,9.001224203559914094e-02,1.096601141422939019e-01,-2.089153293931523547e-01,-1.136658733262145143e-01,8.547358679685992944e-02,-1.800635157982339030e-01,1.227133196706135382e-01,-2.202801889589098283e-02,-1.297167177054277601e-02,9.086852130680805884e-02,1.220699848174214286e-01,2.693408688379649724e-02,1.996267325942159901e-02,1.555349790881298787e-02,1.536576396253805377e-01,2.104153928857170619e-01,2.074693981709649082e-01,1.344345863159253363e-01,-2.162108580505597843e-02,1.438228653191258866e-01,-1.855148870863063681e-01,-2.235171574155551677e-01,8.292426229107552338e-02,-2.056419204168248305e-01,-1.484939594617608154e-02,-1.084104352382165432e-01,3.567242023542470473e-03,-1.679663970917557592e-01,1.770211904892502741e-01,-1.432601851366759882e-01,-7.477543923889320987e-02,8.022938930583763117e-02,-4.093828369923049187e-02,-1.899286282723449404e-01,9.959482256732815619e-02,-1.326250277897501328e-01
-4.654798919137348445e-02,-1.735084274747873967e-01,9.778600721113347993e-02,8.754408372893224266e-02,1.978310028668676390e-01,9.256690971004866153e-02,-3.510408163858885766e-02,-4.372835834875434674e-02,-7.502684042032672918e-02,4.452771552652153020e-02,1.651599921364890200e-01,-2.265479577154056179e-01,1.992154242353234017e-01,1.257071178110544252e-01,-1.157252975172588239e-01,-5.089214223330847109e-02,-6.033334581868114027e-02,9.740670451629332427e-02,3.244876962469610965e-02,-5.211148051763029448e-02,7.535782365829474770e-03,9.260656268845601780e-02,-1.131256228692887611e-01,-5.332526415440134310e-02,-1.765111247097044256e-01,1.120451911141900070e-01,8.185975837244217901e-02,1.200525876697472877e-01,1.730632699973410071e-01,-9.134508006547174819e-02,-1.882828495336555663e-01,-1.675789952325691667e-01,-7.307868218709685781e-02,-9.810323964155183429e-02,-1.466804062749741400e-01,8.519468396951856981e-02,-1.302811832062256425e-01,9.689490844033961381e-02,7.619139659677950926e-02,1.447937070829226347e-01,-1.546970731836751212e-01,-4.965976410003199171e-02,1.222512035024608812e-01,1.335867715679799894e-01,9.981194614885080529e-02,-1.470808431714254461e-01,1.244359128500893141e-01,1.111023714845764260e-01,-1.574514138559740262e-01,9.396851025633339016e-02,2.340046104391792572e-02,6.469280341902597375e-02,9.228403366306953126e-02,-7.990401958570648999e-02,2.893637569677258436e-02,-1.265890067557987608e-01,1.772445451430969265e-01,-9.591928640528288308e-02,1.836864492130341753e-01,1.338434988224787847e-01,1.761130777449997353e-01,-1.829441623606170020e-01,2.056880314798238338e-02,-1.546625118933584730e-01
-3.536078646625609445e-02,1.226172342190637587e-01,-1.067489642420780399e-01,5.460143629189666975e-02,1.965833357738209219e-01,-1.949165905460087389e-01,-7.492557268016766803e-02,-4.905245460813349723e-02,8.815363929183470115e-02,3.981922662464935925e-02,-1.112220934755864810e-01,8.514898378681592939e-02,4.440529230137645056e-02,4.614937770902008407e-02,1.683799140130183003e-01,4.074006062570228320e-02,-1.663006498822282297e-01,1.944998145843106208e-01,-9.312991755679279893e-02,1.815555187677862503e-01,7.844551132023173945e-02,1.217637839671434213e-01,9.144083457609752941e-02,1.087167203732033877e-01,1.176303956658506233e-01,4.974878882593815332e-02,-1.188620392018559374e-01,-1.510335870542927894e-01,1.468711254553657364e-01,3.380288190036571244e-02,-9.330157381094560110e-02,-2.118289955908781719e-01,-1.188030756975561597e-01,1.963503239904836328e-01,1.816790876250918285e-01,-8.215694204243534360e-02,7.065884374707372129e-02,1.728395342881779984e-01,2.021761874374042312e-01,-1.735925739416330493e-01,1.313093810502326819e-01,6.532607877447972611e-02,-1.895107685585816215e-01,-8.307503881138111890e-02,2.294864664048726910e-01,2.042668637138626564e-01,5.798691140731945109e-02,9.274072375367513332e-02,2.203946217319119605e-01,-6.082675895128469151e-02,-1.777909695840939608e-01,5.743807658653928699e-02,-6.601207934971083102e-02,1.844135035824166768e-01,-1.334398600979779526e-01,-4.659979439243694399e-02,1.070807026576970078e-01,-7.813779229681858118e-02,5.500472943771482492e-02,-1.215332463021427944e-01,4.150844889914594160e-02,7.854398217611781308e-02,9.658764013459193720e-02,-9.809494728484956239e-02
-1.874144837842383338e-01,9.637283966973883564e-02,-9.147071318746270718e-02,8.380677802662443721e-02,1.504579318501724772e-01,2.408260251821218167e-01,-6.361491985301014063e-02,2.848897280883396985e-02,1.531720566603498312e-01,-3.682024243044770828e-02,-3.580285977418814491e-01,1.124444281615392255e-01,6.063417241445377692e-02,3.648346626353415195e-02,-1.806503681926179827e-01,8.491057878806153314e-02,5.087052685591602480e-02,-6.032406764947643996e-02,3.111540530631275864e-02,2.095735952259595025e-01,2.121072516227192617e-01,1.504362249362466430e-01,1.835706249031930984e-02,9.169467901398674348e-02,-1.950353165361072283e-01,1.253985994268575765e-01,1.946290571801968239e-01,-2.173346191707720837e-02,1.341050404095573134e-01,-1.149657660670905801e-01,1.764889698289643372e-01,-8.331984313852069945e-02,1.891603240938814073e-02,2.143949122036776025e-02,-5.782450800238515820e-02,-2.106638751190489656e-01,-1.245015603975475615e-01,4.675302643491317800e-02,1.962227136954564355e-01,1.438429008349522698e-01,-6.717301175418642634e-02,1.833144484583321132e-02,-2.871219002743927162e-01,-1.282223952133541567e-01,-1.249135347007448299e-01,-1.322298498055031859e-03,1.209928770947711341e-01,-1.880251821757489561e-01,2.184745190397785475e-01,4.328748150096818625e-02,1.560496207695960535e-01,1.038306252425898052e-01,-3.818599340305080247e-02,2.123064295671879265e-01,1.419410903377537336e-01,2.324616348501328325e-02,-7.282847704508858822e-02,-7.627389751638620312e-03,-2.516611471408975592e-02,-1.365036960243438124e-01,-3.891455302388391324e-02,9.377456138462133411e-03,-3.725643168946872474e-02,-1.716653293836028216e-01
-1.705945570503192010e-01,6.938726504914093096e-02,-2.222299236465549721e-02,-1.051055400477918927e-01,-4.164676467952449501e-02,1.019250066734529586e-01,1.154110071078075228e-01,-1.164793579718122751e-01,1.359960408917454677e-01,-1.366307383912530593e-01,8.580859849134741396e-03,1.250884461784433910e-01,8.022272476745756498e-02,1.656950548646031196e-01,9.574410858486580300e-02,1.008663112054179745e-01,-2.167181254633211013e-02,-1.114222317711559551e-01,-2.073873750769799490e-02,1.217346485331205624e-01,1.480802530980712961e-01,-7.459587811047782568e-02,7.206816637586002661e-02,1.665751431422259066e-01,1.556507820919041975e-02,-6.078630652228919629e-02,1.022002217009560093e-01,7.275415365703813073e-03,-1.239079138684021503e-01,-8.800581617715781679e-02,2.142654834974101197e-01,3.537877107787176095e-02,-1.278693844817806527e-02,9.827707989294080446e-03,-1.170627803322128457e-01,1.575081320488584125e-01,9.524314364198306626e-02,-1.731411626481387800e-01,1.370385271800546034e-01,4.596171344966732547e-02,-1.279232083673066123e-01,-1.900696807758247772e-02,-1.129468485959440882e-02,-1.334879437801462509e-01,9.891373896282248945e-02,-9.166452639414622225e-03,1.784109737857731137e-01,-1.180427752317843582e-01,-1.156084454652765992e-01,-6.963908098866064544e-02,1.885537307686707686e-01,1.584063497756334205e-01,2.078543536479674214e-01,1.457087761797777048e-01,-1.432135480878457268e-01,-1.592936845446113192e-01,1.511419203877576167e-01,-1.100236856457319440e-03,-2.058824828877392141e-02,2.066745400566828705e-01,-2.700428028972694586e-02,3.018446631482667522e-02,-4.119236446243686178e-02,2.075516402647762659e-01
-3.132516756330915031e-02,2.754449081681397890e-02,-1.083161796910035585e-01,4.443983995680504673e-02,9.700851602560131570e-02,6.124626125596527998e-02,-8.003943644326270979e-02,2.693670269877545403e-02,-2.603135728066350782e-02,1.924959591502436312e-02,-2.052886000578585668e-01,2.202833611869304820e-01,1.068268884290028004e-01,-1.181918353448348225e-01,1.019248250187597266e-01,6.479732928645608181e-02,1.083341091160547331e-01,2.216540702618609027e-01,-1.191274524495568865e-01,2.588319580704579598e-02,-1.813779591318313844e-01,4.140686792377940711e-02,1.466901577780999055e-01,-8.583500012055815531e-02,-1.847465312178138697e-01,-4.088431050324789484e-02,4.001993565469511710e-02,-3.972351381115880181e-02,1.588610442282593557e-02,3.839283424014124351e-03,3.964110040421263415e-02,2.006697117632452732e-01,1.823533263730308107e-01,4.207192985775174560e-02,2.463926747072407697e-04,3.839097816204106034e-02,1.649001015024164629e-01,1.124091608560247035e-01,-1.341345515389612830e-01,1.856114602266517588e-01,1.173180994935739130e-01,9.434040932992769635e-02,-5.710269918983944953e-02,-1.254276925550379118e-01,1.474480423584522415e-01,-5.971933440053964204e-02,-1.656928212988746929e-01,-2.075615421695097829e-01,-5.585137384709506353e-02,5.580347514530750036e-02,1.233842989134129875e-01,1.444767758798034540e-01,1.525245967884855391e-01,1.642289665468996407e-01,-1.728937134549968779e-01,1.284739288766326981e-01,1.102421334589594737e-01,1.828097254287089635e-01,2.049186744460177734e-01,-1.742084105139864725e-01,-1.609264275191960580e-01,1.018619779565924366e-01,-7.487749898210949162e-02,7.897341287405536259e-02
2.307410737304762260e-01,1.388702683649870595e-01,7.506718238975822188e-02,-8.241924521106337720e-02,6.580746762055282584e-02,1.440835195586719075e-01,1.729848796288450397e-01,-1.348122239459113580e-01,7.097429813904163054e-02,-3.656633882800878338e-02,-2.357707932968599596e-01,-4.851699047412830201e-02,-8.268927050776336829e-02,1.303936672279412123e-01,1.985023850292716441e-01,1.104165541793187544e-01,1.441689367852929393e-01,-6.601970112886687558e-02,2.060288838799423650e-01,-1.195603397101137194e-01,1.145296433156895166e-01,-1.103333933948354439e-01,-1.538519706814357180e-01,-6.452362978104353441e-02,-1.225841812380712992e-01,-1.374764977912407982e-01,1.897776793528583661e-03,2.847517015811694141e-01,-1.272437505489344700e-02,1.121400589188779745e-01,1.877416328997797146e-01,-2.297234942441496452e-01,-2.290672161229601739e-02,-1.062992827441165827e-01,-8.855610011422236638e-02,1.120638975032963724e-01,-2.648005733819793622e-02,-7.404953567881806392e-03,-1.659329976398671302e-01,6.403523999948133871e-02,4.734173263668959436e-02,3.969782187139316021e-03,-3.104325916269519703e-01,1.389361314306717943e-01,-1.219790980722100099e-01,-1.197045552277539726e-01,-1.106046907332699503e-01,-4.317886288810967449e-02,-1.693912442360373527e-01,-1.717910274408191162e-01,-3.821934440804765354e-02,2.170839068028971308e-01,8.417843416820294800e-03,-1.570793487613833528e-01,-3.342075838450854763e-01,-4.152675127204912692e-02,-2.498766295767729240e-02,1.211995619887529657e-01,-1.536109600276703291e-01,-7.012964487375383804e-02,-1.795364586162879472e-01,2.378162416251153322e-02,1.667793642966004519e-01,-1.341088705839505457e-01
