1.051737080067369212e-01,-2.039785327041121199e-01,1.732878701226888418e-01,-1.769631082200714967e-01,-2.011217460041074545e-01,-2.983323153391292254e-02,1.325989366841426043e-01,-6.450981127119850833e-02,-1.172573952765349758e-01,1.216550979817729583e-01,-1.170658415895904497e-01,-1.450831921215771092e-01,-1.834352657821139709e-01,4.130244667217602278e-02,1.529447149248180648e-01,-1.207641959895838502e-01,2.211209331097872821e-01,7.128148864923931904e-02,1.248839647299097577e-01,-2.184700724112712544e-01,-1.148142565236852514e-01,7.512665895215975276e-02,5.484637830526163660e-02,-9.192635699036505459e-02,-2.169928389696562654e-01,-1.201923465548229153e-01,-4.575865659617937842e-02,1.223830675187878858e-01,1.525868671956105427e-01,-1.876014294148531658e-01,-7.385769531395540433e-02,-6.035834368016576579e-02,1.028333344804834848e-01,-1.310840234301505480e-01,-1.110538944229423203e-01,-1.909945786504917697e-01,-2.091406619540903469e-02,-1.324359137159435429e-01,-1.219261463712307536e-01,9.154223422177616698e-02,1.475952765944011924e-01,4.542695938435699354e-02,-1.600151064602515494e-01,9.219820179986961198e-03,-1.328103344883365955e-01,-1.618387573254282119e-01,1.919650989693440224e-01,1.483713218138859036e-01,-3.456138539047679675e-02,-7.806955527385979476e-02,-4.453486791196008265e-02,-3.278603058930339847e-02,5.560954144684357447e-02,-1.486671795264056239e-01,1.637019462758997623e-01,8.676620918782150527e-02,-2.458971543212465083e-01,-4.693061068284806042e-02,1.775638440723538436e-01,4.541470129153082208e-02,1.292567399996273902e-01,-9.087499367434366537e-02,2.124699782885958177e-01,-2.500265098183408058e-02
1.878921389045787871e-01,1.260410752965935299e-01,6.941821876009443559e-02,-9.385601149024347389e-02,-1.970466102791552376e-01,4.243865818547847696e-02,5.094485144016249606e-02,1.228095079526860256e-01,-7.060976659494026808e-02,-1.036814715061876585e-01,1.095945847785212979e-01,1.861300342745018932e-01,2.070120393456564289e-01,-2.048008949283745828e-01,-2.297480856546101416e-02,-1.165233657366360198e-02,1.331147065783065964e-01,-5.336215548442113654e-02,-9.735072721513157723e-02,-1.402088806911393204e-01,-1.368231754049283044e-01,-2.337293432585730787e-02,-1.952107771380922063e-01,-1.319542035432836463e-02,2.797587014766842600e-02,2.738836215040077460e-02,3.318602884169628495e-03,-1.624320024976954324e-01,2.196096241187983633e-02,1.525741695244122176e-01,-5.911170211464028025e-03,-1.150598776401431413e-02,-5.649423699451699976e-02,-1.965024993422936350e-01,-3.247672458260652401e-02,1.043803512967687724e-01,-3.756241113594135927e-02,8.914209833765185387e-02,1.211109635031995674e-01,6.142589614731486930e-02,6.839926912005316051e-02,1.898345642619897466e-01,-5.205286686179530498e-02,1.489476192017423484e-01,-5.033483612346412997e-04,-3.105171982891469576e-02,6.327937750750586843e-02,1.262220458652069943e-01,-1.679232729567809446e-01,1.693747543471903760e-01,1.206250770023785251e-01,9.631920303277492768e-02,-4.967736502323939762e-02,1.171402924587464228e-01,1.633603376724654666e-01,1.099099675764342865e-01,1.819993372001753873e-01,-1.793966945595513451e-01,-1.199497005068236866e-01,5.003987043748379243e-02,1.970363945517018545e-01,1.284188575435405710e-01,-1.497361381692726701e-01,7.804200828979727944e-02
1.700330365608964528e-02,-1.092824384800735737e-01,-1.523260876088646798e-01,-1.592681309087449759e-01,-1.902461350375168198e-02,-6.714866936054926516e-02,1.430167837102401529e-01,1.132164921432159549e-01,-1.409087363791121372e-01,-3.861842924433304264e-02,-1.905957954824027134e-01,2.110238685628272048e-01,6.501811110259216042e-02,-7.564288061572593813e-02,3.008495688418696273e-02,8.616193763961257912e-02,1.175566804268275284e-01,-1.884819213240034874e-01,4.677606818342384259e-02,-1.653937607760750383e-01,1.502223834993531293e-01,1.175582700042575729e-01,-1.765622595351268864e-01,8.705079383933972403e-03,-1.942873795639538936e-01,1.574025949549949510e-01,2.086421899605188646e-01,-5.542391256580094655e-02,1.093371146961799739e-01,-8.202251387473594169e-02,8.064527555498782543e-03,1.913595275765621329e-01,-1.029350452689611374e-02,1.200297360441401340e-01,-9.786783057275365294e-02,7.629929541323952902e-02,4.429341571920864667e-02,-3.155407359330984068e-02,8.934211118312464228e-02,-1.920588858299974722e-01,7.004426222648021949e-02,-7.505509009868164064e-04,4.191774974185805830e-02,-9.029238878723798434e-02,1.707237798802122286e-01,-4.388267065039200276e-02,-1.499642163275770324e-01,-1.993593251658153931e-01,8.031871711959086280e-02,1.598560683707890284e-01,1.908676532138111059e-01,1.224528950364686328e-02,-1.851573410242657869e-01,1.760816812370100126e-02,3.549521042701093282e-02,-9.962136725849833618e-02,1.109169375352988401e-02,1.976233866169951545e-02,1.086465896198674230e-01,1.192450062883902429e-01,1.082184787693774713e-01,1.792542918398172189e-02,8.902382043329656880e-02,-1.066985294041701698e-01
2.029678636983164308e-01,1.044538994916923702e-01,5.502932046006725475e-02,-1.846363788853672139e-01,-2.668411120466522915e-03,7.455413858398156346e-02,-4.610938554196037514e-02,-1.050339715352929665e-01,-2.049489739160378354e-01,8.926896553294480507e-02,-1.526146848918493171e-01,-8.877272793221895053e-02,3.817521449139635314e-02,-1.955692930670513419e-01,-5.841496597626540978e-03,-1.956415535244301895e-01,-5.734049120609890221e-02,4.716709024828452668e-02,1.850733786483357846e-01,-4.174992878121537576e-02,9.848978875879260686e-02,-4.254441758688588121e-02,-1.053523403183768276e-01,-1.176726158051179666e-01,1.097971301254690307e-01,7.685854096221429038e-03,1.731945722963835754e-01,6.765733025803334633e-02,-8.925260558988337353e-03,-2.083656004579350074e-01,-1.110468405408451126e-01,-1.241778902089882702e-01,1.120683890542884670e-01,-5.039963783833875666e-02,6.156868506521896017e-02,-1.326110152182698454e-01,-1.458062499367811411e-02,1.263052032230323474e-01,-2.166253932604471355e-01,7.643847997821776041e-02,7.870679762884745523e-02,5.992871156725505105e-02,-9.493940000076975250e-02,7.879963185528393588e-02,-8.323398245239266476e-04,-1.544278434146799384e-01,-2.158575873305907111e-01,-1.055865551177998796e-01,-5.544476746911549542e-02,9.698288507038711759e-02,1.788291779501743062e-01,1.305558328262609036e-01,-4.015453889036486868e-02,-1.457444562053364645e-01,-8.243149881400949064e-02,-1.749698194606663648e-02,5.020014108163299571e-02,-1.396529745929661892e-01,-1.818523670841853401e-01,-8.305700336309819465e-02,-1.378671061133846520e-01,1.651909218984201344e-01,2.482190323610142593e-03,-1.784609499066441562e-01
-2.022383922754511509e-01,1.078869743535064013e-01,-1.943797211073706732e-01,-7.031100305013456009e-02,-6.787992809141968342e-02,-2.234572838275328613e-02,-6.733640233175773593e-02,-2.098071800704403578e-01,-1.658632296516158178e-01,1.796581696091350544e-01,1.304491559011951574e-01,1.665264375069800407e-01,-1.703049277664165917e-01,-6.142411937396405341e-02,-9.818428722552027810e-02,-1.712284659370527096e-01,5.692823978517849021e-02,-6.236135620288894149e-02,-7.349965043593234548e-02,-3.972695109494544380e-02,-1.253509287098214520e-01,1.685799164348310564e-01,2.623560286948662876e-02,1.906051563405168903e-01,-3.438621398003129798e-03,-1.419683172318068343e-01,1.261949826239497918e-01,-1.235115927021690901e-01,-1.254593124913211399e-01,9.135926946843009322e-02,1.435465355614559124e-01,7.627075382512221724e-02,1.808241190480271710e-01,-1.454843834528822266e-01,4.045878676814965158e-02,1.346898702483217136e-01,-7.052215066611081107e-02,2.435606031561921014e-02,-1.199085456811125813e-02,-5.045711248534157783e-02,1.341502942550510391e-01,6.996157221361086476e-02,-2.087259073537430787e-01,1.389975039006441371e-01,1.538710244568868846e-01,-1.155463105427517595e-01,-1.056222534241213207e-01,1.125432357861187727e-01,2.328287136479460784e-01,1.477156421333286895e-01,1.964247178188830711e-01,-1.118372024379204327e-01,-2.646299947430581084e-02,1.414009132271992208e-01,7.421187674922415101e-02,6.435064419758113052e-02,1.796637857355534440e-01,1.861328784295847860e-01,5.994534091623193034e-02,-1.256419991381850787e-01,1.463152797108595582e-01,-1.849128759349298878e-01,-1.751446895203219445e-01,-1.390689474142948190e-01
1.063536241813518440e-01,-9.087812548134566182e-02,1.527238932570469110e-01,-2.213762504411163623e-01,4.860155484769890233e-02,2.164204088165357087e-01,2.042979885111366745e-01,2.259836636033060453e-01,-5.020434686725182283e-02,-2.089221093121703399e-01,1.082864257359187204e-01,1.105305172013268944e-01,1.853981878028089225e-01,-1.289186390641346436e-01,-2.008116799426699645e-03,-1.423660126387481240e-01,2.378330147482371482e-02,-2.341188279911234904e-01,-4.306511121004523435e-02,7.470418485129598496e-02,1.509994425788791228e-01,2.908788607507876642e-02,1.981610548754066947e-01,1.448975962700244646e-01,-1.492523585982352130e-01,-6.745227419816145209e-02,-1.739987461505866362e-01,1.860430242248852992e-02,1.905691019806703967e-01,-9.754212502394056516e-02,-9.699912496594793876e-02,9.982491191579884182e-02,1.552695170546473380e-01,-1.568450749461293148e-01,1.726693416300294492e-01,-2.102506483349386168e-01,1.850139263687003710e-01,-1.217083159617038252e-01,8.348312862048609673e-02,1.789623041493004774e-01,1.413604813673332294e-01,1.646398202952543618e-02,-2.043376270338600198e-01,1.370625807384568129e-01,-1.588447551150454218e-01,1.667437093410860938e-01,-2.106491992588247208e-01,-4.543452653619049764e-02,1.669124341930668110e-01,4.587097280211677175e-02,8.406537364124298806e-02,-4.906440211751481040e-02,2.004974563549569069e-03,-1.562160628647262239e-01,9.938401383721158500e-02,1.309008144540369234e-01,-2.080716169843448982e-01,-7.125715596716727940e-02,2.748647943069573371e-02,1.225573659202429250e-01,6.225158592502534616e-02,-2.084355252314872842e-01,2.241311622279910654e-01,-2.166149096894606080e-02
-1.590230717261128038e-02,1.653758507617262008e-01,-1.369099457419809818e-01,1.299445572180189801e-01,-1.817473418397137774e-01,-4.569554261302277709e-02,1.624736365302660024e-01,-1.181665228389741727e-03,4.559495194059125928e-02,-1.294955768745925662e-01,-2.199657804121782634e-01,5.874219838594130216e-02,1.768337389232445822e-01,1.834703799886117648e-01,-3.882617816713222758e-03,-1.307418003252121819e-01,5.514333936410644073e-03,1.123495512133841356e-01,9.849797411324133500e-02,7.092155871286116853e-02,2.326978176192651127e-01,1.682256926444670175e-01,-2.284517783824462633e-01,-1.927426470455482765e-01,9.035840021380597831e-02,-1.255750959415667112e-01,-7.147322960124705138e-02,-1.707794114864928658e-02,-2.934304435679528922e-01,1.746039968019157118e-01,-1.788490535378299273e-01,1.078034085437326248e-02,-4.893295243238277720e-02,1.532781491343042923e-01,-8.810977806878200758e-02,2.937755279854901633e-02,-2.086733482801510497e-01,4.277069936686680313e-02,-9.507541269055555522e-02,1.367573426700667838e-01,-1.449180659392750592e-01,-1.349724640733509229e-01,1.155175612462183421e-01,1.118437964195522910e-01,-1.364767311776619862e-01,-1.390529231652170850e-01,-1.851135204948588520e-01,-1.437759891751204736e-02,-1.065639147103987355e-01,-2.769561617688402061e-02,-1.692319851723952939e-01,-3.803243214508809922e-02,8.255742434764692939e-02,-1.380787172149838815e-01,6.432293014011671028e-02,1.609070773750669869e-01,1.261157646004631705e-01,7.774132087158981685e-02,1.302290009845150365e-01,-1.622162411891468758e-02,-1.056383119940752791e-01,-1.351516929195390460e-01,-1.893181911147767682e-01,5.585394204131254904e-03
-1.500226009241114322e-01,-1.361922413085770722e-01,3.710482149571878857e-02,-2.102214599305108345e-01,7.948709759802750907e-02,-1.126110434387076753e-01,-2.209708245675691754e-02,-1.611318420206713301e-02,-1.399400732314704243e-01,-6.380770184149851809e-02,-1.592405631577339664e-01,1.966926019681450866e-01,1.858706481672493249e-01,-5.843047639453267245e-02,2.002396974867054827e-02,-2.077054723491232324e-01,1.874001164459897575e-02,-1.832502427137948364e-01,-1.773137315598394548e-01,1.705038436910237820e-01,4.518831845214577037e-02,-1.368501411758744624e-01,-3.392568471987696815e-02,1.247221570486274772e-01,-1.013352469755751800e-01,-1.707876618767988908e-01,-2.199988176064751888e-01,-1.015406925396616089e-01,-1.418047206463054176e-02,-1.440835141872052472e-01,-4.696272130652465182e-02,1.206948375365367310e-01,1.458575500405863146e-01,-1.050623722972890556e-01,7.030127292860731923e-03,-1.627167161590444833e-01,-7.102905285815031000e-03,1.269125809717409625e-01,-2.100124883261368647e-01,1.794750424874784756e-01,-2.047432343920538994e-02,7.844212362393039595e-02,4.333976223464582576e-03,-1.914983633076964009e-01,1.754785814364556717e-01,-7.204631241162033628e-02,7.221417827926043202e-04,1.729302832569398762e-01,-1.475237491795159950e-01,-7.140396253926729886e-02,-6.922462808574836313e-02,8.739097805840478905e-02,-1.270341996837356657e-01,2.495632124006344488e-01,1.052672758667835690e-01,1.950066562213469690e-01,2.143520123046862430e-02,-6.672828507115331764e-02,-7.819741278506826820e-02,-2.708828403807802057e-02,-2.006386376180270548e-01,1.311741835895033348e-01,-1.349947190270033015e-01,-8.977023433681419196e-02
-9.569549727892946722e-02,6.464394455509243909e-02,-2.041948525630366690e-02,1.758695785929523803e-01,-8.510422470572276410e-02,-1.252832432698045284e-01,2.302795604747933170e-02,1.264703936516707594e-01,-8.707742933320901380e-02,1.274704454133098186e-01,1.828825655598815547e-01,-3.088992730915237142e-02,1.896795895335105231e-01,1.115616692251310410e-01,-1.619693339838280954e-02,-1.386954293942190553e-01,3.875688513924526596e-02,-2.121659982045586978e-01,1.239376501501841393e-01,-2.115025753833809918e-01,4.305025036442956810e-02,-1.541125106882327948e-02,-1.579239144681874318e-01,2.288856444641210880e-02,9.105783797496092014e-02,1.183051691074391287e-01,1.582054255248811769e-01,7.761286172165426933e-02,1.082785242126319825e-01,1.214070115604357764e-01,1.711849262923944015e-01,1.782956752310985438e-01,1.958599260501774630e-01,-1.427046742697110626e-01,-6.247596874027936537e-02,1.695243422427087643e-01,-3.043507873467208441e-02,1.123590639781840428e-01,-8.496020846806691396e-02,-6.246638561698562853e-02,2.101874129913479106e-01,-9.503547903312263567e-02,-1.494840754353319312e-01,8.370646568345690985e-02,6.506181035753844100e-03,1.711821851147082851e-01,-6.284778326229686907e-02,1.573019082545808467e-01,-6.948131533297198514e-02,8.789969603621716754e-02,-1.903143717490453635e-01,-1.628485492150190395e-01,2.014942107132537130e-01,-3.188637290858196711e-03,1.360833784437844307e-01,4.647401556160465214e-02,-5.248475042278835656e-03,-2.166127594205063608e-02,-1.889404126330804512e-01,2.058802080536649773e-02,-2.250938643527765626e-01,-3.982791888027389926e-02,-1.620156145154627303e-01,7.839323584232399389e-02
-2.259367276561608309e-02,3.882240059028001927e-02,7.976787385064641744e-02,-5.953292659971595041e-02,-1.640069513762378861e-01,-4.496461294289577637e-02,-2.356612278655873804e-01,1.894998989763705122e-01,-5.427015164179809642e-02,4.989896552402522251e-02,-1.394756514751709642e-01,-1.269025502341369904e-01,6.472803482653273315e-03,1.927086414966106553e-01,-1.671043613846230624e-02,1.867526640416557471e-01,1.507683079782891344e-01,7.434366376530730791e-02,7.866510245565982995e-02,-5.132328058771757490e-02,-1.281159438597505029e-01,1.742382015195939882e-01,2.153507068909298328e-01,2.408132007714083589e-01,-1.897936717828153097e-01,-9.983664665889196987e-02,-4.730599868881558284e-02,-3.522707613643740604e-02,2.663249286709492569e-01,2.850099352175222180e-03,1.569961828389887792e-01,6.199389151903402645e-02,-5.816564572386496296e-02,-1.952817267753718666e-01,-1.194156159003292722e-01,1.838268330513073701e-01,9.336310089976604734e-03,8.314275244368353468e-02,-1.883177116350738256e-01,-7.200054012719776797e-02,-5.579183868471908336e-02,-1.451329918539440433e-01,-6.941446117476446354e-02,3.201877673599639457e-02,-1.244148704544588563e-01,-2.219179216368711294e-01,-1.141148140016352008e-01,-4.023791630645368739e-02,1.374099860753028590e-01,-1.541512638994327333e-01,8.477402596030449156e-02,-1.009982321465993510e-01,-1.449298652283292042e-02,-1.027375890986732265e-01,1.863199194366073341e-01,-1.652722755400591256e-02,-1.105561022267017024e-01,6.817325596394489817e-02,-1.665274380421165323e-01,1.265825816933575654e-01,-1.237090872691308935e-01,4.410647711014130390e-02,-1.470648075342492200e-01,-1.331358518790476120e-01
9.214515251763230608e-02,2.218755027217193254e-01,1.828593263049413734e-02,-1.744377521839467482e-01,-1.734494462840777407e-01,-8.818799784245334034e-03,1.934558223904421226e-01,2.137009151183727196e-01,-1.422227400566836997e-01,5.739399559142580390e-03,-3.508184348907569805e-02,2.075900311033544166e-01,8.139658170720949493e-02,1.829674649261707198e-01,9.408971718890256353e-02,-1.608889775333929573e-01,1.321482206334132770e-01,-2.792623134909960614e-02,7.762448073731262332e-02,-1.034850776420499496e-01,3.911760556158978830e-02,-8.750720169932903192e-02,-2.534412900756182613e-02,1.280121024592118517e-01,-1.903060893097577658e-02,1.628760130519878724e-01,1.872882603983415106e-01,1.669918443573021605e-01,1.010267789022511326e-01,-1.086088092725163018e-01,-1.767247484623332143e-01,7.064491389200755478e-02,-1.619199501059831736e-01,-1.497330751923850733e-01,-3.641023899053934254e-02,-1.380827814927637620e-01,-1.262510086438898595e-02,3.498976288349452818e-02,-1.593954363360108040e-01,1.705437130876900353e-01,1.344789906669393610e-02,1.792702107766362962e-01,1.439111632252831896e-01,-1.950580936351567485e-01,4.087386076450717776e-02,1.301720812622907120e-01,-1.640658687430496809e-01,1.539452093782417708e-01,6.288119720111551292e-02,1.738995260084280348e-01,1.397656909408574732e-02,1.162519420467067639e-02,1.971114004915518452e-03,4.069243652143073042e-02,1.559941748046158871e-01,6.482825960851725661e-03,2.039290806617626364e-02,-6.049856486895251878e-02,1.846308640527880574e-01,2.861551640325535155e-03,-1.856172476283685369e-01,-1.428771407417277206e-01,-1.926813140938813673e-01,1.851748964627652483e-01
-1.499697109902442260e-01,1.745721703838088723e-01,1.403489956532740501e-01,-1.513776314084540331e-01,7.357279676450919411e-05,4.608509414334190785e-02,8.471048782751713913e-02,1.698841035702951252e-02,-1.028122817918641491e-01,-1.128319287716359198e-01,-1.612916393331736142e-01,1.103939877874457881e-01,-2.068563333886294930e-01,2.104790056997094538e-01,-2.070720988723007486e-02,-4.537456305623615432e-02,1.186500064031653923e-01,1.864115121423486621e-01,1.318012667140530114e-01,-1.619227576582082939e-01,-2.016598526167872329e-01,5.203031757688530989e-02,-1.292760024196044077e-01,-1.483747152762406873e-01,1.427859335871995983e-01,3.748521282654199843e-02,-8.500437588362216162e-03,-1.699081448080859424e-01,-1.720176648793383667e-01,-1.315356356490461343e-01,1.399695893950470837e-01,1.620098084538006133e-01,-1.127671243796815603e-01,2.028258367999125900e-01,-1.147563090873849334e-01,-1.161611645034200252e-01,-1.883358673426821159e-02,1.812578013870764782e-01,5.926809466168832252e-02,-1.850924630692387940e-01,2.082620999319745869e-01,-8.514328526267188335e-02,-8.565723374808746626e-02,8.731795787351818994e-02,-1.528915821036296585e-01,-3.408096427788268740e-02,-1.713183446478535599e-01,1.065846155662725642e-01,4.491900491029525433e-02,1.831619357903458700e-01,-1.101054636942967319e-01,-1.722723253613616945e-01,-1.026467441869299418e-01,-7.608637602533639688e-02,1.140882009556019316e-01,-8.848873275756009849e-02,4.247114042482823260e-02,1.130405440541871892e-01,1.759713618351501918e-01,-4.630971820477224055e-02,-2.283442068038824824e-01,1.798470270404597601e-02,1.545266506378942528e-01,1.979106149448556576e-02
-1.189891325463524746e-01,1.082014059783661247e-01,-7.087831994689421100e-02,-2.323045164084782122e-01,5.981623061887160475e-02,-1.479505727272272808e-01,1.794734264936103940e-01,4.003918631110363162e-03,4.821289862582536084e-03,-6.515733775117445170e-02,-1.168970492061361388e-01,-1.573199905341056692e-01,3.549235006417586491e-02,-4.816807802271541074e-03,1.956902035699202014e-01,1.562673510486076167e-01,5.000831369192242082e-02,-5.761221323617361084e-02,1.742131389354148185e-01,4.024747240557311617e-02,-2.571661513213069697e-02,6.115288405596351617e-02,1.869671848230271272e-01,-8.510511420023078588e-02,1.251834334784294456e-01,-5.056821448197428709e-02,-3.078315388825650714e-02,-1.224440480672922965e-01,-5.983211195568394897e-02,8.278332165115587227e-02,1.608894523011169808e-01,1.189093651100305848e-01,4.927533736036237427e-02,1.062280958120474794e-01,6.572557237635840398e-03,-2.028684689422573240e-01,-6.780708030344103840e-03,3.238898336999045807e-02,4.464003302236191351e-02,-1.160572693046574809e-02,-3.002642994475089935e-02,-5.752297466762364836e-02,-7.926761381546400254e-02,1.883106844815140013e-01,2.095428215278183348e-01,-1.240643256640166503e-01,8.521121350898529234e-02,1.077069953188248691e-01,-7.893972652578769289e-02,3.827027227183897595e-02,7.882735815904003129e-02,-2.001317252670647140e-01,-1.353109860585261226e-01,-1.390422940986714706e-01,-2.317419563740230892e-01,-1.471839771951811426e-01,2.133249741206677541e-01,-1.628076537613972474e-01,8.270300150395724914e-02,9.999935093014486465e-02,8.456378541464851240e-02,-1.239595617167763286e-01,-1.255519859115678816e-01,1.767620837724354632e-01
1.021708967277573654e-01,-1.324399297797786423e-01,-1.869722521044661356e-01,2.021052764607884633e-01,-5.264034352886685919e-03,-5.380880126893135967e-02,1.834854540826728331e-01,1.689203012251170796e-02,-1.644388746720648053e-01,6.757780690066943208e-02,4.284922936074126582e-02,-1.621953034536918747e-02,-2.999023124852337463e-02,-6.485710435525465778e-02,-1.570957050340150152e-01,-1.715780952490310041e-01,1.495844966461516157e-01,1.804855887670915593e-01,-8.716595327992381070e-02,3.911262140595450632e-03,-1.771102090272800300e-01,8.135067420068671507e-02,-3.239437404110908497e-02,-1.301258859529369483e-01,-1.313320063226753598e-01,-1.568222307725315456e-01,2.875565585857115317e-02,-5.331790970003000285e-02,5.561742622613082693e-02,-1.467136518176386482e-02,4.424443833477741117e-02,9.581042341685018504e-02,-8.455155264858833786e-02,8.897056812381760882e-02,1.187324344746085170e-01,2.018476445409699005e-01,-1.384208063736954916e-02,-9.414555870329729959e-02,2.609782824078745941e-02,-1.245704922177397200e-01,-1.104375169048330829e-01,-1.128863890500072520e-01,-1.084987002028619807e-01,2.219729576050830933e-01,-2.688665363296691146e-03,-3.692250980204359739e-02,1.996415540612043182e-01,-1.886364668061334474e-02,3.912281345605750360e-02,1.707245820875447628e-01,-4.939176009443537602e-02,-1.500854212211183425e-01,-1.079166466011890618e-01,-1.925446708384254968e-01,2.027771163519448971e-01,2.087718858988645565e-01,-9.260388696560210853e-02,7.351131978883920434e-03,-8.979405042147616325e-03,-7.379120161656370358e-02,-7.973523693289118197e-02,-7.301236834814613108e-02,-1.282590536747856003e-01,9.130600173051559021e-02
9.159325851090601919e-03,5.512339742806358911e-02,-2.563031539499406597e-02,-2.320368692067455996e-01,1.740085834727744529e-01,6.871787170874338324e-02,-9.164418910447313590e-03,-3.493506211351867230e-01,-1.351337274227976670e-01,1.821107209991792431e-01,-6.571839125913993274e-02,-1.019645185845837743e-01,-1.828841367733784473e-01,3.368728808703896904e-03,4.824512447272260446e-02,1.655543291997627620e-01,1.651467486996831269e-01,-1.646204668344269581e-02,-1.317287797192795706e-01,-1.618970518979334638e-01,-1.359513619662436890e-01,-1.826578702656859732e-01,-4.127195488576163420e-04,-2.168232749870667997e-01,3.512094902957237086e-02,9.788474364715336884e-02,6.629910923112856957e-02,6.114765411672069828e-02,4.447396366197269024e-02,-2.061499491373059711e-01,-1.105259666515281403e-01,-2.047271185069140242e-01,-5.339232864383350319e-02,-3.441248672828604860e-02,5.399201463377367033e-02,-5.329608150304837588e-03,1.583702042954854561e-01,5.435024639615068653e-02,9.234655275651790229e-02,2.620807351004869612e-02,4.549287846621242332e-02,1.175321091154352127e-01,7.869953566356047148e-02,1.114328187934909287e-01,2.098635111779859341e-01,-7.831346469043051761e-02,-6.735320159744717650e-02,-2.007028333464272729e-01,1.675876058338524044e-01,1.234254912204926502e-01,-1.427358073185196474e-01,-3.468848121339134644e-02,2.037962625315997978e-01,1.053076540229317022e-02,-7.066707297351276784e-02,1.624113584260410970e-01,6.168031789743627646e-02,-2.621331458366782940e-01,1.747348075047742144e-01,2.176375080391623196e-01,-1.386260711639475673e-01,4.359646344042970856e-02,-1.549591195999055690e-02,-1.745625666664960829e-01
3.993193720666716323e-02,2.044655131103239598e-01,4.947395457351844855e-02,1.259626212890813390e-01,-5.121812114980755365e-02,2.029483570898273637e-01,1.561232246810706215e-01,1.408329051970341403e-02,-1.792143878669626988e-01,1.855936354439254865e-01,3.922828490893796177e-02,-1.032106986713035163e-01,7.494952358498094269e-02,3.476499195874491882e-02,-1.340804103399892699e-01,1.601858739330639086e-03,-1.626305450301821220e-01,5.581275779427228179e-04,-2.485814909414065313e-02,1.502748882917004647e-01,-3.327753541103087385e-03,-2.039451877497869547e-01,1.585576288110973620e-01,1.779653166793285779e-01,7.461940724196501618e-02,2.002732966287972260e-01,-6.271097492824068663e-03,-2.110610791470430431e-02,1.984258734449425299e-01,-5.828767579964486828e-02,8.790566458318956056e-02,-1.800513328478078184e-02,2.003086017064507618e-01,8.549589497971030183e-02,9.650674149399073032e-02,-2.068769816864356181e-01,2.070968278753348712e-01,-8.254530459116243835e-02,8.117786223104511700e-02,2.540581836483958231e-02,2.289000399285222656e-02,-2.098890978916137795e-01,-1.168073363174036011e-01,2.004925273254530294e-01,-7.054177636721638278e-02,-1.550881916964274854e-01,-9.920870920600048659e-02,1.634129778174573666e-01,9.960252520091446293e-02,-1.301558461009260648e-01,-1.842424802902003500e-01,-1.252973798547290683e-03,-8.388933066040446529e-02,-1.985943320139589297e-01,-6.902720229698353083e-02,-1.137351359040994075e-01,2.215880248152846954e-01,1.707419012296893523e-01,1.284822838285514801e-01,1.714086478210452569e-01,8.060212251266619943e-02,-1.062789661759104276e-01,2.077024383288453013e-01,1.754540904130012513e-01
1.284551801197681142e-01,-2.060206820395623362e-01,-1.510169284474849605e-01,2.017403284549170728e-01,6.033549376305531037e-02,1.738263542626969915e-01,1.198192637903387064e-01,-6.813636370452365310e-02,1.899791481945928562e-01,2.306094354406272584e-02,5.331338942930165248e-02,-6.889026320235788758e-02,-1.843099238161235998e-01,1.300017979917392208e-01,-1.211390454152987961e-01,-3.074073317384840368e-02,1.861149181960568277e-01,-3.221580129979604440e-02,-1.449025993383361022e-01,-1.843218062955983005e-01,8.702715479243255947e-02,1.715888652352175470e-01,1.108738187721910462e-01,1.851387117621835776e-01,6.602816611599802987e-02,1.474568985030914881e-01,2.052509328468647143e-01,1.431934785984749214e-01,1.579354756150201100e-01,4.708753360123118376e-02,-2.554089691303243481e-01,-7.228692107128854849e-02,1.316034957676372741e-01,2.677840153795930933e-02,-1.767357423654293547e-01,-9.390628204389415978e-02,-1.376399652919430006e-01,-2.566388884543982160e-02,-9.299344750257816997e-03,5.485761180981136437e-02,1.451961194839931912e-02,3.360574921680864469e-02,2.041410600001788145e-01,5.380754314082640544e-02,4.418136399749710702e-02,-2.475583708649030899e-03,2.200131566792981330e-01,-6.006422174207059345e-02,-1.404046324895717908e-02,-1.182105130765966940e-02,2.802675932739875919e-02,-1.455747940572760524e-01,-1.557835437730075434e-01,-1.199347201885413855e-01,-5.946572036180300738e-03,-4.991197956585625289e-02,1.471648417497981032e-01,-1.955491808321182245e-01,1.700816241466241163e-01,5.989078143966045098e-02,-1.447690542071477515e-01,1.293944180479758843e-01,-1.573433021664130127e-01,6.818594745577141736e-02
1.628819984891180517e-01,-1.220881873888355479e-01,-7.324043545160292823e-02,-2.982353998149877561e-01,5.299621871038012050e-02,-1.456679206088487832e-01,-9.744029720566435918e-03,-4.392031947316676899e-02,-9.193374931902403846e-02,-8.421313683830169983e-02,1.374577768579323955e-01,-3.196461874230746569e-02,-2.553392215325891914e-03,-6.153708826645531982e-02,3.269673345334280640e-02,-9.908944645630328452e-02,-1.167907980175289795e-01,-4.213901104433818989e-02,-1.837755626376297302e-01,1.842557799545589681e-01,-9.092025384757901341e-02,-7.450090551532358553e-04,-2.071200276096216708e-01,2.029314395199169896e-01,1.941309880868042903e-01,-1.654167128424079147e-01,-2.102064807078881936e-01,-7.912864191773284761e-02,7.256242260126320731e-02,-2.678884726320794885e-01,3.207612687519811878e-02,-8.021038692816007121e-02,-1.386841362174964232e-01,1.662500772158256868e-01,-1.757055146870428464e-01,-1.319490732991544790e-01,-1.285738768025143364e-01,-1.431776007901731929e-02,8.771266207292367778e-02,-1.670395392175433591e-01,1.855605670293113130e-01,2.114560785341344229e-01,1.715920192082210083e-01,-5.859935974363236766e-02,-8.173687359341937075e-03,4.721962407558225050e-02,5.579726401305837996e-02,2.131151340604260647e-01,-5.994434129492894059e-02,-1.447455752325525202e-01,9.475768482968913164e-02,1.572836816182301700e-01,-6.564809584383046737e-02,1.722424101915959460e-01,4.712043948823239209e-02,-2.888854511827215754e-01,1.056338969040750836e-02,-3.693173283036028237e-02,-1.822634571825652861e-01,6.475904038327047474e-02,-1.762047155852567229e-02,1.557371102295920275e-02,-1.186617995392180575e-01,-1.027280819559426017e-01
-1.275738737745779894e-01,-1.897267645355483201e-01,-9.230364581688947634e-02,1.182590131788402582e-01,-5.829464974322940557e-02,-8.079414551213977280e-02,2.322194225041336602e-01,-1.727600860375606007e-01,1.630991999858964758e-01,7.855845265742828973e-03,1.393928819949842857e-01,3.632625555319772808e-03,1.162495507582635701e-01,1.096729420576329495e-01,1.798347077937807459e-01,1.355255870020621346e-02,-1.120099527725039318e-01,-1.675473750297655218e-01,8.190996759112829928e-02,-3.427756819585441733e-02,3.544272527341211371e-02,-1.641776412597605039e-01,2.077097924076431734e-01,-4.779332470213760314e-02,-2.202981474831091357e-01,-1.511204165617205941e-01,2.368958514381682978e-01,-3.000358336510512008e-03,8.405091523618500593e-02,1.784303163083106802e-03,-2.211674450672621861e-01,1.588962962901515064e-01,-2.086480042401712420e-01,-3.245129977750921269e-02,-9.390670487719883497e-02,-1.301508814913933110e-01,-2.304933499429913935e-01,-1.487834690589807940e-01,-1.015023903060735359e-02,1.661021700631754305e-01,-5.724668287120463633e-02,-1.341970767818973509e-01,1.544505497407225314e-01,1.007152305373916062e-01,2.038248984841401212e-01,2.016931413621383118e-01,1.056609093900967855e-01,9.677683482441057014e-03,-2.320699898445597320e-01,-3.086844608880120674e-02,2.792155227765653197e-02,-2.230882931064958608e-01,1.246321842976594457e-01,1.211348985566155882e-02,-1.596721282672008690e-01,3.775533229853657302e-02,6.470369560032827871e-02,9.543719072026177197e-02,-1.101531674226752522e-01,6.382518997906864999e-02,-1.629750228452264138e-01,-1.906118455639476961e-01,-1.574929506543135960e-01,-1.895828443771710725e-01
1.758774713570079307e-01,7.456050754915090339e-02,-1.704912184681634524e-01,2.490988711232788033e-01,1.129356341706548306e-01,1.286542899478426150e-01,-1.262364397716800035e-01,7.538648604615223736e-02,1.922335030951248525e-01,1.847157498815077958e-01,-1.524253031588644336e-01,1.019829123267249477e-01,1.003302921502914752e-01,1.894410442353657853e-01,2.164509021477254574e-02,7.343012526495613923e-03,-1.183342659949876141e-01,1.407182123338649726e-01,-1.874538710612622117e-01,2.453352040214860572e-02,-8.579874963153795442e-02,1.559304379671513641e-01,1.414417515721264895e-01,3.011352008807380298e-02,3.103423506444840108e-01,-1.252846862185428845e-01,-2.131751069405969368e-01,-1.284984133406549545e-01,1.725001904788952822e-01,-4.158392744818126263e-02,-1.607581660658732869e-01,-1.092105346677199884e-01,-6.067736944497843787e-02,2.346368878155986187e-02,1.795735231623178663e-01,-1.619674453628504318e-02,1.834748585830487388e-01,1.422898704691500926e-01,1.164994517744330771e-01,-1.681593233251286457e-01,-1.305060212124812824e-01,-1.771579082931622195e-01,-4.956912028992867258e-02,-2.056771354784817096e-01,1.300953067350472947e-01,1.680841998404587756e-01,4.915503715204992685e-02,1.783821937529392609e-01,-1.876493909200242782e-01,-1.082702250242692371e-01,-8.566448186193130476e-02,5.758311829510660146e-02,-6.597217123393753213e-02,1.079052817402720021e-01,-4.412655665529485044e-02,1.515518783295317085e-01,-1.692515326485845642e-02,1.828600700159939696e-01,7.401648053219657408e-02,6.869095904683822362e-02,-5.523756564279932307e-02,1.496716086279840097e-01,6.624730668934200595e-02,-8.483152508569803685e-02
5.964848011267463723e-02,-1.910788467161051440e-01,3.419836268120729494e-02,8.459594500088898905e-02,-1.969495578955171577e-01,-2.226301373227679292e-02,4.536612255111355241e-02,-9.232671359083167995e-02,1.896805797027403262e-01,-1.226498480597808388e-01,-6.776587176256229639e-02,-1.142718148252242494e-01,2.008291176459774119e-02,-2.173145389572574693e-01,9.040343523918309507e-04,1.795517236956553908e-01,1.924989758393447215e-01,1.236673699249607045e-01,2.105560531377461200e-02,-1.748172902229162551e-01,1.811117070571113818e-01,-4.939318049467118082e-02,-9.959565335064145264e-02,1.235186036439155921e-01,-7.113386161170688615e-02,-8.525707198297493433e-03,2.314929784017859815e-01,-1.277479878173465866e-01,2.661554182006364844e-01,2.295417664459597218e-01,-2.342893673112694530e-01,-1.873575023900551362e-01,1.141324619790664435e-01,2.920035148740673242e-02,9.443610361076779092e-02,5.942240573541712062e-02,-1.021748302199471797e-01,-2.513007137775498112e-01,-1.095873655799340790e-01,-1.871366305567496724e-01,-1.500210798947479995e-01,-1.499361252635257047e-01,-1.124928506446685600e-01,1.747429636791687779e-01,1.311257456483960193e-01,1.198687549297208776e-01,-9.211454040757430239e-02,8.721953757228645410e-02,1.620193374952371146e-01,-1.646060918688104224e-01,1.481891306575679468e-01,2.012788679567939845e-02,1.490257476562020511e-01,2.727971265013127370e-03,-1.720699967583596834e-01,3.106775319610681485e-02,5.427714400027505021e-02,-1.056077854432382473e-01,1.102681487690477802e-01,5.175150215362476873e-03,2.104348252022653354e-01,1.795418345324020226e-01,-1.211558386037891039e-01,-7.659373972672847697e-02
-8.538601932506623138e-02,-1.223520636517491933e-01,1.816731522043325553e-01,1.534565064803467167e-02,-1.820721012806431616e-01,-9.468285275820242930e-02,-1.308729491415225599e-01,-2.215170648293171840e-01,9.963251937867384500e-02,9.055250305308895284e-03,4.605735153441971319e-02,1.587373989571627675e-01,1.385588456442699533e-02,3.125998201629676815e-02,4.012380553339566641e-02,-1.838408100178681448e-01,-1.363078965565751588e-01,-2.391294653660790137e-01,-1.016663615136451232e-01,4.813289190884598862e-02,1.127138365285724475e-01,-4.855385107102035136e-02,1.777199373415710160e-01,-6.589261482060664032e-02,-1.735814616823981582e-01,-2.096353803405750227e-01,-1.151999489206768229e-01,2.664392016304393748e-02,-1.664963796865962242e-01,8.923892114193521241e-02,1.366201073652214548e-01,5.416617663573689706e-02,-1.247883435282768350e-01,2.000734152183432368e-01,-9.434964433700307462e-02,-1.837933672284111364e-01,-1.464595124131243264e-01,-1.429967708772295065e-01,1.190211187383121982e-01,-2.039313812591377340e-01,-1.319212399106451349e-02,1.930576302824656143e-01,1.536605233975470997e-01,-8.037244664831219576e-02,1.744409875448842406e-01,-5.615835104754981350e-02,3.201322113600434116e-02,1.584570908829545377e-01,9.768361761485602757e-02,-2.065818233295921846e-01,-1.655520895729185593e-01,1.892974538887037539e-01,2.185023303420003116e-01,-1.736771390993191722e-01,1.178486442339786097e-02,-2.503105421864704194e-02,-7.845782646833870944e-02,2.521271599202761990e-02,1.804141698294782215e-01,-1.226690502826365131e-01,1.315619575564198895e-01,8.436373632749269436e-02,-6.718576744962150016e-02,-2.689850141280501067e-02
8.021114116635509605e-02,-1.567146728167268244e-01,-1.873648720599124240e-01,-2.071996830011788304e-01,6.829307249925262169e-02,2.160410960908289713e-01,7.431265769014235023e-02,-8.778375638551098870e-02,-2.324256036061508601e-01,2.726858802286634062e-02,7.673779456049550918e-02,-1.945147066115940349e-01,1.306076955920194849e-01,-1.501017756855930751e-01,4.394328502215172350e-02,-1.606701729507134802e-01,2.040311233033595684e-01,-2.791093031855918505e-01,6.143142157774784257e-02,-1.338742278736848867e-01,2.144840259240638758e-01,1.655333260009314578e-01,6.857749273924308719e-02,-2.027731080085040660e-02,1.800039852086479097e-01,-9.796305843757906195e-02,1.337372117490021051e-01,1.269488005733759028e-01,1.356579179788915679e-01,-9.504630534867747338e-02,2.215744865927420093e-01,9.538913467682905156e-02,5.499856791404767603e-02,1.028103323704993716e-01,-1.737986477402905516e-01,2.543712984217962395e-02,2.103303629168088926e-02,-1.259374621324344662e-02,-1.844357047150526618e-01,-1.298463171952211059e-01,1.026851726898490719e-01,-2.420949224911621567e-01,-2.112080422713512318e-03,-9.360939266320010945e-04,-2.848728671025048745e-02,-9.558360669958904099e-02,1.643775035199951384e-01,-8.654342849309373809e-02,8.837404528582025465e-02,2.673465630865226247e-02,-1.790086628375683053e-01,-1.221950345610369471e-01,-1.456676740943683990e-01,-6.291289211289490500e-03,2.618007356603281877e-01,1.581365942341681485e-01,1.722035646588526009e-02,1.420447166751576673e-01,1.518317349062307808e-01,-1.571553347109925225e-01,-3.318385098353292262e-02,-2.424488106953734123e-01,2.121428660782134767e-01,-3.734600880491101282e-02
5.730977277371124279e-02,1.268896456419335850e-01,-7.103277472081792610e-02,-6.138700987446917001e-02,2.207975321847420458e-01,-1.197376289837434882e-01,9.940349659984767938e-02,-1.653896771332403204e-01,1.328617641214908107e-01,6.819896184332761846e-02,2.534353235642839916e-02,6.276247967490929114e-02,-7.391921163802583905e-02,-1.190998911476608552e-01,1.566898097491120079e-01,-9.707784618543902067e-02,-1.435304016549596717e-01,9.765189266987379935e-02,1.594126112586842781e-01,-2.135235497303199781e-01,-1.144945515993450041e-01,2.808885781044441823e-02,1.636504464195737418e-01,-1.742416971169858872e-02,-2.150141342355456897e-01,1.979227096036136335e-01,1.654819694336202851e-01,-8.476947289362049553e-02,-5.097626617395476824e-03,1.132174307922806551e-02,-2.146631203356491879e-01,1.182616491917170276e-01,-5.111542756989029788e-03,2.024887540316216983e-01,8.921914215236097234e-02,1.899547989974489232e-02,-1.217114795361454588e-01,6.055261953647894657e-02,8.414730344243669113e-02,-1.477555582217303654e-01,-2.193010349606191178e-01,1.731088924403023366e-01,-1.096774286140368426e-01,-8.906639819438287239e-03,-1.333976929651279064e-01,5.350471330761010641e-02,4.050257364210085170e-02,-1.911473196062948576e-01,1.028553861718244089e-01,-1.590117157931339453e-01,1.154852390144835012e-01,9.043040183785300279e-02,-1.172184548413611055e-01,-1.105444959556230351e-02,-1.590408382138281673e-01,1.476726327579383213e-01,-1.226695056698569319e-01,2.161910136636235602e-01,-7.539148551908347873e-02,2.287735915774619447e-02,1.549393752480480169e-01,5.780977507032242224e-02,-1.160373289316634499e-01,1.582710483226253684e-01
1.562526030004811606e-01,1.765230387380325727e-01,-9.306688493524102254e-03,-1.295372919923093447e-01,-2.000982356942521134e-01,-1.996606962032076715e-01,-4.460984561358559766e-03,-1.076336267073731284e-01,9.362377548707717656e-02,1.170280049807181783e-01,1.732345455163899484e-01,1.869176264735305237e-01,-2.230243078803593668e-02,-4.050089173345399612e-02,-1.733160832774169324e-01,-9.610189977117648830e-03,1.459780923235978189e-01,2.053519260203808261e-01,-6.610163420003960233e-02,1.372430430229535647e-01,-4.447574827231828842e-02,-1.219579506150773041e-01,2.946135242745539021e-02,2.428182195113036748e-02,-1.031923477958827662e-01,1.136851292281414044e-01,1.671568681233175646e-01,-2.188764432282396533e-01,-2.226211572002715078e-01,1.580481221727128571e-01,3.415335845898051503e-03,1.071858266265698634e-01,1.896046757489101842e-01,2.059236131280704207e-01,6.670596812046855617e-02,1.583677145144536946e-01,8.941167645479159570e-03,7.448169578014474101e-02,-5.559877933130064759e-02,-6.723552319805659039e-02,-1.248394128003797732e-02,1.371866607207761490e-01,-1.483228409274790216e-01,7.188707170186163509e-02,1.029564567706505937e-02,1.470440648025665153e-01,2.142907749168263543e-01,-1.745253691432309406e-01,-1.671752328749931960e-01,2.072331162289443030e-01,-9.646525928242025150e-02,2.035481488557140395e-01,1.630318403521151260e-01,-7.780612738377354343e-02,-7.895221385599975050e-02,-8.960407011493891349e-02,4.072510868685574187e-02,1.731904789765228436e-01,2.233329543017660013e-01,5.535634147219350293e-02,-1.386637088932858239e-02,-1.349891058420028545e-01,1.014686061456567534e-01,1.988651642651891038e-02
9.897316209165009371e-02,-8.809373328299643924e-02,-1.860873749985903491e-01,-1.111874080471510380e-02,-1.239976741610772509e-01,2.361866751262655384e-01,1.905942461924716447e-01,-1.333469878230110657e-02,4.575940523493055717e-02,-3.048628615083608454e-02,-1.796295588768976881e-01,1.196417236813200613e-01,1.248115325249808533e-01,1.199220997884200973e-01,1.897688448547041606e-01,-1.799947291662830073e-01,-1.515934289535689483e-01,3.698131119016733609e-02,-1.950377685255290372e-01,1.771881927012032912e-02,1.817870410567527240e-01,1.483531673904710420e-02,-1.007379419231521911e-01,4.566811690492209030e-03,-3.175021947078696671e-01,2.216945210484490194e-03,-5.849766155303237451e-03,-1.415982642179517970e-01,-9.206168088072558264e-02,-5.217899729283412974e-02,-2.392025011591224215e-01,1.650227053456520543e-01,-6.642382200790679370e-02,-6.394656655892776154e-02,1.760200854711693186e-01,-2.079002864254017036e-01,6.355825311344362460e-02,1.664892491574422595e-01,-1.267050090206455204e-01,2.092629942506534779e-01,-2.005945215395357473e-01,8.230963936434944339e-02,5.368118917446818711e-02,-1.693413129145478202e-01,9.449963522136888006e-02,1.183361751742531554e-02,1.701594482192133884e-01,4.926223068407038080e-02,-6.294981393305695838e-02,6.981084168733074635e-03,-2.287744310621163749e-02,4.199858098397981493e-02,5.905878345716075034e-02,-1.444014861966135266e-01,1.295100912315353021e-03,8.702204454486801855e-02,-2.078857399161348762e-01,-4.088396160638981675e-02,8.826645517072480296e-02,-6.763213045035493254e-02,6.600362182125929164e-03,-1.652126096264003030e-01,-2.034284428849047754e-01,-1.842236788710945594e-01
-4.429064129145600381e-02,1.109858400680956564e-01,-8.616084633210023894e-03,-1.087795520207486960e-01,8.621282222471957080e-02,2.439530300993975054e-01,1.688553135702139663e-01,-6.800460802945181016e-02,1.616257769664683763e-01,2.081207466943848783e-01,-1.782303143182763228e-01,-1.361383925175482790e-01,-1.955142796871826849e-01,-5.083663346063988647e-02,2.028615711514743236e-01,-4.406192140071574226e-02,-3.681824624095193094e-02,1.069795441916886608e-01,-8.646576676641484771e-02,9.592097778365424321e-02,1.706176695620663097e-01,1.378695083721737623e-02,1.442712437614927512e-01,2.122278621988666486e-02,2.386170002470427293e-02,-1.854560422724645663e-01,-7.656407778208944304e-02,4.781224697368231802e-02,9.587819444024457682e-02,-1.496785193409099213e-01,8.722620983164318387e-02,-1.509872340627690657e-01,-4.388879601739547470e-02,3.492989573874141079e-02,3.192327890111711346e-03,-1.450169252701561662e-01,-1.127453501530676500e-02,-6.673520430681448290e-02,-1.369567591079866031e-01,4.887473211832770587e-02,-1.138220378600177524e-01,-9.697885299643170531e-02,-2.079773875504172236e-03,-1.103689490109193150e-01,3.060142470720239941e-02,-7.124063067189999147e-03,1.238857867675348112e-01,1.140255513152549915e-01,-1.738944692837767203e-01,1.899084181633818591e-01,1.173087320767516040e-01,5.517909939171499779e-03,1.059766865355627891e-01,2.075792817261851719e-01,-1.560986544410061239e-01,-2.052626166387554185e-01,5.305156672750396124e-02,-1.983709771541289912e-01,-7.728619681127428531e-02,-1.845229079197469868e-01,-1.221661082126544312e-01,1.099285389456383932e-01,-1.981577925936542639e-01,-1.522152362854363450e-02
-2.862733510861990155e-02,1.484600073798366705e-03,4.037851457635811131e-02,2.438912211566099733e-02,-1.879096967304782761e-01,2.037137709713346123e-01,-2.168440670235417533e-01,-3.053798030162997376e-02,2.180664132513359388e-01,-1.624399210164460122e-02,1.095752516635269402e-01,4.732213102720272263e-02,9.783673628243108600e-02,3.267817666659348502e-02,-6.622922773181885714e-02,-1.710888364846557264e-01,-1.751108931957438275e-01,1.065689680327121663e-01,8.659519012545240091e-02,-4.705189632711268694e-02,-1.349118484200871049e-01,1.498748071735331866e-01,7.561034156661914675e-03,2.072317184245621724e-01,-3.335175500722788178e-02,-1.109750513755510815e-01,-4.922831469363911361e-02,-2.210485949735248225e-03,-1.338674676012163445e-01,-1.917865001114304746e-01,3.061873840390290889e-03,-2.055129612072220391e-01,-2.154307882523570916e-01,-1.950418622535878554e-01,-1.023667936155981534e-01,1.479944482587083540e-03,1.206646730500882461e-02,-2.485747763920729062e-02,-6.429015122226641732e-03,5.618860209361528635e-02,5.200866063540155598e-02,-9.781146356848745282e-02,-4.297340199575164221e-02,-5.073014714081182375e-02,-1.541860852391018595e-03,1.233796871489682145e-01,5.513301479393620252e-02,-3.704661882512039206e-02,1.647385155448250482e-01,-1.244730683939934517e-02,1.435663851471850605e-01,1.769323375982222168e-01,-1.002800902498942812e-02,8.022481500880354610e-02,-6.292572861672056372e-02,-2.114107335373689167e-01,-8.641705574970151571e-02,4.851386864698507134e-02,-2.628208769746854384e-02,-2.109872872146340839e-01,-8.122110266147947177e-02,1.193532305860242893e-01,-5.925480119122868844e-02,-3.945840699204593294e-02
1.972063184664814839e-01,3.230754476673256687e-02,7.506778229629523791e-02,-1.538812007553993222e-01,9.834583353601294986e-02,9.782306359565203727e-04,2.233668557141973710e-01,-2.615121624084397189e-01,8.321787613231988734e-02,-9.153309753048380348e-02,1.988013055596798417e-01,-2.684659964596067608e-02,1.854958470518022484e-01,-1.445769829349652091e-01,-4.013384492446132878e-02,-1.219303438934451062e-01,1.122002269410568437e-01,-1.869335879885918872e-01,1.470538086237719311e-01,-4.329417025112157480e-02,2.636796720746382161e-01,-3.888250908970311559e-02,3.113412455046110291e-02,2.307183204956461675e-01,-2.707717031718614442e-01,-1.291121217023552259e-01,2.074591616502470259e-01,-1.363966744778035700e-01,-2.146020378916503601e-01,-2.689867072773976520e-01,1.373902682902168049e-01,-2.243573187951345901e-02,1.245637435231199963e-01,1.875799737527412137e-01,5.044870914113080973e-02,-1.008077653033171428e-01,1.304537256052372696e-01,4.016160825058021078e-02,2.053697632418625130e-01,-1.188129945001754340e-01,-8.011584308788761988e-02,2.715071962494398222e-02,-1.264328195441135616e-01,1.269758570018542088e-01,-1.847339720106902783e-01,-1.377098789205344620e-01,-8.785300395558184872e-02,-9.970807900974576130e-03,-1.706577401578847630e-01,-1.212964675277837800e-01,1.880607735550597626e-02,-9.762965171556302335e-03,-1.013811857278156536e-01,9.431161837097182254e-02,6.846740012973430434e-02,2.029628811568902347e-01,-1.064811681024327022e-01,1.300604585352737319e-01,-1.498520289081609058e-01,-7.559770553832198536e-02,-2.209824409044422455e-02,-4.473346063169336695e-02,-4.797292984802567495e-02,3.676249657752979350e-02
1.562142599048457238e-02,1.120217307079537788e-01,1.859808683963737053e-01,3.501437032317165909e-02,1.371556402755661763e-01,-1.483198723459337731e-01,-8.516193014043009490e-02,6.974676059101517223e-02,-2.822517433646719656e-02,9.195515379228137720e-02,7.853781099137234489e-02,1.156001232952019869e-01,8.686636646812179174e-02,-1.076583282396526842e-01,1.657375801209355071e-01,-1.812947976893772642e-02,1.436892498373158467e-01,9.883921739306071597e-02,4.938294220146671049e-02,1.969287266340467302e-01,1.532429204392939505e-03,2.102337787036931416e-01,4.429143416215733375e-02,1.000634790762568588e-01,1.361469871915641228e-01,2.052796127254128689e-01,1.424714506940102654e-01,-1.495314444308987467e-01,2.469732230609314808e-02,-5.025825119145062303e-02,-2.351198153157207926e-01,-3.406190034124507299e-02,1.395111098939216636e-02,9.092553153512281106e-02,1.925546225272014855e-01,2.129396030060715372e-01,-8.400013344132549464e-02,-1.158945248439176012e-01,-2.638945900671289119e-02,-3.660253076994877952e-02,1.849887217015057095e-01,-2.001272655014954827e-01,1.756579469520129499e-01,1.171813012101641377e-01,-9.884795950913946583e-02,-1.213261433180339299e-01,-1.410772959063030241e-01,-8.323132100420098378e-02,1.129041906137084328e-01,-7.015299050446065221e-02,8.236478017494429371e-02,-1.087875507965437721e-01,-4.478327105662817734e-03,-1.999617607206911896e-01,-4.565898785290217060e-02,2.073984790740213482e-02,-7.247962943085919929e-02,-4.287619941741083185e-02,-2.116922184893813563e-01,-1.728725461129641816e-01,6.914162761653012967e-02,2.283949184608218830e-01,-6.216964600490107462e-02,-2.877303377256318351e-02
-1.145682835285785350e-01,-1.947566590886625204e-01,1.492126667846349342e-01,1.021363270200738860e-01,-1.504536629150559357e-01,1.411515831247778519e-01,-1.193852882731496201e-01,1.570732890131384396e-01,-2.031322586477428693e-01,-1.777018128027340604e-01,-6.613542333067087831e-02,4.657331327769361623e-02,6.687932596326620627e-02,9.276475429265591821e-02,-6.740701691504297210e-02,-8.521406387991639630e-02,-1.458844194584522636e-01,1.313082859245376099e-01,2.505627062434241936e-01,3.880432766416240520e-02,-6.802110535894966004e-02,1.915858296310779529e-01,-8.116129358347969926e-04,-2.183747443754221473e-01,1.993242050386135611e-01,-1.407703633024216978e-02,-1.266474320422178619e-02,1.100696118307763344e-01,1.248970669841134445e-01,-1.406334806506776558e-01,-6.675201224110421938e-02,-1.378624158082469853e-01,6.808371847261264487e-02,1.890763074467324834e-01,1.542877626380024236e-01,8.955609451676975127e-03,-1.766249754415095408e-01,-1.119269124497097000e-02,2.028502726405318479e-01,1.812568407379858970e-01,-8.590596397806691056e-03,1.769893395127453417e-01,-1.808279744838314496e-01,-8.575675916850297731e-02,-2.398259069596419060e-02,-5.307326795637451987e-03,-1.119821532587118723e-01,-1.443614455535891794e-01,6.798636225001185307e-02,-6.915577078516471632e-02,-1.160271872881105809e-01,7.116009958557744481e-05,1.235796666835891344e-01,-1.117652028883299870e-01,-2.117629380380935400e-01,2.857168048364240251e-02,1.645694794203613476e-01,-2.033985878662587510e-01,-3.708417011197063379e-02,4.855773689778760532e-02,1.640686808041211808e-01,6.675003942969909287e-02,-2.290827594814246193e-01,1.443501720266374966e-01
-1.110139605010908720e-01,-1.975628905707619287e-01,1.156060555204504597e-01,-4.090246478253183882e-01,1.564968655696201416e-01,1.167707847148635736e-01,1.344726958578715548e-01,1.485354960486206799e-01,1.509558986170296824e-01,-1.426316403545313805e-01,2.929412415625686633e-02,-6.842206665970218538e-02,-1.113273825963512764e-01,1.165018123201798095e-01,-1.570965068341706461e-01,-2.220313820997066312e-01,-1.718525104856094277e-01,2.129913363540315852e-01,1.679423032805826832e-01,-1.674926559710906634e-02,-3.988107539897407447e-03,-1.197954183523830818e-01,2.235105267448528610e-01,-7.259797618554536536e-02,-1.245871948584203748e-01,-2.009131910965512163e-02,7.074859901097048376e-02,-1.967101745065657006e-02,-8.488518255150702407e-02,-2.526094927210664753e-01,1.990956319130153251e-01,4.401410972974783425e-02,-1.770970415258456276e-01,1.899798429546805667e-01,1.672901573666756014e-01,1.574188304009929429e-01,3.893518388229151583e-02,-1.435643562118468219e-01,-8.918508588606406662e-02,1.128411397189340720e-01,-4.527257733882450452e-02,6.208592567894345715e-02,-1.520815483619677444e-01,-7.929938548102086204e-02,-4.252133396458008391e-02,1.873638501355151531e-01,-8.044820747762493340e-02,6.616772632739971460e-03,8.717759092559336509e-02,3.959037855239888604e-02,-1.639107192037107461e-02,1.055619588272734824e-03,-7.918117960368548092e-02,1.559505149707395011e-01,5.494283913412127164e-03,4.099830277620019475e-02,-8.782680512438699461e-02,1.921008908348745270e-02,-1.297290820223691854e-01,7.058963137571426516e-02,-1.432139382499470967e-02,-1.261335287919785608e-01,1.992563206151136412e-01,1.571021688109562608e-02
-2.713142894142066969e-02,-2.079080305601063439e-01,-8.708085199825615907e-02,7.036176839753999213e-02,-1.411560608770505987e-01,1.217724761213868079e-01,1.759155028826232259e-01,-1.757928705716959097e-02,1.295248600346339818e-01,1.571461393778918747e-01,1.439074349660439678e-01,2.082113189105553319e-01,-1.145969505814319056e-01,1.984034224138074842e-01,-3.150290576465011178e-02,-5.590109608682818088e-02,-1.129365445568806803e-01,1.198892989392527225e-01,-9.246577626751363577e-02,-4.690926991578370925e-02,-1.044255194371439543e-01,-2.169383941487711132e-01,-7.671382755693720301e-02,-1.657799517641520837e-01,1.521433137763830538e-02,-1.589256949530187812e-01,-9.152111647686367313e-02,-2.256915043905632079e-01,-5.226567493955729116e-02,-6.609763640536485407e-02,1.826681503198578083e-01,2.023901270262316865e-01,-2.040831878384736231e-01,-5.099659592370596461e-02,-2.344659923031556722e-02,5.715803963860135312e-02,-7.421014630995091677e-02,4.060463308963129653e-02,-8.942042765885246935e-02,-2.971414988355715672e-02,-4.383375471777486987e-02,1.716507444098234192e-01,1.633927366060592690e-01,1.640279889259416146e-01,5.820922385349089345e-02,-1.381123278291759016e-01,8.661149221360689432e-02,8.592181597101081203e-02,-1.390830048405373442e-01,-5.453480922792562115e-03,8.747761406647311042e-03,-8.248746455297108551e-03,-1.002346072066719329e-01,2.091151021116963160e-01,-1.587544628780968026e-01,2.681686659027626707e-02,-6.091510768267215971e-03,1.613370153993962386e-01,-1.002275186178493011e-01,-8.897330737488946600e-04,-6.703091030067506728e-02,-7.727416779800409113e-03,2.007873548822871612e-01,1.911376299515659127e-01
-8.052831785598185688e-02,8.984024666792707337e-02,-3.072697438297934333e-02,7.243256469948607112e-02,-1.988636479673057678e-01,-1.707087518054424546e-01,1.356799731789219421e-01,-7.794882217097168220e-02,1.967650578005732676e-01,-1.287319080535967719e-01,-3.703805286696327387e-02,2.650946250373559590e-02,4.248078571422032185e-02,-9.862950449664091568e-02,9.918465482872130742e-03,-1.029984533449364997e-01,1.178079770206873905e-01,-1.363598966419587166e-01,-6.856577123780482896e-02,1.098793026759102981e-01,1.941573375892675646e-01,-7.907563053028423064e-03,1.588170724515399757e-01,-7.677283553995098084e-03,-2.239058890941442448e-01,-1.394406758494995680e-01,-7.123586682425601946e-02,1.652594180539595781e-01,-1.117253187953662630e-01,1.882496667999270790e-01,-1.919981049823755448e-01,1.307086858915000871e-01,1.706833254052653182e-02,1.645803566665302309e-01,-1.957748860818053771e-01,1.844480466224561466e-01,-3.419786457780805283e-02,-3.794394458637735668e-02,3.661674361285944396e-02,8.829435099272707477e-02,1.635071523716271624e-01,1.219842989413090079e-01,3.513341010933351827e-02,-2.295226396978011785e-01,-2.026479490129709793e-01,-1.134209419424854620e-01,-1.943376196896310359e-01,-2.630353591314033013e-02,-3.948103758448082146e-02,-9.270857461638680463e-02,-2.127477712952841327e-01,1.898345873105605763e-01,2.179313406568359479e-01,-5.003686452451321445e-03,8.752908420285920865e-02,1.311693840587294102e-01,-8.204758144765804742e-03,1.920988101276750459e-01,1.680538163067659407e-01,-3.849206106423737339e-02,1.531973119043356368e-01,1.360024202987451802e-01,-2.011871341591601678e-02,-6.022137246542436789e-02
1.502576665924698907e-01,-2.546122567297169625e-02,-1.106462321319027636e-01,-1.511677644022667022e-01,1.883715315891975467e-02,-4.134513548770254315e-02,3.779432711686216834e-02,1.479789930493370376e-01,-8.681384196087113536e-02,1.676355673172636451e-01,1.521955661921420566e-01,9.657419235858107076e-02,-1.599528635057273218e-01,-3.905693681674348577e-02,1.389298762587767022e-01,1.252696371652554652e-01,-1.166603388887029469e-01,-7.730935149834992914e-02,-4.160649220807439291e-02,-1.385224831420603098e-01,1.770694012293403119e-01,3.571313082632256164e-02,9.400122097813222444e-02,-7.798371977093768170e-02,5.432793271769309484e-02,1.099772612240785229e-02,-1.117099811043329449e-01,5.846084113979102548e-02,5.840254756055723688e-03,-1.062376786485043217e-01,2.354898865857816548e-01,8.066912433976969332e-02,-9.187558486677480096e-02,-1.765957627290049015e-02,-1.538307116205068215e-01,1.884464700367531886e-01,-7.828136090933160429e-02,2.180197210996697235e-02,-6.777420915853904493e-02,-1.555679542145121386e-01,-9.481866187469786822e-02,-1.403794827944350454e-01,-1.673461566971367609e-01,-2.340955022700439911e-02,-2.175019538889216009e-01,1.945760830700352106e-01,-8.396767183517225841e-02,3.919318755546621208e-02,-8.517596036919798663e-02,-1.564793146041036920e-01,1.784275817269874165e-01,8.811836009688267524e-02,7.643280928375432992e-02,3.498049542451742849e-02,-1.550599659607448666e-01,-9.568225043785037742e-02,-1.356201083259006568e-01,-4.833537684113078242e-02,-4.010610326431664902e-02,5.786322229444042231e-02,8.316991657971090079e-02,5.437559138080723387e-02,-3.542641732604688565e-02,-8.249395606562027680e-03
-7.552357204900439491e-02,2.133915880303045021e-01,1.459783131981362003e-01,2.011973531893233302e-01,1.251250943379889902e-01,1.501197987121627615e-02,-3.337578932962002864e-02,-1.163352839276441883e-02,-4.699782588887546804e-03,1.833870192569947155e-01,1.171995081233475067e-01,-7.450918670369860441e-02,-3.633478221224836768e-02,-2.075554548898098095e-02,7.422576094382594969e-02,9.440792104723632911e-04,5.480766902329087253e-02,-2.825412943133185362e-01,1.410371274260679986e-01,-1.188482582642870211e-01,7.551512765702576846e-02,1.448969125063234165e-01,1.862928533209287918e-01,1.792941988231816774e-01,5.274582507956606520e-02,-4.583530805046859280e-02,1.058438459024175909e-01,1.080175469935609062e-01,-1.673276451409126675e-01,-1.564705765861413855e-01,-4.665404895619124775e-02,5.089049666559063156e-02,2.805560168322875428e-02,-2.096436106108426067e-01,-1.354455157917301977e-01,1.088151367058196317e-01,2.296180226055532791e-01,2.099695348611455570e-01,-9.969812328423478809e-02,-1.975943706305554604e-01,2.679517985823491166e-04,-1.274768101901110340e-01,-1.977179720058503398e-01,1.727295530266851897e-01,-7.943128556946420227e-02,2.108241629590318633e-01,1.558132172006794769e-01,-1.659450197112627978e-01,-1.457018600799790953e-01,9.341941039256607127e-02,1.099942018835745189e-01,-8.956601686786676286e-02,1.650529671170231916e-01,1.534993723890022699e-01,2.700309872088687557e-01,2.231999335587010469e-01,3.123109322224348339e-01,1.558852061905929287e-01,1.224870814143204228e-01,-9.552425890893748162e-02,1.093724791401512603e-01,6.171171318214137974e-02,-1.211411931255994834e-01,7.725969616778838311e-02
2.263635193680113220e-02,6.041620427130099669e-02,-1.144513624700104620e-01,-1.794598951756173899e-01,-1.364994950285478015e-01,-1.082444213220755819e-01,2.251828537586206547e-01,7.534564938286215929e-02,-3.527030462868786104e-02,1.763770900849183920e-01,-1.088538407863643837e-01,-1.864533544679573274e-01,-9.586841873259005498e-02,-6.210960854767523520e-02,-1.332511859560210621e-01,1.359764971087003560e-01,1.220411070832489869e-01,1.934371709026553865e-01,1.294665373876887071e-01,-1.028256648524767392e-01,1.414144207698845856e-01,-4.282948775653430337e-03,2.136064730557015179e-01,-1.711854717464532383e-01,4.392912825703301077e-02,-1.763245593153953128e-01,-1.176135807321330995e-01,-2.035563047377972057e-01,7.904687957933859144e-02,2.216902733924373259e-01,1.005564307905256055e-01,-1.631534895185033085e-01,-1.590468876282845612e-01,-1.196959954257999052e-03,5.279315219208748772e-02,2.988265650597896408e-02,1.723778377562462938e-01,2.511957655908766615e-02,-2.073206704502542630e-01,-1.905975572667113482e-01,5.150597836111605460e-02,1.538649380562849556e-01,6.892145680088683501e-02,4.187397103534176712e-03,-5.745391952376990852e-02,-7.813332551043078444e-02,7.288967590277685427e-02,1.695640567930073173e-01,-1.383410398927251150e-01,-1.597344347826750166e-01,-1.916298732249814693e-03,3.093876780328996476e-02,-1.410300745381994347e-01,1.643288166782269910e-01,-7.005244965527518408e-02,-1.291560843793244373e-01,-1.524150617562000133e-02,3.016304561722455910e-02,-1.595290264797341040e-01,6.429360943192177769e-02,6.787249962067858078e-02,-8.436235417604671938e-02,-2.034478731200820012e-01,-4.415292850929097151e-02
-2.839658477544408643e-02,6.764975006321632955e-02,9.535340853735692346e-02,-7.319965879363446448e-02,-1.795299867173936470e-01,1.930477565820116759e-01,4.372190278589490470e-02,5.072183004919864936e-03,3.399975942300099974e-02,-7.208380005401814755e-03,-2.689398955994165910e-02,1.883241393788296636e-01,1.678252765256564583e-01,-3.417565399828409456e-02,2.004211221394937015e-01,1.382082624995905895e-01,-3.958786729070478522e-04,-2.070476716033082532e-01,-1.835803220279036696e-01,-1.408000263575985289e-01,1.345483058135626964e-01,1.796991544795804308e-01,8.093585126947570874e-02,-4.909059260713044548e-02,1.545530284483455086e-01,9.615650410114896796e-02,-1.425765850899413656e-01,1.266715865236281158e-01,-6.521399625683417522e-02,1.332028405579373243e-01,1.107560877541915664e-02,5.095438956974433081e-02,-1.013557079042374659e-01,9.213641446521803058e-02,-4.692148689319411425e-02,-1.002165598769231974e-01,1.351455868290628026e-01,6.458264456116001757e-03,7.296428970085758019e-03,5.728426546491134641e-02,-2.123548036864232602e-02,1.110348431914808540e-03,-1.124859295053883129e-01,-7.070523333269936039e-02,-1.437985574051100501e-01,1.559979133434578336e-01,-1.635749971277715709e-01,9.416526517579271172e-02,1.793851083493749887e-01,4.516536128925066618e-02,2.182765630085258413e-03,-1.108771090670774978e-01,-1.075407412267813945e-01,1.661547970837103094e-01,1.665170194320761687e-01,1.648977755050886340e-01,1.155187789170696727e-01,-9.889292958821115087e-02,-2.001550177714106558e-04,9.452829653631343587e-02,1.959896441339073203e-01,1.402494855317858516e-02,-2.073947870209297273e-01,2.660993826589046554e-02
-4.371633278885217466e-02,-3.376924697652086693e-02,1.948354280160382104e-02,2.911895908990312296e-02,4.571396117440091472e-02,-1.787422935497282317e-01,-1.557264822064470255e-01,1.858478067282600676e-01,1.197320268982265679e-01,1.434539648807172108e-01,1.622186510115761204e-01,-2.398787128555735226e-01,1.985611733961039627e-01,-1.587899327448616393e-01,-1.213505153794139924e-01,-6.305685615581657633e-02,4.946829786169300996e-02,-3.263822345588465179e-01,3.985171056642964477e-02,1.607383745148316390e-01,2.230750500921146184e-01,2.495562384293914873e-02,-1.708922339659477430e-01,1.536242480400275279e-01,-1.629731768585744034e-01,1.782501184921724546e-01,1.417201769708640036e-01,-1.391176040018376470e-01,1.113811143724588448e-02,1.493953895538628618e-01,6.128710122081692385e-02,-2.044545271175604306e-01,7.545342723997046364e-02,-1.223717290400727353e-01,-4.386751907929620914e-02,-1.509679439153961689e-01,-1.692383635819256493e-01,1.248240464429416496e-01,-6.051830274780809621e-02,1.152577024721094801e-01,7.154513153375936796e-02,-1.071703461827256398e-01,-1.113727189309362264e-01,1.046109360460964199e-01,-1.228220220618266856e-01,1.907082168545445530e-02,-1.970572474428585741e-01,-9.507395598539335191e-02,-7.256964610591014331e-02,-2.004199206981989445e-01,7.253509132253189995e-02,-7.874064484655174390e-02,-2.141436867161580077e-02,-5.562603392815907571e-02,2.130551808084291676e-01,1.075161668131530135e-01,5.408380587928186822e-02,-3.467429977890440496e-02,-9.047703203580166609e-02,-1.697135360300379148e-01,6.485696182442529656e-02,6.506431961553327259e-02,1.290024505900543572e-01,5.231878675992471250e-02
-3.138814974066986979e-02,-1.829805206924128569e-01,-8.313655926060070644e-02,-1.733231255616125011e-01,-1.292258541441759605e-02,4.990941608748147851e-03,-2.202195725163102469e-01,4.213190917400661852e-03,-3.239485175676558998e-02,1.034900271315863096e-01,1.886597660358181050e-01,-1.295307135166117452e-01,-8.975000371888783302e-02,-5.411276901809676521e-02,2.776412325978474399e-02,-1.876073610422094862e-01,2.822851659296183452e-02,4.389348405763417865e-02,-1.714233593451327253e-01,-1.312304212688616967e-01,-1.002668911476396613e-01,-8.992745431675444601e-02,2.102270968588755562e-01,-1.534578243011374965e-01,1.363242571603704989e-01,7.778188938093177907e-02,-1.235584070166319270e-01,5.306918297527284112e-02,-1.485100301934483835e-01,2.142813388761324600e-01,2.403676553900801344e-02,-1.720760082278805225e-01,-1.465009984597699100e-01,-1.740535221087294582e-01,-1.544959129765174355e-01,-9.124753684952080501e-02,-4.006046709890007107e-02,-8.242439370974392887e-02,1.298847157631097260e-01,-9.882376470868796392e-02,1.434542908525744953e-01,-6.383068040646562580e-02,3.523189115977723440e-02,-9.363168037430136259e-02,-1.422355893820989592e-01,1.549023305256566063e-01,1.097588490896182906e-01,-4.893130874244375206e-02,8.854022028723379512e-02,-1.589424019065545923e-01,8.596482460293607131e-02,-1.502217743570832265e-01,2.147448371606676745e-02,1.476034665303048721e-01,-1.235333322495730246e-01,-1.359232823934130863e-01,-5.959841400786608338e-03,-2.557447649038999127e-02,2.235823670448246203e-01,-2.022932355530089599e-02,-6.485261368252735747e-02,7.646406328548224773e-02,-2.239001395511114878e-01,1.612654005152723558e-01
-9.022118407882279145e-02,1.774539860997103582e-03,1.015157584777225813e-01,1.790438129618565077e-01,7.598140956783499406e-03,2.880011622209803848e-02,-2.371696133675429974e-02,7.092244423985732960e-02,5.439635709893098255e-03,-7.164542982891414225e-02,1.086086424065682982e-01,1.824155194747558925e-02,-3.812410545880721979e-02,-1.446415880884505678e-01,-6.170348409938579415e-02,-7.468457414454580945e-02,1.677126116870723549e-01,2.099199155513258030e-01,-5.516590667139902038e-02,1.719948476788455138e-01,-7.234594911318861787e-02,1.547961838460913953e-01,-1.941397824616453438e-01,9.097161996931703298e-02,1.876664867434454653e-01,1.976643145855341843e-01,-3.590040354222602537e-02,1.370355951895845525e-01,-1.495331592128307796e-01,2.206729248762786810e-01,8.582290809650298946e-02,-1.872769611305708237e-01,-8.790183919543015367e-02,-1.233305713221262423e-01,-1.370617606569519698e-01,-1.941118229943290252e-01,1.701210657716481778e-01,-1.439669381123563352e-01,-1.978051264249518493e-01,-9.602922001855591916e-02,-4.784827521943498668e-02,-5.953135116453926040e-02,1.246294784767218167e-01,-2.210632860529221366e-02,-1.788530327384657836e-01,1.788332697050668829e-01,5.618665014361363952e-02,-7.949315893272723699e-02,-1.970928419919020513e-01,1.984403886112674487e-01,8.926521912262685293e-03,-4.436206333466574669e-02,-2.025419486675290315e-01,-1.263228495250940386e-01,-9.702182547744192531e-02,-6.184846690942247954e-02,-1.675670093848286579e-01,-1.441370034627924290e-01,1.257004707320782400e-01,-1.604946942239984520e-01,-1.504178334548477158e-01,-1.331127584642740613e-01,-1.561963342645255604e-01,2.834999656224061401e-02
-2.167607886079493951e-01,-1.813097715108732688e-01,-2.174824576217848984e-02,-1.088340399407088932e-01,-4.656815461579476290e-02,1.964257483153305783e-01,8.143196105687443287e-02,1.208010060287374732e-02,-1.638852593315076323e-01,-1.497718075265815907e-01,8.632522084103072535e-02,-1.528020803545686312e-01,1.991523275919897806e-01,-2.104883564475251156e-01,-4.720580096712804347e-02,8.832228719638433867e-02,-1.094118559761700638e-01,2.424582804165253402e-01,1.284507756685758506e-01,-3.690147217669343532e-02,3.044118948114930834e-02,-4.740677733168560670e-02,2.166597450256004531e-01,1.118720436926540773e-01,8.144368167390954316e-02,-7.549133427143751851e-02,3.957451705037967615e-02,1.760904633464112079e-01,-2.032539029571390488e-01,-1.965686063735754691e-02,-1.025064324799824372e-01,-1.343836513077237560e-01,-1.810298777955070271e-01,6.014885916493418333e-02,9.580862706367938852e-03,-2.134009805748825761e-01,1.941310609946892418e-01,-1.778924328878295491e-01,1.035987440706032797e-01,-1.521767043504329842e-01,-4.183598865808369946e-04,-1.852013312309724324e-01,1.272533118783087010e-02,-7.566284633031862550e-02,1.073748645114588479e-01,8.333038334296005711e-02,1.737208249500999946e-01,2.897620344181003893e-02,1.075118736517791246e-01,-7.931902336780630169e-02,7.010170732112239178e-02,-1.446726593441289843e-01,1.792829140357766471e-01,1.020052351962715959e-01,1.947794452866387915e-01,8.785633068874768026e-02,-2.058168201634938688e-01,1.148122061364076629e-01,-2.291352448310737533e-01,1.932863898509417089e-01,-1.330104720067839530e-01,2.079750232658201733e-02,8.473072057785088762e-02,1.220381195726045753e-01
2.147687470501511431e-01,-5.252582292884086339e-03,1.626968058060089817e-01,-1.731523957624933607e-01,4.408601639926821442e-02,2.059164342862994379e-01,-1.627576121407301180e-01,-1.694894945480656945e-01,-4.329404736642573220e-02,-1.126115622632309771e-01,-1.610782991372344819e-01,-1.358409794450564645e-01,-8.122894500485784708e-02,9.736842878737551887e-02,-2.064433127922078726e-01,-6.960372068558896841e-02,-1.849197650177605845e-01,1.056436176806591076e-01,1.439698575186938723e-02,8.053017593297891186e-02,-2.820276479861763552e-02,5.679392695764459709e-02,1.434766688996151340e-01,8.792488964080229924e-03,-1.639865466722180976e-01,1.747474694824392161e-01,-1.047625291782634388e-01,8.419503415382745271e-02,-1.990267229256197923e-01,1.899350860256105444e-01,-1.725017741699072793e-01,1.180535934057911629e-01,5.047895985892640602e-02,1.147508901089035610e-01,2.510026934774571561e-02,-6.874016696396650916e-02,4.550492928114428792e-02,8.898974775817945770e-02,-6.466520646823042950e-02,-2.649055322398949017e-02,1.425943877150693540e-01,-7.077289197618227834e-02,1.091559705907626104e-01,-5.421307431665559756e-02,1.536018964360648664e-01,-1.115127873911368576e-02,-1.394175783668951951e-01,-4.512754943052772749e-02,-5.861110754029691394e-02,2.147510992840280797e-01,7.943935360295736881e-02,1.324607630641405076e-01,5.548699860791501959e-02,6.233590776594650357e-02,-1.847659232489882730e-01,-2.336290579437955844e-02,3.103492847721386547e-02,-3.478571799540775694e-02,-2.057178985352774853e-02,1.493930028422859047e-01,-1.627103205321250023e-01,6.461088743614734620e-02,-1.453347924748687459e-01,1.261637406151034646e-01
-2.127965732708375635e-01,1.814288239764545452e-01,-1.874278616145757526e-01,-1.012920949297190093e-01,1.825015056768603261e-01,6.481831552236386185e-02,-1.870520203707114193e-01,1.152503363457537677e-01,4.210175083235106336e-02,-7.500851368657351914e-02,-1.977897189851739179e-01,1.294302089895888741e-01,-6.438533384904507328e-02,-1.717497169182365946e-01,7.359440062078362321e-02,2.198025469582367553e-01,7.219601783462115119e-02,6.350379106009373942e-02,-2.110085312836222360e-01,1.508826552319908199e-01,2.289456328252151632e-02,4.250340027596579556e-02,-9.728953751527127936e-02,-1.804052787145429548e-01,-2.301072538753176980e-02,-1.579349769285808558e-01,-9.822155765219821311e-02,-1.620855237868176202e-01,6.627981884146857960e-02,-1.739120251997618438e-01,7.773224314276604152e-02,4.740530142930227293e-03,-9.217327435322331119e-02,7.866147110951303423e-02,9.096604979755915088e-02,-8.654814077963607355e-02,6.374569761692539839e-03,1.427421314858786094e-01,1.345313436576360544e-01,1.494252785114182913e-01,1.352846449497293324e-01,1.440514823706886827e-01,1.927079075495845006e-01,-2.302350161273690743e-01,-1.766615085937799923e-01,-5.554418650190962731e-02,-1.499198720007391961e-01,-2.501550761234893130e-02,3.773258722047637126e-02,1.578136482729591006e-01,9.943640079528144604e-02,4.108000413176678134e-02,-2.128455678144779706e-01,-9.936377177499286506e-02,1.420868288601433715e-01,-2.250581680757290648e-01,-1.200811164319903895e-01,7.688337155961463831e-02,3.538450635292328394e-02,-6.407292467073096021e-02,1.220534283174660173e-01,1.480405414012175291e-01,7.063949343484514365e-02,-8.553528800933031528e-02
2.144224821744422985e-02,-1.205562709431754337e-01,2.149123085222769680e-01,-4.121378713562184881e-02,-1.464429523242523346e-01,-4.447685189643241915e-02,-8.027691137046222281e-02,4.134037409787496599e-03,1.757635629584324566e-01,1.291237544441207474e-01,-1.709777046994303551e-01,-9.051370122241110538e-02,-1.313293182422806682e-01,-1.013738955837345940e-01,1.336791562992710181e-01,-3.014943569283791425e-02,-1.663764018381287402e-01,-7.238168988329622688e-02,-2.021609749916266352e-01,1.911054877722755951e-01,-5.985564308261163285e-02,1.469643059469076529e-01,-2.091882571446057326e-01,-1.113041193658149131e-01,-8.971829357068369926e-02,-3.680561870048539713e-02,-1.854618448800066099e-01,-2.370002527560164524e-02,-3.193299990566070279e-02,1.616521061917859658e-02,-1.316674068743934889e-01,8.868061325053046284e-02,1.641575752505841090e-01,-1.190856095845145429e-01,-4.766122853789891284e-02,6.293473556154108306e-02,1.307562804645399923e-01,-4.122906346088082985e-02,1.541940240412780494e-01,-2.157549423126463861e-01,-2.047668931205070819e-01,3.658776987718815460e-02,-5.840660455052048422e-02,-4.477216251018216464e-02,9.038135250105858165e-02,-8.302341046517960899e-03,1.261162960009210021e-01,8.953230745458053141e-02,-1.570613284729304449e-01,-1.797114812614999946e-01,8.218408268825973251e-02,-1.094811242422295966e-01,1.144055762702133605e-01,1.685823267106059953e-01,-9.983058430075622547e-02,-1.816356645232166112e-01,-2.960731644905831295e-02,1.071274668011756026e-01,-1.444598684595605476e-01,-1.295786670461264445e-01,-2.013175577804451888e-01,-1.373751137379954634e-01,-1.749839858594736397e-01,2.143095733439720832e-02
-1.943793784968866345e-01,-1.767917604929643838e-01,2.258050394821936591e-01,1.688022259291026284e-01,6.836612086084954860e-03,-4.945963097731236567e-03,-1.906132897992582897e-01,-2.329355842686539335e-01,-1.273260841999249715e-01,1.001885153287973423e-01,1.351837963738815838e-02,-1.387100883346794877e-01,5.647132120847105780e-03,8.327141482773973979e-02,1.589964591204608146e-01,-1.192852879396759380e-01,2.500228146238118662e-02,4.115255615119237619e-03,-1.508000668176472103e-01,-1.134471631914806683e-01,1.491646270916120454e-01,3.786705509509765560e-02,-1.796733884031447015e-01,-1.382880469858803474e-01,-1.514379576424713381e-01,1.484504787478788460e-02,-9.090097018588723377e-02,-2.580489853815782358e-02,-1.553545359494744316e-01,-1.835478318190408853e-01,-3.126102097968561089e-02,-1.782388053257132066e-01,1.938996990094172257e-01,1.934077243164977755e-01,1.257366776192752333e-01,-1.982064008320141846e-01,9.128284203754329085e-02,1.724647929659620937e-01,3.188457216123587179e-02,1.237042327580953616e-01,1.162044485584362991e-01,-6.097144601407065989e-02,5.214300153991976994e-03,2.168006293760721126e-01,1.333301426910584175e-01,-1.424831359584252666e-01,1.171480140782373974e-01,-1.780080261592154600e-01,-1.661357817006740289e-01,-1.936454816712982197e-01,1.982626796743342246e-01,-2.287286388971934703e-01,1.616030658514693852e-01,6.265096546152063017e-02,3.994713316545116071e-03,1.650706384169709495e-01,-1.781977395467060007e-02,-6.728253750805752997e-02,6.797140711864486755e-03,1.709886951748899320e-01,1.410126132091085900e-02,-1.677942720577696722e-01,-2.304665047992987270e-01,4.004180635062123961e-02
1.420747138118592101e-01,1.186091643394902584e-01,1.216017109340456759e-01,-2.234414509009128857e-01,4.291583013626719401e-02,-1.652586710652505508e-01,-1.165756275087398569e-01,8.632582575539456127e-02,-1.927355166314765889e-01,1.275417105661526829e-01,-1.561456034881606170e-01,5.122277165771203788e-02,-6.759236657669619175e-02,-1.700800080556521543e-01,-2.054644342318771161e-02,-4.816573277298877992e-02,2.757572199988824954e-02,8.225118195890079864e-02,2.458322927939285765e-02,-1.729763108592297649e-01,2.214675092380996024e-01,2.482415907966186580e-02,1.663332181868532600e-01,-8.592838444114150875e-02,-4.948384906518581150e-02,1.519915156169025566e-04,1.499264497736376989e-01,2.971426120937667795e-02,-3.749553952789209943e-02,-7.887871009429803237e-02,-7.759911064430176364e-02,-7.659231384385832564e-02,-1.394240211247974905e-02,-2.181032548659188053e-01,2.138129814137264273e-01,1.529031437750517919e-01,-6.102839652010214576e-03,3.020018759817837961e-01,8.249678346029773457e-02,9.109807573054909402e-02,6.177065552155322492e-02,-4.740562303576296987e-02,-5.451792999700992570e-03,1.422641048540842779e-01,5.165100870360409338e-03,1.346332468485870182e-01,-4.768743697046980146e-02,-1.593215309093050924e-01,1.512629867054408883e-01,-1.579612764132103386e-01,5.573027776098345848e-02,-4.399138861466835027e-02,1.172182211728639428e-01,4.397086256711953134e-02,1.692548237244916598e-01,2.437477018369456905e-01,7.855801622284684649e-02,-1.933346092402969119e-01,2.238191449223878027e-01,1.555653095398470409e-01,-1.433086421273995284e-02,-9.621810919018755626e-02,1.786195944708273697e-01,8.782015133512624527e-02
-2.107205350800659682e-01,-4.212170763981098326e-03,1.377267495536579900e-02,-5.813322011695810920e-02,-2.074325145533745807e-01,5.819328500495574846e-02,1.078548745312772096e-02,-2.150212971818063201e-01,-2.288308363303469609e-02,2.217840656448780493e-02,-1.734506524670419506e-02,1.906935572769452580e-01,2.671483168134108910e-02,-7.124931310090189263e-02,-1.572393200313373096e-01,-1.338285488450489391e-01,4.664858911592982549e-02,-9.097059503459033192e-02,-7.767804501488832780e-02,-2.164545388183659880e-01,5.838639570392193529e-02,1.895412406223001556e-01,1.919464860423407719e-03,-2.144358431108063234e-01,5.823886472174510248e-02,-1.713428657034993530e-01,-7.020097244031439643e-02,-2.118382446450096240e-02,-7.213551673449319912e-02,-4.592144529545280629e-02,-1.482657493874587340e-01,-1.041851868944839998e-01,-1.605756966997668733e-01,7.247167090513247090e-02,6.720354624539073840e-02,-6.673811012906567808e-02,-1.422984041552912693e-01,1.648218465281412193e-01,2.093930574428318203e-01,1.328340838633240428e-01,-1.282472671865026170e-01,1.181554713248182537e-01,-2.054050310826751116e-02,-8.585430574670836756e-03,-1.594498844650796554e-01,1.618182237873815599e-01,-1.107802796562361997e-01,1.982494275814786211e-01,2.362000290851196810e-02,1.558149441279699232e-01,1.784754560059634565e-01,1.832721650272662872e-01,9.278669197760464060e-02,-2.141958930543464146e-01,4.110973937773811267e-03,-3.982490272777885337e-03,-2.951782358465702277e-02,-1.603107098918507556e-01,7.156643509671220538e-02,2.244813005333645001e-02,8.646523364777963794e-02,-1.131185018621972960e-01,2.415092013953421338e-02,1.935365812331230340e-01
1.863465467788955887e-01,-1.007802673586879055e-01,3.518712706714698102e-02,-1.210640884270216128e-01,-2.637590203078977666e-02,-1.054045631635222302e-01,1.833973873599332172e-01,1.689791313010498286e-01,1.092132062904421635e-01,-3.548451178077150631e-02,-1.981353875240728923e-01,1.682433464695604619e-01,1.626683437186397241e-01,-1.267378119423616945e-01,2.082313478415535879e-01,-1.857879655024032295e-01,1.559849216805953842e-01,-9.255528728048405263e-02,-3.106357224272954243e-02,6.790022000498853461e-02,5.028498083808511515e-02,9.298925266187668681e-02,-6.091905443585850927e-02,-7.955023958119637750e-02,5.929098462730915398e-02,5.317702223731170241e-02,1.257390287210612412e-01,2.054329377943995560e-01,-9.519073291545523952e-02,-1.548929332729217234e-01,-1.458141315522725467e-01,1.028673174033119253e-02,1.486064031937278651e-01,3.514371141266091347e-02,-8.389147744610549878e-03,-3.051819990413038794e-02,-1.788103670085942343e-01,1.324702280397089815e-01,2.131047465409817432e-01,-2.277571511794834747e-02,7.240216501114045411e-02,3.115584064802882566e-02,-6.881441771426621834e-02,-1.263872695456700335e-01,-1.409499150951901703e-01,2.049541937250786913e-02,-2.079928336348846329e-01,1.716544376608083455e-01,7.873435553339480641e-02,1.283369030052226578e-01,1.861536077452542459e-01,-1.780416448203952784e-01,-1.425864551763739163e-01,-6.277629251473627880e-02,-1.093200438367282479e-01,1.190005209729193825e-01,1.253294330491283304e-01,6.766481879404999400e-02,2.101084729060741230e-01,8.289115709782175767e-02,4.464078958913628159e-02,1.989307482594651899e-01,-4.398589657402765529e-02,6.402161456456779975e-02
1.648386310553950906e-01,-1.900694365922832030e-01,1.757180268556612635e-01,3.087231341131855752e-02,-9.102999540067557155e-03,1.127125170954599784e-02,-1.604723269201294988e-01,-7.827358648158917742e-02,-1.455962430325384582e-01,1.970544656812489026e-01,-1.005729082884320585e-01,-7.603940303736464457e-02,5.831437938134613475e-02,-1.860878789782648979e-01,1.186827315172165054e-01,-1.514955333001621052e-01,-4.172632706748666265e-02,1.208282277836249946e-01,4.521074130575773731e-02,-1.496611145233477450e-02,1.008353270286248410e-01,-1.143621424510591206e-01,-2.065035765261896694e-01,-1.244959249638897258e-01,-4.904592633775196886e-02,2.191622978164686764e-02,5.775701097250483113e-02,-1.391436311826473038e-01,1.463779571303042981e-01,9.022002191318868880e-02,3.072278235772556328e-03,4.001729376740223443e-02,1.589810090802212805e-01,1.794095347744682489e-01,-9.108756248849636528e-02,-1.527789972116405659e-01,1.399996859077142775e-01,-1.505566492337171158e-01,1.932793934586398213e-03,-9.899810211087342604e-02,-1.679032163015282964e-01,1.607964784096273247e-01,-5.417139262486823925e-02,2.839641570858388378e-02,7.495468722080605994e-02,-2.327140227680478402e-01,-2.082421572386337627e-01,8.514093628317839779e-02,1.260012445492328381e-01,1.355645234645539987e-01,-4.498622520562838012e-02,-1.588575269617717167e-01,7.308475963499780348e-02,-1.654710908405417902e-01,1.121892641371874805e-01,1.550437135675715450e-01,-7.025801972695255859e-02,7.394316990888084862e-02,8.702765257879513383e-02,1.130409757589674880e-01,2.717997916673877690e-01,-7.368796818741595034e-02,-1.053111723106810449e-01,-1.815255921867561240e-01
-2.195088775341475992e-02,-5.705420721169182641e-02,1.647270852780626516e-01,2.032760710579865210e-02,1.995500308342315066e-01,3.657812870441421588e-02,4.515993647795944754e-02,-8.277317572752920793e-03,-2.898507841169742708e-02,1.984633596875000350e-01,-1.239030194730130485e-01,-1.438986270241033594e-01,-1.282124778866627901e-01,-1.156289985282571015e-01,-1.344469348416210686e-01,-2.508651311204532827e-03,1.713064702294361807e-02,3.071471254654791622e-02,1.400905178098867457e-02,2.708014217379603808e-02,1.509860011357863352e-01,-1.791411304184064301e-01,1.101282992513872433e-01,9.592695837078930865e-02,-1.657717240568764849e-01,-8.470827654924242833e-02,4.075605513576809058e-02,-1.453478648469063716e-01,-3.559931794131244174e-04,1.618862868522402132e-01,-7.913134743205824106e-02,7.533894338747353092e-02,9.113181936998417110e-02,5.860372189510693053e-02,-6.568716763250327662e-02,5.013748069750315062e-02,-7.774425203906155935e-02,1.708272479612797656e-01,3.666272316665761949e-02,1.495862105856799185e-01,1.685821339371390004e-01,-6.325910751486361894e-02,-8.263334940916380877e-02,7.320922817184886966e-02,-1.722334964901382215e-01,1.982962755862870685e-01,1.615729396817318364e-01,4.702678453156187294e-02,-1.008660670498978673e-01,-8.999184734231836791e-02,1.688974153578503834e-01,4.076876496853604204e-02,-7.294592708900321520e-02,-1.435889706604675554e-02,-2.166581459262829912e-01,1.191857564388986851e-01,-7.903896500678719850e-02,1.148320207256224995e-01,2.144603008579691258e-02,-1.003640360924640956e-01,4.770953442790280830e-02,-5.103687065523258154e-02,5.651440715868018272e-02,1.698705546638437924e-01
2.037455505216191065e-01,2.108290596836475284e-03,1.088270790132009197e-01,1.201200267038039782e-01,-1.210482013772890553e-01,-2.481627740863269135e-02,-6.649747838308014969e-02,2.459586996548841775e-01,-1.244514453957539790e-01,1.272364096792139021e-01,1.311803401265664547e-02,1.824731014890537961e-01,-5.729496060971702581e-02,-1.723914519979621862e-01,1.578551792126549058e-01,-1.741945581148012234e-01,7.244378417894016542e-02,1.302533974492672830e-02,-1.172720591014450864e-01,-1.450706545238124034e-01,1.714167131830933444e-01,1.100143771079653554e-01,1.504577402602488290e-01,-1.262042100666314892e-01,2.675569198822519978e-01,-6.586614485679601061e-02,7.782664473343903211e-02,-5.327235559595801945e-02,4.191160087572265436e-02,-2.532773438934033533e-02,7.949607370749979529e-02,-7.933160435062246163e-02,1.079531229844838125e-01,2.101160710483746530e-01,1.918726143527212935e-01,1.637162817968415285e-01,-1.211612448032105549e-01,1.737157219739441927e-01,-1.643454552397352331e-01,-1.415711215680607593e-01,-1.753352183918950591e-01,2.307177635185451992e-02,-1.982893207701429406e-01,-2.696550011291550322e-02,-4.089535660830023733e-02,-7.241670961673905837e-02,-2.000595914046338630e-01,-2.803584945317900631e-02,-4.448636031314043282e-02,-2.304602372991443882e-01,-7.821281477725784692e-02,1.654317990778742253e-01,-1.493639153364452465e-01,-1.034846885144811018e-01,-1.181920168365992313e-01,-1.931539087129097998e-01,2.025486678736352630e-01,1.132114179579061242e-01,4.611849209269756195e-02,8.711174274290961472e-02,-1.380138965791385675e-01,1.954517020678826072e-02,7.916813618166646319e-03,9.263053941809140657e-02
7.578442558457573752e-02,-4.579905457734007729e-02,1.506463660876376509e-01,-2.339153159965757234e-01,-2.892529108869171944e-02,4.907373454224978060e-02,1.696034798922462505e-01,-7.350863486718568762e-02,-1.070690598835804391e-01,-1.846962325900486021e-02,-3.337960220526927507e-02,-2.324144802760159251e-02,-1.706269832575418310e-01,-9.046916568768874345e-02,-4.367096725725475026e-02,1.113628242143572949e-01,-4.266588266916312294e-02,-1.819215733766703647e-01,-6.309507445888218324e-02,-1.431576851678015017e-01,-8.947248082069693409e-02,-1.419608428479631201e-01,1.206819569684152993e-01,-1.311478506220148388e-01,-5.248876087817786612e-02,1.763562294431215705e-01,-2.324540419686134674e-01,2.083512569975837225e-01,2.201534544530064225e-02,-7.689141287653454039e-03,1.828851580274652167e-01,3.287271689840064876e-02,-1.154889594586420640e-02,-9.263996400138745091e-02,-1.528247472246718475e-01,2.136106479700345395e-01,1.682997261147725285e-02,1.504061126198318055e-01,-1.390646522590717193e-01,-1.725619576303599745e-03,2.066533302835731611e-01,1.371173970596072378e-01,1.907769140382301054e-01,-2.905453215029177652e-02,-3.594885788229901236e-02,-4.987091526482050063e-02,-1.831060812490728773e-01,2.441551108320794833e-02,1.675324523259366094e-01,2.052247131105984501e-01,-1.255976825348473387e-02,1.642683766135024162e-02,1.121735841727984628e-01,-1.398272833393672254e-01,1.455216898279101112e-01,1.377255493529283004e-01,1.121736746714779853e-01,3.651769449307097626e-02,-1.777147077155805110e-01,-2.151059278339046421e-01,1.810648723335247789e-01,2.046430960211304828e-01,1.559424487683908622e-01,-1.639152103247876469e-01
1.519527695670708917e-02,1.692607975176409763e-01,-1.357696139622397921e-02,-1.390438658458406918e-01,-9.411612846713698910e-02,3.320970477702103740e-02,9.065420974028602641e-02,-1.996927338485388614e-01,-2.129128711179423539e-01,1.145709134369410492e-01,1.898290382048421765e-01,1.696385882649801002e-01,-8.029513388966209864e-02,-1.538518432148120452e-01,-3.347497937166830917e-02,-1.895520757344282270e-01,1.101054829973811822e-01,2.182293818322167955e-01,-1.455351179262458217e-01,-1.609831699635670688e-01,-9.479328971724612640e-02,5.483798895542412594e-02,1.135090024987193830e-01,-1.409739714410488017e-02,-8.810710861445776587e-02,-6.981552033962701298e-02,-5.935362154819453367e-02,1.586645992533752270e-01,-3.601415994523840536e-02,4.249976264536454995e-02,-1.020124409773670859e-01,-1.504635313630948712e-01,-1.159280269221962673e-01,5.096691426491442405e-03,-1.490022608535989390e-01,7.514538396999422346e-03,-2.684066387927611097e-02,-5.111411322297438470e-02,5.853917239148711399e-02,-1.067026704197935466e-02,8.452876436306114294e-02,1.586131368722084878e-01,1.693263241079349668e-01,-1.887104813379260337e-02,-9.752846179667046993e-04,-2.175991444050385804e-01,-7.009002465038489949e-02,4.859630588980483334e-02,2.316612446979980922e-01,1.346052785088985293e-01,1.299226942681908081e-01,1.188559487840615547e-01,-1.013109988733795902e-01,-1.371865696584811424e-02,1.319525269390830480e-01,3.522415492873953030e-02,-2.245782343120218405e-01,-5.701134284213710268e-02,-1.138134693002067627e-01,2.174081968751146454e-01,-3.972333520276112584e-02,2.750316331742968037e-02,-9.577474365772314230e-03,9.517571378763255152e-02
1.398537414548269020e-01,-5.932214915737041988e-02,5.658412349586607742e-02,1.617930801798525553e-01,8.395486122986960120e-02,1.138679993581987737e-01,-1.923380654795454892e-01,1.668977548401140154e-01,1.420150276869097672e-01,-3.220646995174824417e-02,-1.726702354855823018e-01,1.191109055818378309e-02,6.124346494669121767e-03,-4.399644704933694181e-03,-9.061624590150968439e-02,2.292960702093674308e-01,1.241054325110508977e-01,1.242402017798704544e-01,1.527992127634990038e-01,-5.072599575148700052e-02,1.145244901726721470e-01,1.021031717278273743e-01,2.074407565563748113e-01,1.541736998123341765e-02,1.264564030550080487e-01,1.040647818908377459e-01,1.045358837262765628e-01,-2.113432858184276231e-01,1.441835486996328741e-01,6.454980949858921124e-02,-7.302738737569072769e-02,1.035993402956408987e-01,-4.798839127753968398e-02,-2.004788455338133157e-01,2.010358861583412260e-01,2.062768330089262137e-01,-5.378643773267098582e-02,-1.063383526384394963e-02,-4.263459450891550484e-02,4.453833983232234617e-02,8.069001332963518514e-02,5.548880964915026831e-02,-1.428036271005081181e-01,-4.671093312034828998e-02,-1.486567254123037363e-01,3.054518006445618855e-02,-8.636902537932719670e-02,2.191083334383513159e-01,-8.466286998601525726e-02,4.678162552160917281e-03,-1.527367148907295136e-01,2.500325923317771315e-02,2.140811729758351073e-02,-5.909964824485194890e-02,5.374669819260442793e-02,2.075398766921042748e-01,-8.738544431692600936e-03,6.027028253663752749e-02,1.978468220261953570e-01,-1.210723771709453500e-01,1.147317595341958707e-01,1.383582302010926135e-01,1.851113689135552298e-01,-7.250330465935097939e-03
1.142811251270246520e-01,-9.328444996308500603e-02,1.438845941104823778e-01,-1.975134793185666926e-01,1.340378422544316328e-01,1.392405750909045115e-01,-1.476776536640737603e-01,-7.949212045282848249e-02,1.245470755925475875e-01,1.427864215750476728e-01,-1.797777265435169906e-03,2.376870994231571402e-02,-1.880697112953645944e-01,1.668886023747086778e-01,2.167876865301474887e-01,-9.879291941545903510e-02,3.425954794125784381e-02,1.226899115215365071e-02,-1.512574353410937045e-01,-4.861416981648489927e-02,-4.049451123773138012e-02,-1.388504609443386335e-02,-1.117230506549659191e-01,1.510471710945487933e-01,6.506720944930942385e-02,-1.619151853916923067e-01,-1.181997797716740767e-01,-1.599866633828996854e-01,8.883136275542032056e-02,2.170253035361104088e-02,7.543235781250859362e-02,1.218650475533961108e-01,-1.663160053788462767e-01,-1.049189810917575127e-01,-2.132259940655416575e-01,7.967893445294041421e-03,6.243573466185665249e-02,1.244327911758487254e-01,-1.547523353796478318e-01,-4.693920662726811660e-02,1.061417774828601474e-01,-1.963979604826882885e-01,8.761384932737358022e-02,1.364911615191473082e-01,-1.373044511212425517e-02,-6.492619812660400946e-02,-2.065110512364858597e-01,1.236890520367829732e-01,2.192377879588705211e-02,1.581234604619679851e-01,1.140829462774198277e-01,-1.793150941039193744e-02,-1.843926643219809258e-02,1.836072708906890116e-01,1.597853068440875379e-01,-1.805332952395484469e-01,1.405615418397398730e-01,1.981032818899128023e-01,1.192154421827251315e-01,-1.514257194446417543e-01,4.306576704786296145e-02,-2.004569550824559232e-01,5.837276902533321266e-02,1.615992543712819196e-01
-9.070181938218216389e-02,1.990234303773522340e-01,3.863549835367759838e-02,6.999729449574845774e-02,-1.050997154307112408e-01,-8.826383793295164079e-03,-8.974040292364648952e-02,-1.146226734426967764e-01,-9.264774778934882493e-02,-1.533169616000988333e-01,1.924564418322165585e-02,1.987540830926033397e-01,1.882020336028821517e-01,-1.876130068185889038e-02,2.152758840276107824e-02,2.270358279156254808e-02,9.681071031521204517e-02,-5.547891385990856572e-02,-7.938923235641921761e-02,1.699303665628966176e-01,-1.590867216953439078e-01,9.498534577211770191e-02,1.254996668381689329e-01,1.490319204154463562e-01,3.441954608167254945e-03,2.275801404831451213e-02,1.298421425611675506e-01,-6.609071942783323328e-02,9.584889962801190766e-02,-6.616141301108073580e-02,-1.719552107859223244e-01,-3.026336500601783247e-02,1.354810410520904951e-01,-1.801109162422961651e-01,9.374295254946608466e-03,-2.536991827531744417e-02,1.113924720548015862e-01,2.227797304516035970e-01,-1.461540205201206366e-01,-1.553945292555038438e-01,-7.271618365263805839e-02,-1.313527202152621753e-01,-2.110670748385398976e-01,2.301759734824333214e-01,-1.457106494775248055e-02,-5.708160245171441105e-02,-6.354973932251445357e-02,-1.651467276311318899e-01,-3.892149507606969955e-02,1.586020059407131921e-01,1.459102478476354773e-03,-1.466735327150870127e-01,-1.581418436520077020e-01,-1.453586430298265675e-01,-1.262792552633606458e-01,2.323746203016922307e-01,-2.171558238810865071e-01,2.029796139245281239e-01,-5.600214858038102955e-02,2.257678657777239736e-02,1.800006510483850297e-01,6.893455098827007410e-02,-1.828671041449778101e-01,1.973286703607804102e-02
1.347427232280831721e-01,9.745423498695590658e-02,-1.519077652031896597e-01,1.998293661675513422e-01,-7.351489776057901215e-02,-4.164876858434090473e-02,7.899142551823694347e-02,-7.807419335135752647e-02,1.157720771698433904e-01,-1.383129360162953236e-01,-1.462084690612757143e-01,-1.072429138629664991e-01,1.951154899504089490e-01,-1.383530049093937286e-01,3.076401354241702427e-02,-1.313902114695685297e-01,-6.879187761081098640e-02,1.446756522000588741e-01,8.292852338771772303e-02,-1.698902263616423880e-01,1.927759250321755755e-02,-1.780126505789099700e-01,4.572776637532650901e-02,-8.208605055087106472e-02,1.243095547455233957e-01,1.681622389625792025e-01,1.455792255065784524e-01,-9.328516202979747485e-02,1.530052709366093999e-01,-1.453224813446509778e-01,1.189201437528564775e-01,1.582178020461621204e-01,-1.873936015922085807e-01,-1.475270068432499027e-01,7.923785828762765215e-02,2.106867566009373027e-01,1.139583987131724957e-01,-1.214584802852348433e-01,1.277250244393864920e-01,-1.656578759783299271e-01,1.435767639113773586e-01,-8.773926162180101240e-02,-1.500691948413931942e-01,-1.283817545154756767e-01,-1.761981457440248422e-01,1.555421732647071509e-01,1.289011491494554962e-01,-1.867388130964147686e-01,1.425675752823095666e-01,-1.780550037261719454e-01,-5.626175527554919120e-02,-5.840079858886372544e-02,-1.043971086607393961e-01,-1.424842616873233103e-01,1.331177373957516952e-01,1.983537604044083580e-01,2.239884340839710664e-01,-4.579818129509360958e-03,1.042814632606933883e-01,7.326901813791469875e-02,-1.147329764618218867e-01,9.424443865544943066e-02,-1.393499817115231298e-01,-1.605819603928688444e-01
1.019122391160754842e-01,-9.205719635627471198e-02,1.634189902637389613e-01,2.057732290124641150e-01,-2.749635387419666066e-02,-1.949061183024225763e-01,-3.306530697823287235e-02,-1.586976329464600058e-03,3.482742589509506270e-02,-1.172260228963017681e-01,-1.033891163216495851e-01,-1.089548993087255530e-01,1.756114215569558323e-01,8.262342640446668218e-02,-8.736716970723296116e-02,-6.515502120523887497e-02,-3.818689041639535681e-02,-1.668587640667188732e-01,1.375283834044858065e-03,4.642761646676747678e-02,-1.535155825960198839e-01,2.036711693697838832e-01,6.032677669914376234e-02,-1.450220167410870564e-01,-7.077828265961816356e-02,-1.224565658481649028e-01,-2.002336301950186914e-01,6.580855059715810459e-03,-1.470438024135326538e-01,5.837013015149132567e-02,3.101035758015091917e-02,-1.901975452467044858e-01,1.029446882213683190e-01,4.165399177629389160e-02,-6.103741523139982056e-02,-1.858618141675093816e-01,-1.785856038633897858e-01,-7.633054632813966733e-02,-6.925693063535662275e-02,1.812140493790265483e-01,1.811492197193598219e-01,4.585496603433029950e-02,-3.934728467979082406e-02,-2.261455173177308597e-01,-8.251436637500315918e-02,8.883745427249443993e-02,1.545092833638860852e-01,3.009950371015538556e-02,-2.287536525013278976e-01,4.765513523483364683e-02,-4.301312032174231526e-02,-1.350232300352618153e-01,6.952540725256470266e-02,-1.392306171574696216e-01,4.080355349456980807e-02,-6.425143932289900661e-02,1.715602598840452742e-01,-2.250587925492994745e-01,1.318889443074155177e-01,-1.999692333714649384e-01,1.141213152382640622e-01,9.609551963801127306e-02,3.667936776727948739e-02,1.099260475083056604e-01
2.080001267042611846e-01,-3.251155755816515641e-03,-1.646030847857297419e-01,3.585527193612348534e-02,-1.427724894124369481e-01,8.182703621767252467e-02,1.982997559024426981e-01,1.199934706311194949e-01,-6.526751892726226356e-02,1.941622165630574604e-01,-1.454810502916275283e-01,-1.936031277934235073e-01,1.361609830217707928e-01,-4.995564430894335051e-02,-7.935993826102282628e-03,-3.750386960866337882e-02,-2.033046703325409321e-01,-2.143120116827590405e-02,1.470983566289173483e-01,-8.292168148933622140e-02,1.753346085356377038e-01,-3.515475792938861643e-02,1.047958890553395694e-01,-1.501540194866834710e-01,-8.207846375728547472e-02,1.359067531476285395e-01,-5.519035132562585301e-03,-1.690349593577802623e-01,-1.016243112556389494e-01,2.029904798891904449e-01,-2.007524264178767448e-01,9.784745403911948580e-02,7.004740252342868401e-02,-1.336997118438348342e-01,-1.070233505610485580e-01,-1.974826470155582325e-01,-7.019224378239265205e-02,4.513766082632281185e-02,1.914779804111306771e-01,9.077202165634572217e-02,-2.350182484703458932e-02,-8.615930753605376136e-02,-1.276871704028565147e-01,2.257952684169126645e-01,-9.986299961764422140e-02,2.158351846355381631e-02,1.803932800717477081e-01,1.909454962429503466e-01,-1.600326795537132807e-01,1.900642146902322416e-01,-4.744693263134059508e-02,-2.176899485173700854e-01,-3.268012031436059311e-02,-2.264245935296126944e-01,-1.207946750553023745e-02,2.510257723505194757e-02,-2.310949291133930217e-01,8.722283882949324885e-02,-4.558183984095091901e-02,1.382709687512435615e-01,-1.282873514945633009e-01,1.984910354577001657e-01,-1.882078970516145588e-01,1.006652539075463815e-01
-8.707710444329708199e-02,-5.472007272883042117e-02,3.167609090653978471e-02,1.703789039014289575e-01,8.249655244941528701e-03,5.287940800613390169e-02,1.200427145786583522e-01,1.160867035308793677e-01,-3.337095807136648828e-02,1.804238928253211471e-02,-1.905009147922831492e-01,7.244145995211816180e-02,-1.688341916427079370e-01,1.966242315840994459e-01,4.252907272747224326e-02,-2.527596974245972100e-02,1.160227101786370507e-01,2.018106096701613450e-01,1.400269467525282752e-01,1.675131675994945002e-01,-1.195742023824532124e-01,8.015585737365490959e-02,-1.987834041962778242e-01,-9.172686079723826880e-02,2.382776122086821546e-01,-3.919407067041477677e-02,-2.707185167153378785e-02,1.585123726006705813e-01,2.402987668710601377e-01,2.112651286462049471e-01,2.197627442702326794e-01,1.227697544732676005e-01,5.820709117556310472e-03,-6.857390568975893497e-02,-1.225098611020131872e-01,-5.423614399676743997e-02,-1.318833593393842485e-01,-1.935029708189281742e-03,-8.354965389808081955e-02,-6.218603043556231169e-02,-4.534379080703229703e-02,-1.990349422482949049e-01,1.056874453193182850e-01,1.788667222822669725e-02,1.864711456416565452e-02,-8.893094848443182376e-02,2.086893402701213984e-01,-7.493182771985225366e-02,6.860067965067594142e-02,-1.789370249880802705e-02,-5.926472762049451309e-02,-1.507478419629729692e-02,5.127913935428008579e-02,-3.864852670800062590e-02,1.487124379604372881e-01,-1.870068906263470665e-01,1.245922299397823202e-02,6.624648511639577575e-02,1.181843625506095313e-01,-9.191275342117191660e-02,1.125936578753807260e-01,7.256110999752168715e-03,-1.260057597073975522e-01,1.486826245800164092e-01
-1.822626621727429785e-01,-2.051844648925483516e-01,-1.064798092782280325e-01,2.220791034623397636e-02,-1.297985056415730705e-02,-1.287223569985502802e-01,1.046740105098303425e-01,-3.419949333018445364e-02,-1.565488133024207362e-01,-1.667252297082066070e-01,-2.178813754737605191e-01,-7.968970933931462941e-02,-1.233971352382169512e-01,2.131400357103092058e-01,1.944132589934493768e-02,2.219401321952866601e-01,7.345812288850289695e-02,-8.314950839753550149e-02,1.810519022538904232e-01,1.996352522431793786e-01,1.581487161927015439e-01,1.221232992115244137e-01,-6.072323019633957264e-02,1.957129369149225862e-01,-8.518483099523281588e-02,1.347306047931549899e-01,5.376572854464280182e-02,-1.124640330584171233e-01,1.515115180669725226e-01,-1.624818926080930093e-01,2.873248105307385503e-02,-7.641889220289015128e-02,-6.305472713154951225e-02,8.897060184738453392e-02,1.123670763534397321e-01,-2.542541567568846680e-02,-8.518602732900150409e-02,1.058521967394025765e-01,-2.012409146848303521e-01,4.484390609334712452e-02,-2.193347098536271300e-01,5.871305685865469554e-02,2.405461696805095279e-02,-1.350259304773554769e-01,6.862182609407069256e-02,7.163116482684063480e-02,-2.149546085916941296e-01,-9.452215297114508266e-03,3.634324159977336127e-02,1.238792893314000776e-01,2.129346442156189456e-01,3.145584531131174338e-02,1.484576890200051957e-01,3.230811348671395675e-03,-1.699162921875518317e-01,-3.007010444123074319e-02,-2.773879178022199965e-01,-8.646100226928937760e-02,1.418418146481526532e-01,-4.979528353744872710e-02,1.267733016043836591e-01,2.219080368584541163e-01,-1.353325451599604878e-01,2.072309306360350656e-01
-2.883542103394879253e-03,5.823555817996044215e-02,-1.039115314220285385e-01,-1.810536117436823689e-01,3.631256986654270852e-02,2.222600825656529874e-02,1.378459940218351443e-01,1.899282762513221923e-01,-4.980414276683219066e-02,1.639247437573810307e-01,7.892282573705088067e-02,6.585113705182199170e-04,1.059623339963489674e-01,-1.316938762231894544e-01,-7.942488426299947057e-02,8.178274274019285695e-02,-1.601152916618231795e-02,-1.497017854953350854e-04,7.801049916237229320e-02,-1.759140321502254689e-01,8.827701033803526942e-02,-1.665868773850509299e-01,8.640027645798638301e-02,1.791222457995796380e-01,-1.079354714912728330e-01,4.006931229018269314e-02,1.201579686577259887e-01,-5.779771568972159185e-02,1.857997735688621810e-01,-1.124713596034501994e-01,-1.481411047331929742e-01,-9.257739838532932919e-02,6.418368151783634956e-02,1.327383307274777047e-01,7.174922278310594259e-02,8.803140215909890931e-02,-8.475644133347907949e-02,-8.355690532031863349e-02,1.839009372256205158e-02,7.854330566801837749e-03,-8.006290885597318330e-02,2.130014082899310268e-01,-9.375208489527732045e-03,-8.466965922671480793e-02,-1.633331042047415083e-01,1.524217799953559160e-01,1.809625215711557489e-01,6.247334118940293252e-02,-1.120367545846378231e-02,-1.671746657356070198e-01,-1.882396704469911919e-01,5.170143500385535398e-03,-1.966970884530594987e-01,-6.323772835977747864e-02,-1.900955013482979452e-03,-1.722180337953470031e-01,2.004352938050061317e-01,2.042037796556213369e-01,-1.928121993361139042e-01,-1.644097574380616253e-02,2.110019521907449402e-01,-1.928987851661076447e-01,-5.805445753979498330e-02,1.975611303687941148e-02
1.205214406363455948e-01,8.001255335704350602e-02,-2.143478463112218346e-01,-1.820743609225172477e-01,6.550455065584583070e-02,1.696103706617464735e-01,-1.752014674626042046e-01,-2.001840832905389667e-01,9.410528168470864985e-02,1.690989777691684071e-01,-2.205430673025817606e-02,-7.717355644121545732e-02,-6.013272263552398023e-02,1.598471102067081373e-01,8.086726703678025208e-02,1.116915954160305480e-01,-2.010191316536372175e-01,1.503015790050190870e-01,-1.002847546894351932e-01,-1.257360035627527739e-01,-2.133900767010168120e-01,-1.995616564129741935e-02,-1.654850345458231675e-01,4.849722074180145420e-02,3.621142472765834230e-02,1.948807723619145338e-01,6.982776086577198449e-02,-3.286980031186657186e-02,-1.476855833924319295e-01,5.722302218436143423e-02,2.314710638244315000e-01,-9.756442964787091776e-02,1.714360716772954374e-01,1.958787317564264774e-01,-8.561628862832461329e-02,1.756173795564719142e-01,9.387408929432473903e-02,2.236811395905038136e-01,8.918780528971329002e-02,1.196113598840322229e-01,4.175980227321054311e-02,1.712532802320120007e-01,7.221464096480872952e-02,-1.003014693260581292e-01,-3.500093232704611784e-02,1.467238577862079729e-01,-2.836813202095566158e-02,1.803538095284025131e-02,2.058569271269669598e-01,1.542318730245602898e-01,-1.969921379391737226e-01,1.007728132643812280e-01,-2.751294181898203406e-02,1.966718436135030112e-01,3.381706983055134119e-02,7.100504827774875571e-02,7.757876100548066756e-02,1.949739951246523828e-01,4.460080131946739940e-02,-3.311029536788590716e-02,-1.262704437476419583e-02,-7.923907208572916749e-02,2.416422784781259783e-02,1.063247718765939487e-01
